employee_id,first_name,last_name,gender,birth_date,hire_date,department_id,job_level,employment_type,country,city,salary_clp
1,Emp0001,Gonzalez,M,,,9.0,IC1,Part-time,Chile,Concepcion,701800.0
2,Emp0002,Munoz,F,,,2.0,IC3,Full-time,Chile,Santiago,2257926.0
3,Emp0003,Silva,M,,,3.0,IC2,Full-time,Chile,Valparaiso,1625610.0
4,Emp0004,Soto,F,,,6.0,IC1,Full-time,Chile,Santiago,835012.0
5,Emp0005,Soto,M,,,5.0,M2,Full-time,Chile,Santiago,4555466.0
6,Emp0006,Munoz,M,,,5.0,IC3,Full-time,Chile,Concepcion,2366618.0
7,Emp0007,Gonzalez,M,,,4.0,M1,Full-time,Chile,Santiago,3079903.0
8,Emp0008,Silva,F,,,7.0,IC2,Full-time,Chile,Concepcion,2108366.0
9,Emp0009,Rojas,F,,,9.0,M2,Contractor,Chile,Santiago,4607440.0
10,Emp0010,Gonzalez,M,,,10.0,IC1,Full-time,Chile,Santiago,1382122.0
11,Emp0011,Diaz,M,,,5.0,IC1,Full-time,Chile,Concepcion,735947.0
12,Emp0012,Castillo,M,,,9.0,M1,Full-time,Chile,Santiago,2833790.0
13,Emp0013,Silva,F,,,7.0,M1,Contractor,Chile,Santiago,3315016.0
14,Emp0014,Munoz,F,,,2.0,IC2,Full-time,Chile,Santiago,2063714.0
15,Emp0015,Silva,M,,,8.0,IC1,Full-time,Chile,Santiago,847516.0
16,Emp0016,Munoz,F,,,4.0,IC2,Full-time,Chile,Concepcion,1635844.0
17,Emp0017,Diaz,F,,,7.0,IC3,Full-time,Chile,Santiago,1991226.0
18,Emp0018,Rojas,M,,,8.0,M1,Full-time,Chile,Santiago,3020344.0
19,Emp0019,Munoz,F,,,10.0,IC2,Full-time,Chile,Santiago,1648278.0
20,Emp0020,Soto,M,,,10.0,IC1,Full-time,Chile,Santiago,976847.0
21,Emp0021,Diaz,F,,,9.0,IC3,Full-time,Chile,Concepcion,1973619.0
22,Emp0022,Perez,M,,,6.0,IC3,Full-time,Chile,Concepcion,1968021.0
23,Emp0023,Rojas,M,,,5.0,IC2,Full-time,Chile,Santiago,1128498.0
24,Emp0024,Castillo,M,,,5.0,IC3,Full-time,Chile,Santiago,2419146.0
25,Emp0025,Munoz,F,,,10.0,M2,Part-time,Chile,Santiago,4649395.0
26,Emp0026,Silva,M,,,3.0,IC1,Contractor,Chile,Concepcion,1248138.0
27,Emp0027,Soto,M,,,6.0,IC3,Full-time,Chile,Santiago,2072706.0
28,Emp0028,Munoz,F,,,7.0,IC3,Full-time,Chile,Santiago,2551488.0
29,Emp0029,Diaz,F,,,1.0,IC2,Full-time,Chile,Santiago,1776695.0
30,Emp0030,Soto,F,,,7.0,M1,full time,Chile,Antofagasta,3201824.0
31,Emp0031,Soto,M,,,3.0,IC3,Full-time,Chile,Santiago,2260793.0
32,Emp0032,Rojas,M,,,3.0,IC2,Full-time,Chile,Santiago,1437721.0
33,Emp0033,Gonzalez,M,,,7.0,IC1,Full-time,Chile,Concepcion,1148040.0
34,Emp0034,Diaz,M,,,1.0,IC3,Full-time,Chile,Antofagasta,2704312.0
35,Emp0035,Castillo,M,,,2.0,IC1,Part-time,Chile,Santiago,1384464.0
36,Emp0036,Gonzalez,M,,,5.0,IC1,Full-time,Chile,Valparaiso,1035947.0
37,Emp0037,Munoz,F,,,6.0,IC2,Full-time,Chile,Santiago,1734655.0
38,Emp0038,Munoz,M,,,2.0,IC3,Full-time,Chile,Santiago,2024642.0
39,Emp0039,Perez,F,,,4.0,M2,Contractor,Chile,Santiago,4682517.0
40,Emp0040,Silva,M,,,4.0,IC3,Full-time,Chile,Valparaiso,2092286.0
41,Emp0041,Rojas,M,,,6.0,M1,Full-time,Chile,Valparaiso,3372564.0
42,Emp0042,Munoz,F,,,4.0,IC2,Full-time,Chile,Santiago,2342268.0
43,Emp0043,Silva,M,,,1.0,IC2,Full-time,Chile,Santiago,1457497.0
44,Emp0044,Perez,F,,,6.0,M2,Full-time,Chile,Valparaiso,5230701.0
45,Emp0045,Gonzalez,M,,,9.0,IC2,Full-time,Chile,Santiago,1722659.0
46,Emp0046,Castillo,M,,,6.0,M1,Part-time,Chile,Santiago,3012594.0
47,Emp0047,Soto,M,,,4.0,IC2,Part-time,Chile,Valparaiso,1401136.0
48,Emp0048,Castillo,F,,,5.0,IC1,Full-time,Chile,Santiago,1691239.0
49,Emp0049,Silva,F,,,2.0,IC3,Full-time,Chile,Santiago,2423247.0
50,Emp0050,Munoz,F,,,3.0,IC1,Full-time,Chile,Santiago,958462.0
51,Emp0051,Munoz,F,,,5.0,IC1,Full-time,Chile,Santiago,1049135.0
52,Emp0052,Rojas,F,,,6.0,IC1,Full-time,Chile,Santiago,1207694.0
53,Emp0053,Perez,F,,,5.0,IC1,Part-time,Chile,Valparaiso,1097820.0
54,Emp0054,Soto,M,,,10.0,IC2,Full-time,Chile,Concepcion,1686475.0
55,Emp0055,Soto,F,,,7.0,M1,Full-time,Chile,Santiago,3643403.0
56,Emp0056,Gonzalez,F,,,1.0,IC2,Part-time,Chile,Valparaiso,1318007.0
57,Emp0057,Diaz,M,,,6.0,M1,Part-time,Chile,Santiago,3361158.0
58,Emp0058,Rojas,M,,,6.0,IC3,Full-time,Chile,Concepcion,2281776.0
59,Emp0059,Silva,M,,,1.0,IC1,Full-time,Chile,Santiago,975239.0
60,Emp0060,Silva,M,,,4.0,IC1,Full-time,Chile,Santiago,1368044.0
61,Emp0061,Castillo,M,,,9.0,M1,Full-time,Chile,Santiago,2834644.0
62,Emp0062,Silva,M,,,4.0,IC3,Full-time,Chile,Santiago,1708392.0
63,Emp0063,Perez,M,,,5.0,M1,Full-time,Chile,Antofagasta,3256133.0
64,Emp0064,Castillo,M,,,3.0,IC2,Full-time,Chile,Santiago,1565455.0
65,Emp0065,Soto,F,,,1.0,IC3,Full-time,Chile,Santiago,1961788.0
66,Emp0066,Perez,F,,,4.0,IC3,Full-time,Chile,Santiago,1872362.0
67,Emp0067,Castillo,M,,,8.0,M2,Full-time,Chile,Santiago,4982658.0
68,Emp0068,Perez,F,,,10.0,IC1,Full-time,Chile,Santiago,1215754.0
69,Emp0069,Gonzalez,M,,,7.0,M2,Full-time,Chile,Santiago,4504911.0
70,Emp0070,Soto,F,,,9.0,IC2,Full-time,Chile,Santiago,2148811.0
71,Emp0071,Munoz,F,,,7.0,M1,Contractor,Chile,Concepcion,3455516.0
72,Emp0072,Rojas,F,,,7.0,IC2,Full-time,Chile,Santiago,2042319.0
73,Emp0073,Soto,M,,,5.0,IC3,Full-time,Chile,Santiago,2005012.0
74,Emp0074,Rojas,F,,,1.0,IC2,Full-time,Chile,Santiago,1295652.0
75,Emp0075,Silva,M,,,5.0,M1,Part-time,Chile,Concepcion,3354269.0
76,Emp0076,Soto,M,,,9.0,IC2,Full-time,Chile,Concepcion,1703625.0
77,Emp0077,Perez,F,,,6.0,IC2,Full-time,Chile,Santiago,1912416.0
78,Emp0078,Rojas,M,,,8.0,IC3,Part-time,Chile,Santiago,1892303.0
79,Emp0079,Diaz,F,,,1.0,IC3,Full-time,Chile,Santiago,2475899.0
80,Emp0080,Silva,F,,,3.0,IC2,Full-time,Chile,Santiago,1847317.0
81,Emp0081,Castillo,M,,,3.0,IC3,Full-time,Chile,Concepcion,2534043.0
82,Emp0082,Soto,M,,,4.0,IC2,Contractor,Chile,Concepcion,1498326.0
83,Emp0083,Rojas,F,,,10.0,IC3,Full-time,Chile,Santiago,2429654.0
84,Emp0084,Munoz,M,,,5.0,IC3,Full-time,Chile,Concepcion,2106086.0
85,Emp0085,Silva,F,,,7.0,IC3,Part-time,Chile,Valparaiso,2226763.0
86,Emp0086,Silva,M,,,7.0,M1,Full-time,Chile,Valparaiso,2939266.0
87,Emp0087,Gonzalez,M,,,5.0,IC2,Full-time,Chile,Valparaiso,1410334.0
88,Emp0088,Perez,M,,,10.0,IC1,Full-time,Chile,Santiago,1039759.0
89,Emp0089,Munoz,M,,,3.0,IC3,Full-time,Chile,Concepcion,2177266.0
90,Emp0090,Munoz,F,,,1.0,IC1,Full-time,Chile,Santiago,910302.0
91,Emp0091,Soto,M,,,8.0,IC1,Full-time,Chile,Santiago,775101.0
92,Emp0092,Munoz,M,,,7.0,IC3,Part-time,Chile,Santiago,2790274.0
93,Emp0093,Munoz,M,,,3.0,IC2,Full-time,Chile,Concepcion,1474859.0
94,Emp0094,Soto,F,,,9.0,IC2,Full-time,Chile,Santiago,1682491.0
95,Emp0095,Castillo,F,,,2.0,M2,Full-time,Chile,Santiago,
96,Emp0096,Perez,F,,,3.0,IC1,Full-time,Chile,Valparaiso,1439412.0
97,Emp0097,Rojas,F,,,2.0,IC1,Full-time,Chile,Santiago,1141790.0
98,Emp0098,Silva,F,,,2.0,IC1,Full-time,Chile,Santiago,989031.0
99,Emp0099,Silva,F,,,8.0,IC1,Full-time,Chile,Santiago,991215.0
100,Emp0100,Rojas,M,,,8.0,IC3,Full-time,Chile,Valparaiso,2517352.0
101,Emp0101,Munoz,F,,,7.0,IC3,Full-time,Chile,Santiago,1561726.0
102,Emp0102,Rojas,M,,,9.0,IC3,Full-time,Chile,Santiago,2093952.0
103,Emp0103,Munoz,M,,,1.0,IC2,Full-time,Chile,Santiago,1570229.0
104,Emp0104,Gonzalez,M,,,7.0,IC2,Full-time,Chile,Concepcion,1567347.0
105,Emp0105,Munoz,M,,,2.0,IC1,Full-time,Chile,Valparaiso,1726328.0
106,Emp0106,Munoz,M,,,10.0,IC3,Full-time,Chile,Santiago,2215602.0
107,Emp0107,Munoz,M,,,7.0,IC3,Full-time,Chile,Concepcion,2547557.0
108,Emp0108,Silva,M,,,8.0,IC1,Full-time,Chile,Concepcion,1552914.0
109,Emp0109,Soto,M,,,6.0,M1,Full-time,Chile,Valparaiso,3367654.0
110,Emp0110,Silva,M,,,4.0,IC3,Contractor,Chile,Santiago,2131546.0
111,Emp0111,Perez,M,,,7.0,IC2,Full-time,Chile,Santiago,1278878.0
112,Emp0112,Munoz,M,,,9.0,IC3,Full-time,Chile,Valparaiso,2486355.0
113,Emp0113,Diaz,F,,,2.0,IC3,Full-time,Chile,Santiago,2711256.0
114,Emp0114,Soto,M,,,9.0,IC1,Full-time,Chile,Santiago,1236491.0
115,Emp0115,Diaz,M,,,8.0,IC1,Full-time,Chile,Santiago,1408362.0
116,Emp0116,Diaz,M,,,1.0,IC3,Contractor,Chile,Santiago,2947987.0
117,Emp0117,Gonzalez,M,,,10.0,M1,Full-time,Chile,Santiago,3409344.0
118,Emp0118,Rojas,M,,,2.0,IC3,Part-time,Chile,Santiago,2024842.0
119,Emp0119,Rojas,M,,,7.0,IC3,Full-time,Chile,Santiago,2312765.0
120,Emp0120,Gonzalez,F,,,2.0,IC3,Full-time,Chile,Concepcion,2642554.0
121,Emp0121,Soto,F,,,2.0,IC2,Contractor,Chile,Santiago,1537805.0
122,Emp0122,Silva,F,,,7.0,IC1,Part-time,Chile,Santiago,1476426.0
123,Emp0123,Silva,F,,,7.0,IC2,Full-time,Chile,Santiago,1583266.0
124,Emp0124,Soto,F,,,7.0,M1,Part-time,Chile,Santiago,3283587.0
125,Emp0125,Munoz,F,,,4.0,M1,Full-time,Chile,Concepcion,3112315.0
126,Emp0126,Diaz,M,,,9.0,M1,Full-time,Chile,Santiago,3239884.0
127,Emp0127,Gonzalez,M,,,1.0,IC1,Full-time,Chile,Concepcion,1153112.0
128,Emp0128,Munoz,F,,,9.0,IC2,Full-time,Chile,Antofagasta,1197865.0
129,Emp0129,Diaz,M,,,4.0,IC3,Full-time,Chile,Santiago,2189602.0
130,Emp0130,Silva,F,,,7.0,IC1,Full-time,Chile,Santiago,791698.0
131,Emp0131,Diaz,M,,,10.0,IC1,Full-time,Chile,Santiago,998223.0
132,Emp0132,Diaz,F,,,3.0,IC3,Full-time,Chile,Santiago,2101209.0
133,Emp0133,Gonzalez,M,,,5.0,IC3,Full-time,Chile,Santiago,2552955.0
134,Emp0134,Diaz,F,,,9.0,IC3,Part-time,Chile,Santiago,2555850.0
135,Emp0135,Munoz,M,,,9.0,IC2,Full-time,Chile,Santiago,1740074.0
136,Emp0136,Perez,F,,,3.0,IC2,Full-time,Chile,Santiago,1283088.0
137,Emp0137,Diaz,M,,,6.0,IC1,Full-time,Chile,Santiago,1075466.0
138,Emp0138,Gonzalez,F,,,4.0,IC1,Full-time,Chile,Santiago,763202.0
139,Emp0139,Perez,M,,,6.0,IC2,Full-time,Chile,Santiago,1563177.0
140,Emp0140,Soto,M,,,4.0,IC2,Full-time,Chile,Valparaiso,1761855.0
141,Emp0141,Castillo,M,,,1.0,M2,Full-time,Chile,Santiago,4748026.0
142,Emp0142,Rojas,M,,,10.0,IC2,Full-time,Chile,Santiago,1718211.0
143,Emp0143,Perez,M,,,7.0,IC1,Full-time,Chile,Santiago,1414618.0
144,Emp0144,Soto,F,,,5.0,IC1,Full-time,Chile,Valparaiso,1164939.0
145,Emp0145,Castillo,F,,,2.0,IC3,Full-time,Chile,Valparaiso,2241610.0
146,Emp0146,Munoz,F,,,1.0,IC1,Full-time,Chile,Santiago,1318415.0
147,Emp0147,Gonzalez,F,,,5.0,IC1,Full-time,Chile,Santiago,1326619.0
148,Emp0148,Rojas,M,,,7.0,IC2,Full-time,Chile,Santiago,1468957.0
149,Emp0149,Munoz,M,,,3.0,IC2,Part-time,Chile,Santiago,1694746.0
150,Emp0150,Gonzalez,M,,,8.0,IC3,Full-time,Chile,Santiago,2226422.0
151,Emp0151,Munoz,M,,,4.0,IC2,Full-time,Chile,Santiago,1097851.0
152,Emp0152,Perez,M,,,1.0,IC1,Full-time,Chile,Concepcion,1210027.0
153,Emp0153,Castillo,M,,,6.0,IC3,Full-time,Chile,Santiago,1976369.0
154,Emp0154,Perez,M,,,2.0,IC2,Full-time,Chile,Santiago,1682056.0
155,Emp0155,Soto,F,,,1.0,IC3,Full-time,Chile,Santiago,1916173.0
156,Emp0156,Silva,M,,,2.0,IC1,Full-time,Chile,Santiago,920083.0
157,Emp0157,Rojas,M,,,3.0,IC3,Part-time,Chile,Concepcion,2191600.0
158,Emp0158,Diaz,F,,,6.0,IC2,Full-time,Chile,Antofagasta,1900431.0
159,Emp0159,Diaz,F,,,10.0,IC2,Full-time,Chile,Santiago,1466621.0
160,Emp0160,Munoz,M,,,3.0,IC2,full time,Chile,Concepcion,1331257.0
161,Emp0161,Castillo,M,,,1.0,M2,Full-time,Chile,Santiago,4591086.0
162,Emp0162,Silva,M,,,2.0,IC1,Part-time,Chile,Santiago,
163,Emp0163,Soto,M,,,4.0,M1,Full-time,Chile,Santiago,3397640.0
164,Emp0164,Soto,F,,,3.0,M1,Full-time,Chile,Santiago,2947030.0
165,Emp0165,Soto,F,,,4.0,IC2,Full-time,Chile,Santiago,1652713.0
166,Emp0166,Munoz,M,,,10.0,IC2,Full-time,Chile,Santiago,2217392.0
167,Emp0167,Perez,M,,,4.0,IC2,Full-time,Chile,Santiago,1540180.0
168,Emp0168,Rojas,M,,,7.0,M2,Part-time,Chile,Antofagasta,4546683.0
169,Emp0169,Perez,M,,,7.0,IC3,Full-time,Chile,Santiago,1884740.0
170,Emp0170,Gonzalez,F,,,2.0,IC2,Part-time,Chile,Santiago,1386755.0
171,Emp0171,Gonzalez,M,,,3.0,IC1,Full-time,Chile,Concepcion,1214930.0
172,Emp0172,Gonzalez,F,,,5.0,M1,Full-time,Chile,Santiago,
173,Emp0173,Munoz,F,,,5.0,IC1,Part-time,Chile,Santiago,1253608.0
174,Emp0174,Silva,F,,,1.0,IC1,Part-time,Chile,Santiago,1206235.0
175,Emp0175,Silva,F,,,7.0,IC2,Full-time,Chile,Santiago,1270493.0
176,Emp0176,Soto,M,,,4.0,IC2,Full-time,Chile,Santiago,1853827.0
177,Emp0177,Silva,F,,,4.0,M1,Full-time,Chile,Santiago,2889329.0
178,Emp0178,Rojas,F,,,7.0,IC3,Full-time,Chile,Santiago,2108770.0
179,Emp0179,Castillo,M,,,10.0,IC1,Full-time,Chile,Santiago,1157371.0
180,Emp0180,Diaz,M,,,9.0,IC2,Full-time,Chile,Concepcion,1991756.0
181,Emp0181,Castillo,F,,,10.0,IC3,Full-time,Chile,Concepcion,2049031.0
182,Emp0182,Rojas,F,,,5.0,IC2,Full-time,Chile,Santiago,1636921.0
183,Emp0183,Soto,F,,,2.0,IC1,Full-time,Chile,Antofagasta,1139005.0
184,Emp0184,Silva,M,,,3.0,IC2,Full-time,Chile,Concepcion,1764340.0
185,Emp0185,Soto,F,,,4.0,IC3,Full-time,Chile,Concepcion,2596008.0
186,Emp0186,Soto,F,,,4.0,M2,Full-time,Chile,Valparaiso,4398981.0
187,Emp0187,Rojas,F,,,12.0,IC3,Contractor,Chile,Santiago,2552962.0
188,Emp0188,Soto,M,,,2.0,IC1,Part-time,Chile,Santiago,1432580.0
189,Emp0189,Rojas,F,,,2.0,IC3,Full-time,Chile,Concepcion,2745990.0
190,Emp0190,Perez,M,,,7.0,IC2,Full-time,Chile,Santiago,1725481.0
191,Emp0191,Silva,F,,,5.0,M1,Part-time,Chile,Concepcion,3239359.0
192,Emp0192,Silva,M,,,1.0,IC2,Part-time,Chile,Valparaiso,1481354.0
193,Emp0193,Diaz,F,,,6.0,IC1,Part-time,Chile,Santiago,735253.0
194,Emp0194,Perez,F,,,9.0,IC2,Full-time,Chile,Santiago,1530512.0
195,Emp0195,Castillo,F,,,5.0,IC2,Full-time,Chile,Antofagasta,$1.628.084
196,Emp0196,Gonzalez,M,,,4.0,IC1,Full-time,Chile,Santiago,1072627.0
197,Emp0197,Perez,M,,,3.0,IC3,Full-time,Chile,Valparaiso,2449429.0
198,Emp0198,Gonzalez,F,,,4.0,IC3,Full-time,Chile,Antofagasta,1936457.0
199,Emp0199,Perez,F,,,3.0,M1,Full-time,Chile,Santiago,3154506.0
200,Emp0200,Castillo,M,,,10.0,IC2,Full-time,Chile,Santiago,2098692.0
201,Emp0201,Perez,M,,,10.0,IC1,Full-time,Chile,Santiago,1348900.0
202,Emp0202,Castillo,F,,,4.0,IC2,Full-time,Chile,Concepcion,1754048.0
203,Emp0203,Soto,F,,,10.0,IC2,Full-time,Chile,Santiago,1697671.0
204,Emp0204,Silva,M,,,9.0,IC1,Full-time,Chile,Santiago,1008642.0
205,Emp0205,Soto,M,,,1.0,M1,Full-time,Chile,Santiago,2761482.0
206,Emp0206,Perez,M,,,5.0,M2,Part-time,Chile,Santiago,4614282.0
207,Emp0207,Munoz,M,,,7.0,IC1,Full-time,Chile,Santiago,487893.0
208,Emp0208,Castillo,M,,,5.0,IC3,Full-time,Chile,Santiago,2218611.0
209,Emp0209,Perez,F,,,5.0,IC3,Full-time,Chile,Concepcion,2299085.0
210,Emp0210,Munoz,M,,,5.0,IC2,Full-time,Chile,Santiago,1488202.0
211,Emp0211,Perez,F,,,7.0,IC3,Full-time,Chile,Concepcion,2842846.0
212,Emp0212,Silva,F,,,3.0,IC1,Full-time,Chile,Concepcion,1556086.0
213,Emp0213,Munoz,F,,,6.0,IC1,Part-time,Chile,Santiago,1358203.0
214,Emp0214,Soto,F,,,3.0,M2,Full-time,Chile,Santiago,4268668.0
215,Emp0215,Silva,M,,,9.0,IC3,Contractor,Chile,Santiago,2780354.0
216,Emp0216,Perez,F,,,1.0,IC2,Full-time,Chile,Santiago,1754742.0
217,Emp0217,Gonzalez,F,,,1.0,IC2,Full-time,Chile,Santiago,1364505.0
218,Emp0218,Gonzalez,M,,,1.0,M2,Full-time,Chile,Santiago,4508179.0
219,Emp0219,Soto,M,,,,IC2,Full-time,Chile,Santiago,1839644.0
220,Emp0220,Castillo,M,,,7.0,M1,Contractor,Chile,Santiago,3050280.0
221,Emp0221,Rojas,M,,,10.0,M1,Full-time,Chile,Santiago,3235133.0
222,Emp0222,Soto,M,,,5.0,IC2,Full-time,Chile,Santiago,1679119.0
223,Emp0223,Silva,F,,,2.0,IC3,Full-time,Chile,Santiago,2024786.0
224,Emp0224,Rojas,M,,,4.0,IC3,Contractor,Chile,Santiago,2232477.0
225,Emp0225,Silva,M,,,2.0,IC3,Full-time,Chile,Santiago,2043634.0
226,Emp0226,Perez,F,,,5.0,IC2,Full-time,Chile,Santiago,1817167.0
227,Emp0227,Munoz,F,,,8.0,IC1,Full-time,Chile,Santiago,872986.0
228,Emp0228,Diaz,F,,,1.0,IC1,Full-time,Chile,Santiago,1172951.0
229,Emp0229,Diaz,F,,,8.0,IC3,Full-time,Chile,Santiago,1952461.0
230,Emp0230,Rojas,F,,,3.0,IC3,Full-time,Chile,Santiago,2016641.0
231,Emp0231,Soto,F,,,7.0,IC3,Part-time,Chile,Antofagasta,2004530.0
232,Emp0232,Munoz,M,,,9.0,IC3,Full-time,Chile,Santiago,2227606.0
233,Emp0233,Gonzalez,M,,,8.0,IC1,Full-time,Chile,Santiago,1145095.0
234,Emp0234,Munoz,F,,,7.0,IC1,Full-time,Chile,Santiago,1191189.0
235,Emp0235,Soto,M,,,7.0,IC3,Full-time,Chile,Concepcion,1856941.0
236,Emp0236,Silva,F,,,2.0,IC2,Full-time,Chile,Concepcion,1557840.0
237,Emp0237,Silva,M,,,2.0,IC3,Part-time,Chile,Santiago,2112357.0
238,Emp0238,Soto,M,,,4.0,IC1,Full-time,Chile,Santiago,1233545.0
239,Emp0239,Perez,F,,,7.0,IC2,Full-time,Chile,Santiago,1533091.0
240,Emp0240,Silva,M,,,7.0,M1,Part-time,Chile,Valparaiso,3179792.0
241,Emp0241,Rojas,M,,,,IC1,Full-time,Chile,Santiago,913763.0
242,Emp0242,Diaz,M,,,4.0,IC1,Full-time,Chile,Concepcion,1531162.0
243,Emp0243,Gonzalez,M,,,9.0,IC3,Full-time,Chile,Santiago,1979105.0
244,Emp0244,Silva,M,,,5.0,IC3,Full-time,Chile,Santiago,2200067.0
245,Emp0245,Silva,F,,,3.0,M2,Full-time,Chile,Santiago,4526900.0
246,Emp0246,Gonzalez,M,,,8.0,M1,Full-time,Chile,Santiago,3137160.0
247,Emp0247,Munoz,M,,,2.0,IC3,Full-time,Chile,Santiago,2109016.0
248,Emp0248,Soto,M,,,5.0,IC1,Full-time,Chile,Valparaiso,647079.0
249,Emp0249,Munoz,F,,,8.0,IC2,Contractor,Chile,Santiago,1427123.0
250,Emp0250,Gonzalez,M,,,8.0,M1,Full-time,Chile,Santiago,2960154.0
251,Emp0251,Rojas,F,,,3.0,IC2,Part-time,Chile,Valparaiso,$2.019.806
252,Emp0252,Soto,M,,,2.0,M2,Full-time,Chile,Concepcion,5066174.0
253,Emp0253,Rojas,F,,,1.0,IC3,Part-time,Chile,Valparaiso,2287302.0
254,Emp0254,Perez,M,,,1.0,IC1,Part-time,Chile,Valparaiso,748811.0
255,Emp0255,Silva,M,,,9.0,IC2,Contractor,Chile,Santiago,1784511.0
256,Emp0256,Rojas,M,,,8.0,IC3,Full-time,Chile,Concepcion,2054731.0
257,Emp0257,Silva,M,,,6.0,IC1,Full-time,Chile,Santiago,962707.0
258,Emp0258,Gonzalez,F,,,6.0,IC2,Full-time,Chile,Concepcion,1442788.0
259,Emp0259,Rojas,M,,,4.0,IC3,Full-time,Chile,Concepcion,2174874.0
260,Emp0260,Diaz,M,,,2.0,IC1,Full-time,Chile,Santiago,1011320.0
261,Emp0261,Munoz,F,,,1.0,IC2,Part-time,Chile,Santiago,1271625.0
262,Emp0262,Rojas,F,,,7.0,IC3,Full-time,Chile,Valparaiso,2124497.0
263,Emp0263,Perez,F,,,1.0,IC3,Part-time,Chile,Santiago,2554986.0
264,Emp0264,Castillo,M,,,2.0,IC2,Full-time,Chile,Santiago,1591611.0
265,Emp0265,Castillo,M,,,8.0,M2,Part-time,Chile,Antofagasta,4531328.0
266,Emp0266,Diaz,M,,,6.0,M1,Contractor,Chile,Santiago,2641938.0
267,Emp0267,Soto,F,,,5.0,IC2,Part time,Chile,Santiago,1836946.0
268,Emp0268,Perez,M,,,3.0,IC1,Full-time,Chile,Santiago,928620.0
269,Emp0269,Diaz,F,,,2.0,IC3,Full-time,Chile,Santiago,2580992.0
270,Emp0270,Diaz,M,,,5.0,IC1,Full-time,Chile,Santiago,1138569.0
271,Emp0271,Perez,F,,,4.0,M1,Full-time,Chile,Concepcion,3059487.0
272,Emp0272,Gonzalez,M,,,6.0,IC3,Full-time,Chile,Santiago,1880553.0
273,Emp0273,Rojas,M,,,2.0,IC2,Full-time,Chile,Concepcion,2143711.0
274,Emp0274,Castillo,F,,,3.0,IC3,Full-time,Chile,Concepcion,$2.500.812
275,Emp0275,Soto,M,,,2.0,IC2,Full-time,Chile,Santiago,1815769.0
276,Emp0276,Soto,M,,,5.0,M1,Full-time,Chile,Concepcion,3654707.0
277,Emp0277,Soto,F,,,3.0,IC1,Full-time,Chile,Valparaiso,1156022.0
278,Emp0278,Munoz,F,,,3.0,M1,Contractor,Chile,Santiago,3538100.0
279,Emp0279,Gonzalez,M,,,6.0,IC1,Contractor,Chile,Santiago,980356.0
280,Emp0280,Gonzalez,F,,,5.0,IC3,Part-time,Chile,Santiago,2484395.0
281,Emp0281,Perez,F,,,3.0,M1,Full-time,Chile,Santiago,3042476.0
282,Emp0282,Soto,M,,,7.0,IC2,Full-time,Chile,Santiago,1474035.0
283,Emp0283,Silva,M,,,4.0,IC1,Full-time,Chile,Santiago,1124250.0
284,Emp0284,Soto,F,,,4.0,M1,Full-time,Chile,Concepcion,2883150.0
285,Emp0285,Soto,F,,,5.0,M1,Contractor,Chile,Valparaiso,3282356.0
286,Emp0286,Castillo,M,,,2.0,IC2,Full-time,Chile,Valparaiso,1522010.0
287,Emp0287,Rojas,M,,,5.0,IC2,Full-time,Chile,Antofagasta,1103110.0
288,Emp0288,Diaz,M,,,6.0,M1,Contractor,Chile,Santiago,3085585.0
289,Emp0289,Diaz,F,,,2.0,IC1,Part-time,Chile,Santiago,1013736.0
290,Emp0290,Soto,M,,,6.0,IC3,Full-time,Chile,Santiago,2513209.0
291,Emp0291,Munoz,M,,,1.0,IC2,Full-time,Chile,Santiago,1671299.0
292,Emp0292,Perez,F,,,7.0,IC1,Full-time,Chile,Santiago,1461868.0
293,Emp0293,Castillo,M,,,1.0,M1,Full-time,Chile,Valparaiso,3330027.0
294,Emp0294,Perez,M,,,2.0,IC2,Full-time,Chile,Santiago,1461510.0
295,Emp0295,Diaz,F,,,4.0,M1,Full-time,Chile,Santiago,3185410.0
296,Emp0296,Diaz,F,,,7.0,IC3,Full-time,Chile,Santiago,2212988.0
297,Emp0297,Munoz,M,,,8.0,IC2,Full-time,Chile,Santiago,1721993.0
298,Emp0298,Soto,F,,,5.0,IC2,Full-time,Chile,Santiago,1614956.0
299,Emp0299,Perez,F,,,2.0,IC2,Full-time,Chile,Santiago,1442860.0
300,Emp0300,Gonzalez,F,,,4.0,M1,Full-time,Chile,Concepcion,3202150.0
301,Emp0301,Perez,F,,,8.0,IC3,Full-time,Chile,Concepcion,2415295.0
302,Emp0302,Munoz,F,,,1.0,IC3,Full-time,Chile,Santiago,2048395.0
303,Emp0303,Gonzalez,M,,,8.0,IC2,Full-time,Chile,Santiago,$1.679.252
304,Emp0304,Castillo,F,,,4.0,IC2,Full-time,Chile,Santiago,1205329.0
305,Emp0305,Diaz,F,,,1.0,IC1,Full-time,Chile,Santiago,1376393.0
306,Emp0306,Rojas,M,,,7.0,IC3,Part-time,Chile,Santiago,2431795.0
307,Emp0307,Perez,F,,,1.0,IC2,Part-time,Chile,Santiago,2007321.0
308,Emp0308,Diaz,M,,,4.0,IC2,Contractor,Chile,Santiago,1320851.0
309,Emp0309,Perez,F,,,2.0,IC2,Contractor,Chile,Santiago,1883363.0
310,Emp0310,Gonzalez,F,,,6.0,IC2,Full-time,Chile,Santiago,1833945.0
311,Emp0311,Silva,F,,,1.0,IC3,Part-time,Chile,Concepcion,2254442.0
312,Emp0312,Silva,F,,,1.0,IC3,Full-time,Chile,Santiago,2205839.0
313,Emp0313,Gonzalez,F,,,6.0,M2,Full-time,Chile,Santiago,4228713.0
314,Emp0314,Perez,M,,,10.0,IC1,Contractor,Chile,Santiago,763548.0
315,Emp0315,Rojas,F,,,1.0,IC3,Full-time,Chile,Concepcion,2112191.0
316,Emp0316,Silva,M,,,5.0,IC1,Full-time,Chile,Santiago,786056.0
317,Emp0317,Silva,M,,,9.0,M1,Full-time,Chile,Santiago,3598931.0
318,Emp0318,Silva,F,,,3.0,IC3,Full-time,Chile,Santiago,1924487.0
319,Emp0319,Castillo,M,,,5.0,IC2,Part time,Chile,Valparaiso,1637224.0
320,Emp0320,Munoz,F,,,9.0,M1,Part-time,Chile,Concepcion,3308926.0
321,Emp0321,Perez,F,,,8.0,IC2,Full-time,Chile,Santiago,1689375.0
322,Emp0322,Gonzalez,F,,,3.0,IC1,Full-time,Chile,Santiago,1211322.0
323,Emp0323,Diaz,M,,,8.0,IC2,Full-time,Chile,Santiago,1836600.0
324,Emp0324,Castillo,M,,,7.0,IC1,Full-time,Chile,Santiago,$988.519
325,Emp0325,Castillo,F,,,6.0,M1,Full-time,Chile,Santiago,3221888.0
326,Emp0326,Rojas,M,,,5.0,IC3,Full-time,Chile,Santiago,2226610.0
327,Emp0327,Rojas,M,,,10.0,IC3,Full-time,Chile,Santiago,2625631.0
328,Emp0328,Gonzalez,F,,,9.0,M1,Full-time,Chile,Concepcion,3724966.0
329,Emp0329,Rojas,M,,,10.0,IC3,Full-time,Chile,Santiago,2001517.0
330,Emp0330,Diaz,M,,,7.0,IC2,Full-time,Chile,Santiago,1092225.0
331,Emp0331,Diaz,M,,,4.0,IC1,Full-time,Chile,Concepcion,1242283.0
332,Emp0332,Perez,M,,,2.0,IC2,Full-time,Chile,Valparaiso,1867593.0
333,Emp0333,Perez,F,,,2.0,M1,Full-time,Chile,Santiago,3689244.0
334,Emp0334,Munoz,F,,,10.0,M1,Full-time,Chile,Santiago,3384473.0
335,Emp0335,Soto,M,,,4.0,IC3,Full-time,Chile,Santiago,2648945.0
336,Emp0336,Munoz,F,,,2.0,IC1,Full-time,Chile,Concepcion,1515015.0
337,Emp0337,Castillo,F,,,,IC1,Part-time,Chile,Santiago,1466194.0
338,Emp0338,Perez,M,,,1.0,M1,Full-time,Chile,Antofagasta,3420290.0
339,Emp0339,Rojas,F,,,6.0,IC1,Part-time,Chile,Santiago,779448.0
340,Emp0340,Castillo,F,,,6.0,IC3,Full-time,Chile,Santiago,2297910.0
341,Emp0341,Silva,M,,,4.0,IC2,Full-time,Chile,Santiago,1675010.0
342,Emp0342,Perez,F,,,8.0,IC2,Part-time,Chile,Santiago,1575048.0
343,Emp0343,Diaz,M,,,5.0,IC3,Full-time,Chile,Santiago,2290474.0
344,Emp0344,Diaz,M,,,10.0,M2,Part-time,Chile,Valparaiso,4891807.0
345,Emp0345,Castillo,M,,,8.0,IC3,Full-time,Chile,Santiago,2110792.0
346,Emp0346,Perez,F,,,1.0,IC2,Full-time,Chile,Antofagasta,1799763.0
347,Emp0347,Castillo,F,,,3.0,IC2,Contractor,Chile,Santiago,1679110.0
348,Emp0348,Castillo,M,,,8.0,M1,Part-time,Chile,Santiago,200000
349,Emp0349,Rojas,F,,,6.0,IC3,Full-time,Chile,Santiago,2030850.0
350,Emp0350,Rojas,M,,,8.0,IC2,Full-time,Chile,Santiago,1174671.0
351,Emp0351,Diaz,F,,,4.0,IC3,Full-time,Chile,Santiago,2421394.0
352,Emp0352,Gonzalez,F,,,1.0,IC1,Part-time,Chile,Valparaiso,1084189.0
353,Emp0353,Perez,M,,,8.0,IC1,Contractor,Chile,Santiago,893556.0
354,Emp0354,Soto,M,,,8.0,M1,Part-time,Chile,Santiago,2730974.0
355,Emp0355,Castillo,M,,,7.0,IC3,Full-time,Chile,Santiago,2408178.0
356,Emp0356,Castillo,F,,,5.0,IC1,Full-time,Chile,Santiago,1056568.0
357,Emp0357,Rojas,M,,,1.0,IC2,Full-time,Chile,Santiago,1421577.0
358,Emp0358,Castillo,M,,,8.0,M2,Full-time,Chile,Santiago,4258990.0
359,Emp0359,Gonzalez,F,,,7.0,IC3,Full-time,Chile,Santiago,2240356.0
360,Emp0360,Silva,F,,,7.0,IC3,Full-time,Chile,Concepcion,2417499.0
361,Emp0361,Munoz,M,,,2.0,IC1,Full-time,Chile,Santiago,1017504.0
362,Emp0362,Castillo,F,,,8.0,M2,Full-time,Chile,Santiago,4202868.0
363,Emp0363,Rojas,M,,,8.0,M1,Full-time,Chile,Santiago,3185469.0
364,Emp0364,Castillo,M,,,9.0,IC2,Full-time,Chile,Santiago,1861387.0
365,Emp0365,Gonzalez,F,,,6.0,IC2,Full-time,Chile,Valparaiso,1610067.0
366,Emp0366,Diaz,F,,,8.0,IC3,Full-time,Chile,Valparaiso,2317106.0
367,Emp0367,Soto,F,,,5.0,M1,Contractor,Chile,Valparaiso,3118583.0
368,Emp0368,Perez,F,,,7.0,IC3,Full-time,Chile,Valparaiso,2077584.0
369,Emp0369,Gonzalez,F,,,7.0,M2,Full-time,Chile,Santiago,4269276.0
370,Emp0370,Munoz,M,,,8.0,IC3,Full-time,Chile,Santiago,1884536.0
371,Emp0371,Perez,F,,,9.0,IC2,Full-time,Chile,Santiago,1895306.0
372,Emp0372,Silva,M,,,1.0,IC2,Full-time,Chile,Concepcion,1715614.0
373,Emp0373,Soto,F,,,8.0,M1,Full-time,Chile,Valparaiso,3220622.0
374,Emp0374,Perez,F,,,8.0,IC2,Full-time,Chile,Santiago,1673896.0
375,Emp0375,Castillo,F,,,6.0,IC1,Full-time,Chile,Santiago,1184882.0
376,Emp0376,Gonzalez,M,,,6.0,IC3,Full-time,Chile,Santiago,2116363.0
377,Emp0377,Silva,M,,,8.0,IC2,Full-time,Chile,Antofagasta,1518684.0
378,Emp0378,Silva,F,,,5.0,M1,Full-time,Chile,Santiago,3081448.0
379,Emp0379,Soto,M,,,5.0,IC1,Full-time,Chile,Santiago,1727856.0
380,Emp0380,Perez,M,,,11.0,IC2,Full-time,Chile,Santiago,1855051.0
381,Emp0381,Gonzalez,F,,,8.0,IC2,Full-time,Chile,Santiago,1641971.0
382,Emp0382,Castillo,M,,,3.0,IC3,Full-time,Chile,Santiago,2641496.0
383,Emp0383,Castillo,F,,,9.0,IC3,Full-time,Chile,Santiago,2609922.0
384,Emp0384,Rojas,F,,,4.0,IC2,Full-time,Chile,Valparaiso,1254869.0
385,Emp0385,Gonzalez,M,,,2.0,IC2,Full-time,Chile,Santiago,1544287.0
386,Emp0386,Gonzalez,F,,,9.0,IC1,Full-time,Chile,Concepcion,1095919.0
387,Emp0387,Gonzalez,F,,,3.0,IC3,Full-time,Chile,Santiago,2452882.0
388,Emp0388,Munoz,M,,,3.0,M2,Full-time,Chile,Santiago,4444002.0
389,Emp0389,Castillo,F,,,3.0,IC3,Full-time,Chile,Santiago,2275367.0
390,Emp0390,Rojas,M,,,5.0,IC1,Full-time,Chile,Santiago,984663.0
391,Emp0391,Silva,M,,,2.0,IC3,Full-time,Chile,Santiago,2562234.0
392,Emp0392,Rojas,M,,,2.0,IC2,Full-time,Chile,Santiago,1239165.0
393,Emp0393,Perez,M,,,4.0,IC1,Part-time,Chile,Santiago,993161.0
394,Emp0394,Diaz,M,,,3.0,IC1,Full-time,Chile,Santiago,639081.0
395,Emp0395,Silva,M,,,2.0,IC1,Full-time,Chile,Concepcion,842590.0
396,Emp0396,Munoz,F,,,10.0,IC1,Full-time,Chile,Santiago,1179294.0
397,Emp0397,Gonzalez,F,,,6.0,IC3,Full-time,Chile,Santiago,2384039.0
398,Emp0398,Rojas,M,,,1.0,IC2,Full-time,Chile,Santiago,1521702.0
399,Emp0399,Perez,M,,,2.0,IC3,Part-time,Chile,Santiago,2580996.0
400,Emp0400,Perez,F,,,9.0,M1,Full-time,Chile,Concepcion,3538511.0
401,Emp0401,Castillo,M,,,3.0,IC3,Full-time,Chile,Santiago,2282693.0
402,Emp0402,Munoz,F,,,2.0,IC2,Full-time,Chile,Concepcion,1662608.0
403,Emp0403,Perez,M,,,7.0,IC3,Part-time,Chile,Concepcion,2186864.0
404,Emp0404,Castillo,F,,,9.0,IC1,Contractor,Chile,Santiago,1256722.0
405,Emp0405,Soto,F,,,4.0,IC2,Part-time,Chile,Santiago,1301485.0
406,Emp0406,Diaz,F,,,8.0,IC2,Full-time,Chile,Santiago,2048959.0
407,Emp0407,Soto,F,,,5.0,M1,Full-time,Chile,Valparaiso,3484996.0
408,Emp0408,Rojas,F,,,2.0,M1,Full-time,Chile,Santiago,2900268.0
409,Emp0409,Castillo,F,,,8.0,M1,Full-time,Chile,Santiago,3002745.0
410,Emp0410,Gonzalez,F,,,10.0,IC3,Full-time,Chile,Santiago,2405312.0
411,Emp0411,Rojas,F,,,10.0,IC2,Contractor,Chile,Valparaiso,1515437.0
412,Emp0412,Rojas,F,,,2.0,M1,Full-time,Chile,Valparaiso,3336150.0
413,Emp0413,Perez,F,,,6.0,M1,Full-time,Chile,Santiago,3110151.0
414,Emp0414,Rojas,F,,,7.0,IC2,Full-time,Chile,Santiago,1981203.0
415,Emp0415,Gonzalez,F,,,1.0,M2,Full-time,Chile,Valparaiso,4502077.0
416,Emp0416,Silva,F,,,10.0,M1,Full-time,Chile,Concepcion,3805139.0
417,Emp0417,Castillo,F,,,2.0,IC2,Part-time,Chile,Santiago,1750669.0
418,Emp0418,Gonzalez,F,,,3.0,IC1,Full-time,Chile,Santiago,762649.0
419,Emp0419,Perez,M,,,10.0,IC1,Full-time,Chile,Santiago,1621624.0
420,Emp0420,Diaz,M,,,6.0,IC3,Full-time,Chile,Santiago,2574670.0
421,Emp0421,Castillo,M,,,7.0,IC1,Full-time,Chile,Santiago,1195037.0
422,Emp0422,Silva,M,,,5.0,IC2,Full-time,Chile,Santiago,1761658.0
423,Emp0423,Munoz,M,,,8.0,IC3,Full-time,Chile,Valparaiso,2002738.0
424,Emp0424,Diaz,F,,,1.0,M1,Full-time,Chile,Santiago,2748906.0
425,Emp0425,Soto,M,,,7.0,M1,Full-time,Chile,Santiago,3189563.0
426,Emp0426,Rojas,M,,,1.0,IC3,Contractor,Chile,Santiago,2644693.0
427,Emp0427,Munoz,M,,,2.0,IC2,Full-time,Chile,Santiago,1698927.0
428,Emp0428,Munoz,M,,,6.0,IC1,Full-time,Chile,Santiago,1527293.0
429,Emp0429,Gonzalez,F,,,5.0,IC3,Part-time,Chile,Santiago,2630305.0
430,Emp0430,Silva,M,,,2.0,IC1,Full-time,Chile,Santiago,1105152.0
431,Emp0431,Gonzalez,M,,,8.0,IC3,Part-time,Chile,Santiago,2595939.0
432,Emp0432,Silva,F,,,4.0,M2,Contractor,Chile,Concepcion,4880649.0
433,Emp0433,Munoz,M,,,9.0,IC3,Part-time,Chile,Concepcion,2279955.0
434,Emp0434,Rojas,F,,,1.0,IC3,Full-time,Chile,Santiago,2246556.0
435,Emp0435,Soto,M,,,3.0,IC3,Full-time,Chile,Santiago,2335113.0
436,Emp0436,Gonzalez,M,,,3.0,M1,Full-time,Chile,Santiago,2597023.0
437,Emp0437,Diaz,F,,,6.0,IC2,Full-time,Chile,Concepcion,1670108.0
438,Emp0438,Castillo,M,,,5.0,IC2,Contractor,Chile,Concepcion,1780109.0
439,Emp0439,Gonzalez,F,,,2.0,IC1,Full-time,Chile,Santiago,1136128.0
440,Emp0440,Soto,M,,,6.0,IC3,Full-time,Chile,Santiago,2386169.0
441,Emp0441,Castillo,M,,,10.0,IC2,Full-time,Chile,Santiago,1589131.0
442,Emp0442,Perez,M,,,2.0,IC2,Full-time,Chile,Santiago,1100745.0
443,Emp0443,Rojas,M,,,3.0,IC3,Full-time,Chile,Santiago,2715649.0
444,Emp0444,Soto,F,,,5.0,IC1,Full-time,Chile,Santiago,1008043.0
445,Emp0445,Diaz,F,,,8.0,IC3,Full-time,Chile,Santiago,2145557.0
446,Emp0446,Silva,F,,,2.0,IC1,Part-time,Chile,Santiago,1439496.0
447,Emp0447,Perez,F,,,3.0,IC2,Full-time,Chile,Santiago,1844675.0
448,Emp0448,Castillo,F,,,3.0,IC1,Part-time,Chile,Santiago,1168266.0
449,Emp0449,Diaz,F,,,7.0,IC1,Full-time,Chile,Valparaiso,1292342.0
450,Emp0450,Perez,F,,,1.0,M2,Full-time,Chile,Santiago,4211253.0
451,Emp0451,Castillo,F,,,7.0,M2,Full-time,Chile,Santiago,4479776.0
452,Emp0452,Castillo,M,,,5.0,IC3,Full-time,Chile,Concepcion,2623696.0
453,Emp0453,Soto,F,,,4.0,IC3,Part-time,Chile,Santiago,2130715.0
454,Emp0454,Gonzalez,M,,,9.0,IC3,Full-time,Chile,Santiago,2050417.0
455,Emp0455,Diaz,F,,,9.0,M1,Full-time,Chile,Santiago,3219651.0
456,Emp0456,Diaz,F,,,9.0,IC2,Full-time,Chile,Santiago,1625514.0
457,Emp0457,Rojas,M,,,9.0,IC1,Full-time,Chile,Antofagasta,1261893.0
458,Emp0458,Silva,F,,,3.0,IC3,Part-time,Chile,Santiago,1955462.0
459,Emp0459,Munoz,F,,,9.0,M2,Full-time,Chile,Santiago,3862656.0
460,Emp0460,Gonzalez,M,,,2.0,IC2,Contractor,Chile,Santiago,1830308.0
461,Emp0461,Silva,F,,,4.0,IC2,Full-time,Chile,Antofagasta,1329255.0
462,Emp0462,Rojas,F,,,6.0,IC2,Full-time,Chile,Concepcion,1447502.0
463,Emp0463,Silva,M,,,8.0,IC2,Part-time,Chile,Santiago,1054191.0
464,Emp0464,Soto,F,,,6.0,IC3,Full-time,Chile,Santiago,2555728.0
465,Emp0465,Gonzalez,M,,,6.0,IC2,Full-time,Chile,Santiago,1687585.0
466,Emp0466,Castillo,F,,,4.0,M1,Full-time,Chile,Valparaiso,3277549.0
467,Emp0467,Rojas,M,,,6.0,IC3,Full-time,Chile,Santiago,2375864.0
468,Emp0468,Diaz,M,,,5.0,IC1,Full-time,Chile,Santiago,584959.0
469,Emp0469,Rojas,M,,,5.0,M1,Full-time,Chile,Santiago,2953709.0
470,Emp0470,Castillo,M,,,6.0,IC3,Full-time,Chile,Concepcion,2187068.0
471,Emp0471,Silva,F,,,7.0,IC2,Part-time,Chile,Santiago,1412814.0
472,Emp0472,Munoz,M,,,4.0,IC2,Full-time,Chile,Santiago,1532122.0
473,Emp0473,Soto,F,,,2.0,M1,Full-time,Chile,Concepcion,3261550.0
474,Emp0474,Soto,M,,,3.0,IC2,Full-time,Chile,Santiago,1851610.0
475,Emp0475,Silva,M,,,5.0,IC1,Full-time,Chile,Santiago,729949.0
476,Emp0476,Munoz,F,,,2.0,IC2,Full-time,Chile,Santiago,1597791.0
477,Emp0477,Munoz,M,,,2.0,IC2,Full-time,Chile,Santiago,1777886.0
478,Emp0478,Gonzalez,F,,,10.0,IC3,Full-time,Chile,Santiago,2068979.0
479,Emp0479,Silva,M,,,3.0,IC1,Full-time,Chile,Santiago,1051792.0
480,Emp0480,Gonzalez,M,,,8.0,IC3,Full-time,Chile,Santiago,2416638.0
481,Emp0481,Perez,F,,,2.0,IC2,Full-time,Chile,Santiago,1602802.0
482,Emp0482,Munoz,M,,,10.0,M1,Part-time,Chile,Concepcion,3368549.0
483,Emp0483,Perez,M,,,3.0,IC2,Full-time,Chile,Santiago,1623675.0
484,Emp0484,Munoz,F,,,4.0,M1,Full-time,Chile,Valparaiso,3122034.0
485,Emp0485,Soto,M,,,8.0,M1,Part-time,Chile,Santiago,2906823.0
486,Emp0486,Rojas,F,,,3.0,IC1,Full-time,Chile,Santiago,1161792.0
487,Emp0487,Perez,M,,,6.0,IC3,Full-time,Chile,Santiago,2324993.0
488,Emp0488,Diaz,F,,,8.0,IC1,Full-time,Chile,Santiago,
489,Emp0489,Munoz,M,,,1.0,M1,Full-time,Chile,Santiago,3345514.0
490,Emp0490,Diaz,M,,,1.0,IC3,Part-time,Chile,Santiago,2616981.0
491,Emp0491,Castillo,F,,,8.0,IC2,Full-time,Chile,Santiago,1434977.0
492,Emp0492,Munoz,F,,,3.0,IC1,Full-time,Chile,Concepcion,918092.0
493,Emp0493,Munoz,M,,,10.0,IC2,Full-time,Chile,Santiago,1408963.0
494,Emp0494,Diaz,M,,,10.0,M1,Part-time,Chile,Concepcion,2780335.0
495,Emp0495,Perez,F,,,9.0,IC3,full time,Chile,Santiago,2801120.0
496,Emp0496,Soto,F,,,10.0,IC1,Full-time,Chile,Santiago,
497,Emp0497,Gonzalez,F,,,9.0,IC2,Full-time,Chile,Santiago,1385386.0
498,Emp0498,Perez,M,,,4.0,IC2,Full-time,Chile,Concepcion,1318306.0
499,Emp0499,Castillo,F,,,10.0,IC3,Part-time,Chile,Santiago,2203008.0
500,Emp0500,Soto,M,,,4.0,IC1,Full-time,Chile,Antofagasta,926198.0
501,Emp0501,Gonzalez,M,,,6.0,IC2,Full-time,Chile,Valparaiso,1959518.0
502,Emp0502,Silva,M,,,1.0,M1,Part-time,Chile,Santiago,2887816.0
503,Emp0503,Castillo,F,,,10.0,IC2,Part-time,Chile,Concepcion,1215366.0
504,Emp0504,Munoz,F,,,6.0,IC3,Full-time,Chile,Antofagasta,2437946.0
505,Emp0505,Perez,M,,,10.0,IC2,Part-time,Chile,Valparaiso,1573198.0
506,Emp0506,Soto,M,,,4.0,IC2,Full-time,Chile,Santiago,1544264.0
507,Emp0507,Diaz,F,,,4.0,IC3,Full-time,Chile,Concepcion,2439909.0
508,Emp0508,Rojas,F,,,6.0,IC2,Contractor,Chile,Santiago,1634178.0
509,Emp0509,Perez,F,,,9.0,IC1,Full-time,Chile,Concepcion,1088296.0
510,Emp0510,Rojas,F,,,6.0,M2,Full-time,Chile,Antofagasta,4148588.0
511,Emp0511,Castillo,F,,,8.0,M1,Full-time,Chile,Santiago,2782976.0
512,Emp0512,Silva,M,,,3.0,IC3,Full-time,Chile,Santiago,2124893.0
513,Emp0513,Munoz,F,,,8.0,IC1,Full-time,Chile,Santiago,828909.0
514,Emp0514,Munoz,M,,,8.0,IC1,Full-time,Chile,Antofagasta,1167301.0
515,Emp0515,Castillo,F,,,9.0,IC1,Full-time,Chile,Concepcion,650321.0
516,Emp0516,Gonzalez,F,,,1.0,M1,Full-time,Chile,Valparaiso,3088210.0
517,Emp0517,Castillo,M,,,4.0,M1,Part-time,Chile,Concepcion,3156731.0
518,Emp0518,Gonzalez,F,,,1.0,IC2,Full-time,Chile,Santiago,1590086.0
519,Emp0519,Soto,M,,,5.0,M2,Full-time,Chile,Concepcion,4599741.0
520,Emp0520,Diaz,F,,,8.0,IC1,Full-time,Chile,Santiago,1018365.0
521,Emp0521,Perez,M,,,7.0,IC3,Full-time,Chile,Santiago,2133127.0
522,Emp0522,Rojas,M,,,8.0,IC1,Full-time,Chile,Santiago,1411120.0
523,Emp0523,Rojas,M,,,8.0,IC2,Part-time,Chile,Santiago,1519992.0
524,Emp0524,Munoz,F,,,10.0,M1,Contractor,Chile,Santiago,3554783.0
525,Emp0525,Perez,F,,,9.0,M1,Full-time,Chile,Valparaiso,3118718.0
526,Emp0526,Perez,F,,,6.0,IC1,Contractor,Chile,Santiago,1095933.0
527,Emp0527,Castillo,M,,,9.0,IC1,Full-time,Chile,Valparaiso,1065313.0
528,Emp0528,Rojas,F,,,1.0,IC3,Full-time,Chile,Santiago,2357805.0
529,Emp0529,Castillo,F,,,8.0,IC1,Full-time,Chile,Concepcion,995038.0
530,Emp0530,Castillo,F,,,6.0,IC3,Full-time,Chile,Santiago,2324034.0
531,Emp0531,Diaz,F,,,10.0,IC3,Part-time,Chile,Valparaiso,2682704.0
532,Emp0532,Rojas,F,,,6.0,IC2,Full-time,Chile,Santiago,1862213.0
533,Emp0533,Rojas,F,,,2.0,IC2,Full-time,Chile,Santiago,1863935.0
534,Emp0534,Perez,F,,,8.0,IC1,Full-time,Chile,Santiago,764517.0
535,Emp0535,Diaz,M,,,10.0,M1,Full-time,Chile,Santiago,2904970.0
536,Emp0536,Rojas,F,,,1.0,IC2,Full-time,Chile,Santiago,1654438.0
537,Emp0537,Soto,F,,,1.0,IC3,Contractor,Chile,Santiago,2492684.0
538,Emp0538,Gonzalez,M,,,7.0,IC2,Full-time,Chile,Santiago,1470216.0
539,Emp0539,Diaz,M,,,6.0,IC3,Full-time,Chile,Valparaiso,2125604.0
540,Emp0540,Gonzalez,F,,,6.0,IC1,Full-time,Chile,Santiago,1448461.0
541,Emp0541,Silva,M,,,1.0,IC1,Full-time,Chile,Santiago,1271469.0
542,Emp0542,Gonzalez,M,,,6.0,IC3,Full-time,Chile,Santiago,2564497.0
543,Emp0543,Rojas,M,,,6.0,IC3,Full-time,Chile,Santiago,2189637.0
544,Emp0544,Rojas,M,,,9.0,IC2,Full-time,Chile,Santiago,1469995.0
545,Emp0545,Munoz,M,,,4.0,IC2,Full-time,Chile,Santiago,1837223.0
546,Emp0546,Gonzalez,F,,,4.0,M2,Full-time,Chile,Santiago,4434319.0
547,Emp0547,Soto,F,,,1.0,IC1,Full-time,Chile,Santiago,947286.0
548,Emp0548,Diaz,M,,,6.0,IC1,Full-time,Chile,Santiago,871701.0
549,Emp0549,Diaz,M,,,7.0,IC2,Full-time,Chile,Santiago,1472176.0
550,Emp0550,Silva,F,,,3.0,IC2,Full-time,Chile,Valparaiso,1818771.0
551,Emp0551,Munoz,F,,,8.0,IC3,Full-time,Chile,Santiago,1922584.0
552,Emp0552,Soto,M,,,10.0,IC3,Full-time,Chile,Concepcion,2457263.0
553,Emp0553,Munoz,F,,,2.0,IC2,Full-time,Chile,Santiago,1422945.0
554,Emp0554,Perez,M,,,6.0,IC3,Full-time,Chile,Santiago,2247425.0
555,Emp0555,Castillo,M,,,7.0,IC2,Part-time,Chile,Santiago,1563439.0
556,Emp0556,Diaz,M,,,1.0,IC3,Contractor,Chile,Concepcion,2244814.0
557,Emp0557,Silva,M,,,2.0,IC1,Full-time,Chile,Santiago,1028218.0
558,Emp0558,Castillo,M,,,4.0,IC2,Full-time,Chile,Santiago,1488911.0
559,Emp0559,Munoz,M,,,2.0,IC3,Full-time,Chile,Concepcion,2157144.0
560,Emp0560,Munoz,M,,,4.0,IC2,Part-time,Chile,Santiago,1929943.0
561,Emp0561,Diaz,M,,,2.0,IC1,Full-time,Chile,Santiago,1106262.0
562,Emp0562,Gonzalez,M,,,9.0,IC2,Full-time,Chile,Santiago,1568513.0
563,Emp0563,Soto,F,,,6.0,IC3,Full-time,Chile,Santiago,2138837.0
564,Emp0564,Rojas,M,,,4.0,IC1,Full-time,Chile,Concepcion,998014.0
565,Emp0565,Castillo,F,,,8.0,IC3,Full-time,Chile,Santiago,2139707.0
566,Emp0566,Rojas,M,,,1.0,IC3,Full-time,Chile,Santiago,2491336.0
567,Emp0567,Rojas,M,,,6.0,IC3,Part-time,Chile,Santiago,2111600.0
568,Emp0568,Rojas,F,,,7.0,IC1,Part-time,Chile,Antofagasta,538439.0
569,Emp0569,Silva,F,,,9.0,M1,Full-time,Chile,Santiago,3214577.0
570,Emp0570,Diaz,F,,,3.0,IC1,Full-time,Chile,Santiago,1030152.0
571,Emp0571,Castillo,M,,,6.0,M1,Part-time,Chile,Concepcion,3053553.0
572,Emp0572,Soto,F,,,8.0,IC3,Full-time,Chile,Santiago,2527889.0
573,Emp0573,Perez,F,,,8.0,IC1,Part-time,Chile,Valparaiso,416620.0
574,Emp0574,Gonzalez,M,,,2.0,IC3,Contractor,Chile,Valparaiso,2694061.0
575,Emp0575,Gonzalez,M,,,10.0,IC2,Full-time,Chile,Santiago,1863669.0
576,Emp0576,Perez,F,,,3.0,IC2,Full-time,Chile,Valparaiso,1442987.0
577,Emp0577,Castillo,F,,,4.0,IC2,Full-time,Chile,Antofagasta,1487304.0
578,Emp0578,Diaz,M,,,2.0,IC3,Full-time,Chile,Santiago,2426097.0
579,Emp0579,Castillo,M,,,2.0,IC3,Full-time,Chile,Santiago,2432804.0
580,Emp0580,Gonzalez,M,,,3.0,M1,Full-time,Chile,Concepcion,3041530.0
581,Emp0581,Gonzalez,F,,,2.0,IC2,Full-time,Chile,Santiago,1195806.0
582,Emp0582,Munoz,F,,,8.0,IC3,Full-time,Chile,Santiago,2828423.0
583,Emp0583,Gonzalez,F,,,6.0,IC3,Full-time,Chile,Santiago,2539031.0
584,Emp0584,Gonzalez,M,,,4.0,IC3,Full-time,Chile,Concepcion,2339213.0
585,Emp0585,Soto,F,,,6.0,IC2,Full-time,Chile,Valparaiso,1643944.0
586,Emp0586,Castillo,F,,,7.0,IC2,Full-time,Chile,Antofagasta,1755329.0
587,Emp0587,Silva,M,,,2.0,IC3,Full-time,Chile,Santiago,2485266.0
588,Emp0588,Gonzalez,M,,,3.0,IC2,Full-time,Chile,Antofagasta,1078408.0
589,Emp0589,Munoz,M,,,9.0,IC1,Full-time,Chile,Santiago,1012282.0
590,Emp0590,Munoz,M,,,1.0,IC2,Full-time,Chile,Santiago,1486293.0
591,Emp0591,Munoz,M,,,10.0,IC2,Part-time,Chile,Santiago,1559641.0
592,Emp0592,Castillo,F,,,10.0,IC1,Full-time,Chile,Santiago,1292698.0
593,Emp0593,Rojas,F,,,3.0,IC1,Full-time,Chile,Santiago,652480.0
594,Emp0594,Castillo,M,,,4.0,IC3,Part-time,Chile,Santiago,1962714.0
595,Emp0595,Perez,F,,,3.0,M2,Full-time,Chile,Santiago,4329564.0
596,Emp0596,Munoz,M,,,6.0,IC2,Part-time,Chile,Valparaiso,1638586.0
597,Emp0597,Diaz,M,,,3.0,IC1,Full-time,Chile,Santiago,1308031.0
598,Emp0598,Munoz,M,,,8.0,M1,Full-time,Chile,Valparaiso,3607831.0
599,Emp0599,Silva,F,,,4.0,IC2,Full-time,Chile,Santiago,1528411.0
600,Emp0600,Silva,F,,,10.0,M2,Full-time,Chile,Santiago,4707620.0
601,Emp0601,Diaz,F,,,9.0,IC3,Contractor,Chile,Santiago,2477541.0
602,Emp0602,Munoz,F,,,5.0,IC1,Full-time,Chile,Santiago,1235417.0
603,Emp0603,Silva,F,,,6.0,IC2,Full-time,Chile,Antofagasta,1593930.0
604,Emp0604,Rojas,F,,,1.0,IC2,Full-time,Chile,Antofagasta,1500117.0
605,Emp0605,Munoz,M,,,1.0,IC3,Part-time,Chile,Santiago,2033650.0
606,Emp0606,Diaz,M,,,6.0,IC1,Full-time,Chile,Santiago,817102.0
607,Emp0607,Perez,M,,,5.0,M1,Full-time,Chile,Santiago,3286770.0
608,Emp0608,Diaz,F,,,4.0,IC3,Contractor,Chile,Valparaiso,2286394.0
609,Emp0609,Castillo,F,,,1.0,M1,Full-time,Chile,Santiago,3096123.0
610,Emp0610,Munoz,F,,,9.0,M1,Full-time,Chile,Concepcion,3366202.0
611,Emp0611,Munoz,F,,,5.0,IC1,Full-time,Chile,Antofagasta,1049878.0
612,Emp0612,Soto,F,,,5.0,IC2,Full-time,Chile,Santiago,1371705.0
613,Emp0613,Munoz,M,,,5.0,M1,Full-time,Chile,Santiago,3133375.0
614,Emp0614,Soto,F,,,5.0,IC2,Full-time,Chile,Santiago,1805157.0
615,Emp0615,Silva,F,,,7.0,IC1,Contractor,Chile,Santiago,844122.0
616,Emp0616,Silva,M,,,8.0,IC2,Full-time,Chile,Santiago,1652319.0
617,Emp0617,Rojas,M,,,6.0,IC1,Full-time,Chile,Valparaiso,1086144.0
618,Emp0618,Perez,M,,,2.0,M1,Full-time,Chile,Santiago,3009798.0
619,Emp0619,Gonzalez,F,,,9.0,IC2,Full-time,Chile,Concepcion,1526662.0
620,Emp0620,Rojas,M,,,3.0,IC3,Full-time,Chile,Santiago,1907079.0
621,Emp0621,Soto,F,,,1.0,M2,Full-time,Chile,Santiago,4527410.0
622,Emp0622,Soto,F,,,1.0,IC2,Full-time,Chile,Concepcion,1258817.0
623,Emp0623,Rojas,M,,,8.0,IC3,Part-time,Chile,Valparaiso,2568109.0
624,Emp0624,Soto,M,,,4.0,IC1,Full-time,Chile,Santiago,1077007.0
625,Emp0625,Diaz,F,,,1.0,IC1,Full-time,Chile,Santiago,957047.0
626,Emp0626,Rojas,M,,,9.0,IC1,Full-time,Chile,Santiago,1390140.0
627,Emp0627,Perez,F,,,4.0,IC2,Full-time,Chile,Santiago,1342038.0
628,Emp0628,Perez,F,,,10.0,IC2,Full-time,Chile,Concepcion,1413079.0
629,Emp0629,Diaz,F,,,9.0,IC2,Contractor,Chile,Santiago,1142688.0
630,Emp0630,Perez,M,,,1.0,IC1,Full-time,Chile,Santiago,1427377.0
631,Emp0631,Silva,F,,,7.0,IC1,Full-time,Chile,Valparaiso,1568216.0
632,Emp0632,Perez,M,,,7.0,IC3,Full-time,Chile,Santiago,1881602.0
633,Emp0633,Soto,F,,,2.0,IC1,Full-time,Chile,Concepcion,896057.0
634,Emp0634,Soto,M,,,4.0,M1,Full-time,Chile,Santiago,3217453.0
635,Emp0635,Rojas,M,,,5.0,M1,Full-time,Chile,Santiago,3071076.0
636,Emp0636,Silva,F,,,2.0,IC3,Full-time,Chile,Santiago,2292171.0
637,Emp0637,Rojas,F,,,8.0,IC3,Full-time,Chile,Santiago,2270601.0
638,Emp0638,Perez,F,,,3.0,IC3,Part-time,Chile,Concepcion,2401888.0
639,Emp0639,Munoz,M,,,10.0,IC3,Full-time,Chile,Santiago,2059759.0
640,Emp0640,Castillo,F,,,9.0,M1,Full-time,Chile,Santiago,3248165.0
641,Emp0641,Silva,M,,,7.0,M2,Full-time,Chile,Santiago,4220968.0
642,Emp0642,Castillo,F,,,2.0,IC2,Full-time,Chile,Santiago,1497036.0
643,Emp0643,Munoz,M,,,1.0,IC3,Full-time,Chile,Santiago,1865812.0
644,Emp0644,Soto,M,,,2.0,M1,Full-time,Chile,Santiago,3098863.0
645,Emp0645,Munoz,M,,,5.0,IC1,Full-time,Chile,Santiago,956816.0
646,Emp0646,Perez,M,,,8.0,IC2,Full-time,Chile,Concepcion,1835895.0
647,Emp0647,Soto,F,,,2.0,IC3,Full-time,Chile,Santiago,2285185.0
648,Emp0648,Diaz,M,,,8.0,IC3,Part-time,Chile,Santiago,2330626.0
649,Emp0649,Castillo,F,,,1.0,IC2,Contractor,Chile,Santiago,1594387.0
650,Emp0650,Munoz,M,,,3.0,IC2,Part-time,Chile,Concepcion,1067723.0
651,Emp0651,Soto,M,,,6.0,IC1,Full-time,Chile,Santiago,600763.0
652,Emp0652,Silva,M,,,9.0,IC3,Full-time,Chile,Santiago,2220331.0
653,Emp0653,Rojas,M,,,8.0,M1,Full-time,Chile,Santiago,3269640.0
654,Emp0654,Munoz,F,,,6.0,M1,Full-time,Chile,Santiago,3141284.0
655,Emp0655,Diaz,F,,,1.0,IC2,Part-time,Chile,Santiago,1383985.0
656,Emp0656,Diaz,F,,,3.0,IC2,Full-time,Chile,Santiago,1539922.0
657,Emp0657,Munoz,M,,,8.0,IC3,Full-time,Chile,Concepcion,2218229.0
658,Emp0658,Silva,M,,,1.0,IC3,Contractor,Chile,Santiago,2494751.0
659,Emp0659,Gonzalez,F,,,8.0,IC2,Full-time,Chile,Antofagasta,1780755.0
660,Emp0660,Perez,F,,,8.0,IC2,Full-time,Chile,Santiago,1461646.0
661,Emp0661,Rojas,F,,,8.0,IC1,Full-time,Chile,Santiago,1087519.0
662,Emp0662,Silva,F,,,3.0,IC3,Full-time,Chile,Santiago,2369050.0
663,Emp0663,Gonzalez,F,,,3.0,IC3,Contractor,Chile,Santiago,2406161.0
664,Emp0664,Rojas,M,,,2.0,IC2,Full-time,Chile,Concepcion,2013150.0
665,Emp0665,Diaz,M,,,4.0,M1,Full-time,Chile,Santiago,3192963.0
666,Emp0666,Silva,F,,,6.0,IC3,Full-time,Chile,Concepcion,2592186.0
667,Emp0667,Diaz,M,,,2.0,M1,Part-time,Chile,Santiago,2909979.0
668,Emp0668,Munoz,M,,,6.0,IC2,Part-time,Chile,Santiago,1440582.0
669,Emp0669,Castillo,F,,,3.0,IC2,Part-time,Chile,Santiago,1066044.0
670,Emp0670,Rojas,F,,,6.0,M1,Part-time,Chile,Santiago,3237827.0
671,Emp0671,Castillo,F,,,4.0,M2,Full-time,Chile,Santiago,4661881.0
672,Emp0672,Diaz,F,,,10.0,M2,Full-time,Chile,Concepcion,3861154.0
673,Emp0673,Silva,M,,,4.0,M1,Part-time,Chile,Santiago,3247072.0
674,Emp0674,Gonzalez,M,,,9.0,IC2,Full-time,Chile,Santiago,1751053.0
675,Emp0675,Diaz,F,,,2.0,IC1,Full-time,Chile,Valparaiso,1236809.0
676,Emp0676,Silva,M,,,1.0,IC2,Full-time,Chile,Santiago,1301035.0
677,Emp0677,Diaz,F,,,2.0,M1,Full-time,Chile,Concepcion,3393280.0
678,Emp0678,Gonzalez,M,,,5.0,IC2,Full-time,Chile,Santiago,1602326.0
679,Emp0679,Diaz,M,,,10.0,IC3,Part-time,Chile,Valparaiso,2447759.0
680,Emp0680,Castillo,F,,,2.0,M1,Full-time,Chile,Santiago,3168536.0
681,Emp0681,Silva,F,,,8.0,M2,Full-time,Chile,Antofagasta,4595259.0
682,Emp0682,Rojas,M,,,7.0,M1,Full-time,Chile,Santiago,3477309.0
683,Emp0683,Castillo,M,,,4.0,IC3,Full-time,Chile,Concepcion,2248994.0
684,Emp0684,Castillo,F,,,4.0,IC2,Full-time,Chile,Santiago,1671026.0
685,Emp0685,Rojas,F,,,10.0,M2,Full-time,Chile,Valparaiso,4812442.0
686,Emp0686,Munoz,F,,,8.0,IC1,Full-time,Chile,Concepcion,1066692.0
687,Emp0687,Soto,M,,,3.0,IC1,Full-time,Chile,Concepcion,818651.0
688,Emp0688,Diaz,M,,,10.0,M2,Full-time,Chile,Santiago,4669011.0
689,Emp0689,Soto,M,,,5.0,IC3,Full-time,Chile,Santiago,2658719.0
690,Emp0690,Munoz,M,,,1.0,IC2,Full-time,Chile,Concepcion,1922196.0
691,Emp0691,Castillo,M,,,9.0,IC1,Full-time,Chile,Santiago,1278747.0
692,Emp0692,Munoz,M,,,9.0,IC2,Full-time,Chile,Santiago,1013961.0
693,Emp0693,Castillo,F,,,5.0,M1,Full-time,Chile,Santiago,3041042.0
694,Emp0694,Castillo,M,,,8.0,IC3,Part-time,Chile,Santiago,2153850.0
695,Emp0695,Gonzalez,F,,,3.0,IC2,Full-time,Chile,Santiago,1611217.0
696,Emp0696,Perez,F,,,9.0,IC3,Full-time,Chile,Santiago,2722066.0
697,Emp0697,Silva,M,,,4.0,M1,Full-time,Chile,Santiago,2929865.0
698,Emp0698,Diaz,M,,,3.0,M1,Full-time,Chile,Santiago,3760551.0
699,Emp0699,Gonzalez,M,,,6.0,IC2,Full-time,Chile,Concepcion,1504418.0
700,Emp0700,Gonzalez,F,,,3.0,IC3,Full-time,Chile,Santiago,2108275.0
701,Emp0701,Diaz,M,,,7.0,IC2,Full-time,Chile,Concepcion,1811301.0
702,Emp0702,Diaz,M,,,8.0,IC2,Full-time,Chile,Santiago,1831076.0
703,Emp0703,Rojas,F,,,5.0,IC1,Part-time,Chile,Santiago,1262487.0
704,Emp0704,Rojas,F,,,8.0,IC2,Full-time,Chile,Santiago,1407636.0
705,Emp0705,Rojas,M,,,5.0,IC3,Part-time,Chile,Santiago,2425507.0
706,Emp0706,Diaz,F,,,10.0,IC2,Part-time,Chile,Santiago,1341611.0
707,Emp0707,Gonzalez,M,,,3.0,IC2,Full-time,Chile,Santiago,1400689.0
708,Emp0708,Diaz,F,,,8.0,IC1,Full-time,Chile,Santiago,1076282.0
709,Emp0709,Soto,F,,,6.0,IC1,Full-time,Chile,Santiago,895009.0
710,Emp0710,Soto,M,,,10.0,IC3,Full-time,Chile,Santiago,2563187.0
711,Emp0711,Silva,F,,,3.0,IC1,Full-time,Chile,Concepcion,955458.0
712,Emp0712,Diaz,M,,,2.0,IC1,Full-time,Chile,Santiago,1044886.0
713,Emp0713,Silva,M,,,9.0,M2,Full-time,Chile,Santiago,4279950.0
714,Emp0714,Munoz,F,,,10.0,IC2,Full-time,Chile,Santiago,1859402.0
715,Emp0715,Castillo,M,,,8.0,M1,Full-time,Chile,Valparaiso,3033468.0
716,Emp0716,Munoz,M,,,5.0,IC3,Full-time,Chile,Santiago,2585503.0
717,Emp0717,Diaz,M,,,5.0,IC3,Part-time,Chile,Santiago,2567136.0
718,Emp0718,Soto,M,,,7.0,IC3,Full-time,Chile,Valparaiso,2188515.0
719,Emp0719,Rojas,M,,,8.0,IC1,Full-time,Chile,Santiago,1107417.0
720,Emp0720,Diaz,M,,,3.0,M1,Full-time,Chile,Valparaiso,3081573.0
721,Emp0721,Rojas,F,,,1.0,M1,Part-time,Chile,Santiago,3336430.0
722,Emp0722,Castillo,M,,,1.0,IC2,Full-time,Chile,Concepcion,1551382.0
723,Emp0723,Munoz,M,,,4.0,IC3,Full-time,Chile,Santiago,2195630.0
724,Emp0724,Gonzalez,M,,,7.0,IC2,Contractor,Chile,Santiago,1611545.0
725,Emp0725,Munoz,M,,,5.0,M1,Full-time,Chile,Santiago,2804446.0
726,Emp0726,Gonzalez,F,,,7.0,M1,Full-time,Chile,Santiago,3181038.0
727,Emp0727,Silva,M,,,5.0,IC1,Full-time,Chile,Santiago,1262403.0
728,Emp0728,Gonzalez,M,,,3.0,M1,Full-time,Chile,Santiago,3234514.0
729,Emp0729,Soto,F,,,8.0,M2,Full-time,Chile,Santiago,4737914.0
730,Emp0730,Silva,F,,,8.0,IC3,Full-time,Chile,Valparaiso,2205675.0
731,Emp0731,Silva,M,,,10.0,IC1,Full-time,Chile,Santiago,985177.0
732,Emp0732,Soto,M,,,9.0,M1,Full-time,Chile,Valparaiso,2920670.0
733,Emp0733,Castillo,M,,,4.0,IC3,Full-time,Chile,Santiago,2198564.0
734,Emp0734,Munoz,F,,,8.0,IC2,Part-time,Chile,Santiago,2091473.0
735,Emp0735,Rojas,F,,,4.0,M1,Full-time,Chile,Valparaiso,3268886.0
736,Emp0736,Silva,M,,,9.0,IC3,Full-time,Chile,Concepcion,2153616.0
737,Emp0737,Silva,M,,,7.0,M1,Full-time,Chile,Concepcion,2948465.0
738,Emp0738,Perez,M,,,9.0,IC3,Full-time,Chile,Santiago,1900367.0
739,Emp0739,Silva,M,,,3.0,IC2,Full-time,Chile,Santiago,1392402.0
740,Emp0740,Castillo,M,,,1.0,M2,Full-time,Chile,Concepcion,4689798.0
741,Emp0741,Munoz,M,,,2.0,IC3,Full-time,Chile,Santiago,2193242.0
742,Emp0742,Munoz,M,,,6.0,IC2,Full-time,Chile,Santiago,1360457.0
743,Emp0743,Silva,M,,,10.0,IC2,Full-time,Chile,Santiago,1387954.0
744,Emp0744,Perez,M,,,7.0,IC1,Full-time,Chile,Santiago,1262370.0
745,Emp0745,Munoz,F,,,9.0,IC3,Full-time,Chile,Valparaiso,2279684.0
746,Emp0746,Perez,F,,,5.0,IC2,Full-time,Chile,Concepcion,1443199.0
747,Emp0747,Diaz,M,,,10.0,M1,Full-time,Chile,Concepcion,3122903.0
748,Emp0748,Perez,M,,,10.0,M2,Full-time,Chile,Santiago,5051471.0
749,Emp0749,Perez,M,,,3.0,IC3,Full-time,Chile,Santiago,2604906.0
750,Emp0750,Rojas,F,,,9.0,IC1,Full-time,Chile,Santiago,1467156.0
751,Emp0751,Castillo,M,,,1.0,IC3,Full-time,Chile,Santiago,1861974.0
752,Emp0752,Rojas,F,,,6.0,IC1,Part-time,Chile,Santiago,1062224.0
753,Emp0753,Gonzalez,M,,,5.0,M1,Full-time,Chile,Concepcion,3038803.0
754,Emp0754,Castillo,M,,,4.0,IC2,Full-time,Chile,Santiago,1735960.0
755,Emp0755,Diaz,M,,,10.0,M1,Full-time,Chile,Santiago,3464952.0
756,Emp0756,Soto,M,,,7.0,IC2,Full-time,Chile,Santiago,1681607.0
757,Emp0757,Silva,F,,,2.0,IC2,Full-time,Chile,Santiago,1381882.0
758,Emp0758,Soto,F,,,2.0,M2,Full-time,Chile,Santiago,4334747.0
759,Emp0759,Rojas,M,,,2.0,IC2,Full-time,Chile,Santiago,1755143.0
760,Emp0760,Silva,M,,,4.0,M1,Full-time,Chile,Santiago,3380018.0
761,Emp0761,Rojas,M,,,1.0,M1,Full-time,Chile,Santiago,3235238.0
762,Emp0762,Diaz,F,,,3.0,IC2,Full-time,Chile,Concepcion,1632448.0
763,Emp0763,Castillo,F,,,8.0,IC2,Full-time,Chile,Valparaiso,1612531.0
764,Emp0764,Castillo,F,,,9.0,IC3,Full-time,Chile,Concepcion,2367274.0
765,Emp0765,Perez,F,,,8.0,M1,Full-time,Chile,Santiago,3378990.0
766,Emp0766,Munoz,F,,,5.0,M2,Full-time,Chile,Santiago,4657541.0
767,Emp0767,Diaz,M,,,7.0,IC2,Full-time,Chile,Santiago,1605896.0
768,Emp0768,Soto,M,,,10.0,IC3,Full-time,Chile,Antofagasta,2287738.0
769,Emp0769,Rojas,F,,,1.0,IC2,Full-time,Chile,Santiago,1578175.0
770,Emp0770,Soto,F,,,10.0,IC3,Part-time,Chile,Santiago,2104917.0
771,Emp0771,Silva,F,,,8.0,M1,Full-time,Chile,Concepcion,3001743.0
772,Emp0772,Castillo,M,,,4.0,M1,Full-time,Chile,Concepcion,3335989.0
773,Emp0773,Gonzalez,F,,,5.0,IC2,Full-time,Chile,Santiago,1421783.0
774,Emp0774,Silva,M,,,5.0,IC2,Full-time,Chile,Valparaiso,1803483.0
775,Emp0775,Munoz,M,,,2.0,IC2,Full-time,Chile,Santiago,1587164.0
776,Emp0776,Castillo,F,,,3.0,IC1,Full-time,Chile,Santiago,1304899.0
777,Emp0777,Soto,M,,,,IC2,Full-time,Chile,Santiago,1759240.0
778,Emp0778,Gonzalez,M,,,1.0,M1,Part-time,Chile,Antofagasta,3410732.0
779,Emp0779,Perez,F,,,6.0,IC2,Full-time,Chile,Santiago,1480909.0
780,Emp0780,Munoz,F,,,5.0,IC2,Full-time,Chile,Valparaiso,1702225.0
781,Emp0781,Castillo,M,,,4.0,IC3,Full-time,Chile,Santiago,2484472.0
782,Emp0782,Silva,M,,,2.0,IC1,Full-time,Chile,Santiago,712168.0
783,Emp0783,Gonzalez,M,,,10.0,IC2,Part-time,Chile,Santiago,2025423.0
784,Emp0784,Gonzalez,M,,,7.0,M1,Full-time,Chile,Valparaiso,3766488.0
785,Emp0785,Soto,F,,,5.0,IC1,Full-time,Chile,Concepcion,1336822.0
786,Emp0786,Diaz,M,,,8.0,IC2,Full-time,Chile,Valparaiso,1801470.0
787,Emp0787,Gonzalez,M,,,4.0,IC3,Full-time,Chile,Valparaiso,2447190.0
788,Emp0788,Silva,F,,,3.0,IC1,Full-time,Chile,Santiago,1019142.0
789,Emp0789,Diaz,M,,,7.0,IC2,Full-time,Chile,Antofagasta,1572457.0
790,Emp0790,Gonzalez,M,,,8.0,IC1,Full-time,Chile,Santiago,1341101.0
791,Emp0791,Gonzalez,M,,,7.0,IC2,Full-time,Chile,Santiago,1356696.0
792,Emp0792,Soto,F,,,6.0,M1,Full-time,Chile,Santiago,2934821.0
793,Emp0793,Silva,F,,,1.0,IC2,Part-time,Chile,Santiago,1500668.0
794,Emp0794,Munoz,M,,,7.0,IC2,Part-time,Chile,Santiago,1764063.0
795,Emp0795,Soto,M,,,7.0,IC2,Full-time,Chile,Santiago,1383516.0
796,Emp0796,Perez,M,,,5.0,M2,Full-time,Chile,Santiago,4443646.0
797,Emp0797,Castillo,M,,,3.0,IC1,Contractor,Chile,Concepcion,1073331.0
798,Emp0798,Soto,M,,,10.0,M1,Full-time,Chile,Concepcion,2947033.0
799,Emp0799,Perez,F,,,4.0,IC2,Full-time,Chile,Santiago,990058.0
800,Emp0800,Soto,F,,,3.0,M2,Part-time,Chile,Antofagasta,4243372.0
801,Emp0801,Gonzalez,F,,,8.0,IC2,Full-time,Chile,Santiago,1665222.0
802,Emp0802,Perez,F,,,5.0,IC1,Part-time,Chile,Santiago,1221536.0
803,Emp0803,Diaz,M,,,6.0,IC2,Full-time,Chile,Concepcion,1723591.0
804,Emp0804,Castillo,F,,,7.0,IC1,Part-time,Chile,Santiago,1252393.0
805,Emp0805,Silva,F,,,4.0,IC3,Full-time,Chile,Valparaiso,2143401.0
806,Emp0806,Munoz,M,,,2.0,IC3,Full-time,Chile,Santiago,2089848.0
807,Emp0807,Diaz,F,,,2.0,IC3,Full-time,Chile,Santiago,2393765.0
808,Emp0808,Gonzalez,F,,,10.0,IC1,Full-time,Chile,Santiago,1047062.0
809,Emp0809,Soto,M,,,6.0,IC3,Full-time,Chile,Antofagasta,2526770.0
810,Emp0810,Castillo,F,,,5.0,IC2,Part-time,Chile,Santiago,1695343.0
811,Emp0811,Gonzalez,M,,,4.0,M2,Contractor,Chile,Santiago,4820955.0
812,Emp0812,Castillo,M,,,8.0,IC3,Contractor,Chile,Santiago,2183616.0
813,Emp0813,Silva,F,,,10.0,IC3,Full-time,Chile,Santiago,2566884.0
814,Emp0814,Perez,M,,,8.0,M1,Full-time,Chile,Santiago,3708669.0
815,Emp0815,Munoz,M,,,6.0,IC3,Full-time,Chile,Valparaiso,2313436.0
816,Emp0816,Munoz,M,,,5.0,IC3,Full-time,Chile,Santiago,2424827.0
817,Emp0817,Gonzalez,M,,,9.0,IC1,Full-time,Chile,Santiago,867368.0
818,Emp0818,Gonzalez,M,,,9.0,IC3,Full-time,Chile,Santiago,2523514.0
819,Emp0819,Silva,M,,,4.0,IC2,Full-time,Chile,Santiago,1882265.0
820,Emp0820,Castillo,M,,,10.0,IC1,Full-time,Chile,Valparaiso,976387.0
821,Emp0821,Gonzalez,F,,,9.0,M1,Full-time,Chile,Concepcion,3346540.0
822,Emp0822,Silva,M,,,9.0,IC1,Full-time,Chile,Santiago,1170118.0
823,Emp0823,Rojas,M,,,1.0,IC3,Full-time,Chile,Santiago,2397696.0
824,Emp0824,Silva,M,,,2.0,IC1,Full-time,Chile,Santiago,1303005.0
825,Emp0825,Diaz,F,,,3.0,IC2,Contractor,Chile,Concepcion,1729725.0
826,Emp0826,Gonzalez,F,,,8.0,M1,Full-time,Chile,Antofagasta,3165253.0
827,Emp0827,Silva,M,,,1.0,IC1,Contractor,Chile,Valparaiso,1308324.0
828,Emp0828,Castillo,M,,,1.0,IC3,Part-time,Chile,Santiago,2577964.0
829,Emp0829,Munoz,F,,,1.0,IC3,Full-time,Chile,Santiago,2161451.0
830,Emp0830,Gonzalez,F,,,2.0,M1,Full-time,Chile,Antofagasta,3199550.0
831,Emp0831,Rojas,F,,,10.0,IC1,Full-time,Chile,Santiago,657827.0
832,Emp0832,Rojas,M,,,8.0,IC3,Full-time,Chile,Santiago,2445900.0
833,Emp0833,Soto,F,,,8.0,IC2,Full-time,Chile,Concepcion,1905779.0
834,Emp0834,Rojas,M,,,3.0,IC2,Full-time,Chile,Valparaiso,1535676.0
835,Emp0835,Munoz,F,,,7.0,IC2,Part-time,Chile,Santiago,1633359.0
836,Emp0836,Munoz,F,,,8.0,IC2,Full-time,Chile,Santiago,1544951.0
837,Emp0837,Munoz,F,,,6.0,IC2,Full-time,Chile,Concepcion,1504026.0
838,Emp0838,Rojas,M,,,9.0,IC1,Contractor,Chile,Santiago,1158043.0
839,Emp0839,Gonzalez,M,,,6.0,IC2,Contractor,Chile,Concepcion,1403939.0
840,Emp0840,Castillo,M,,,4.0,IC3,Full-time,Chile,Santiago,2241181.0
841,Emp0841,Perez,M,,,7.0,IC2,Full-time,Chile,Valparaiso,1373862.0
842,Emp0842,Silva,F,,,10.0,IC1,Contractor,Chile,Concepcion,1247269.0
843,Emp0843,Castillo,M,,,9.0,IC2,Full-time,Chile,Santiago,1659810.0
844,Emp0844,Gonzalez,F,,,5.0,IC2,Part-time,Chile,Santiago,1492191.0
845,Emp0845,Gonzalez,F,,,6.0,IC3,Full-time,Chile,Santiago,2309270.0
846,Emp0846,Gonzalez,M,,,10.0,M1,Full-time,Chile,Concepcion,3144819.0
847,Emp0847,Rojas,F,,,8.0,IC3,Full-time,Chile,Santiago,2585974.0
848,Emp0848,Gonzalez,M,,,6.0,IC3,Full-time,Chile,Santiago,2189747.0
849,Emp0849,Munoz,M,,,3.0,IC1,Full-time,Chile,Concepcion,1258761.0
850,Emp0850,Diaz,M,,,10.0,M2,Full-time,Chile,Concepcion,4323698.0
851,Emp0851,Castillo,M,,,10.0,IC2,Full-time,Chile,Concepcion,1803560.0
852,Emp0852,Munoz,M,,,1.0,IC2,Full-time,Chile,Santiago,1859326.0
853,Emp0853,Castillo,F,,,1.0,IC1,Full-time,Chile,Antofagasta,1371127.0
854,Emp0854,Rojas,F,,,2.0,IC1,Full-time,Chile,Concepcion,1467754.0
855,Emp0855,Perez,F,,,4.0,IC3,Full-time,Chile,Santiago,2373111.0
856,Emp0856,Munoz,M,,,2.0,IC1,Full-time,Chile,Antofagasta,1409487.0
857,Emp0857,Rojas,M,,,,IC2,Full-time,Chile,Santiago,2006045.0
858,Emp0858,Gonzalez,F,,,10.0,IC1,Part-time,Chile,Concepcion,819487.0
859,Emp0859,Silva,M,,,2.0,M2,Full-time,Chile,Valparaiso,4349190.0
860,Emp0860,Munoz,M,,,9.0,IC3,Full-time,Chile,Santiago,1926075.0
861,Emp0861,Castillo,M,,,2.0,M1,Full-time,Chile,Santiago,3465286.0
862,Emp0862,Castillo,M,,,8.0,M1,Part-time,Chile,Santiago,2822867.0
863,Emp0863,Gonzalez,M,,,4.0,M1,Contractor,Chile,Santiago,2755039.0
864,Emp0864,Munoz,M,,,1.0,IC2,Full-time,Chile,Santiago,1325652.0
865,Emp0865,Munoz,M,,,5.0,IC1,Full-time,Chile,Concepcion,665422.0
866,Emp0866,Silva,F,,,9.0,IC2,Full-time,Chile,Santiago,1668040.0
867,Emp0867,Munoz,M,,,10.0,IC2,Full-time,Chile,Santiago,1328864.0
868,Emp0868,Munoz,F,,,2.0,IC3,Full-time,Chile,Santiago,1877429.0
869,Emp0869,Soto,M,,,9.0,IC1,Full-time,Chile,Santiago,1089532.0
870,Emp0870,Gonzalez,F,,,3.0,IC1,Contractor,Chile,Santiago,1104278.0
871,Emp0871,Soto,F,,,5.0,IC3,Contractor,Chile,Santiago,1832554.0
872,Emp0872,Rojas,F,,,2.0,IC1,Full-time,Chile,Santiago,921575.0
873,Emp0873,Gonzalez,F,,,10.0,IC1,Full-time,Chile,Santiago,1081340.0
874,Emp0874,Gonzalez,F,,,8.0,IC1,Full-time,Chile,Concepcion,1010794.0
875,Emp0875,Silva,F,,,7.0,IC3,Full-time,Chile,Santiago,2217629.0
876,Emp0876,Diaz,F,,,8.0,IC1,Full-time,Chile,Santiago,1394822.0
877,Emp0877,Diaz,F,,,9.0,IC1,Full-time,Chile,Valparaiso,
878,Emp0878,Silva,M,,,2.0,IC1,Full-time,Chile,Antofagasta,1021675.0
879,Emp0879,Diaz,M,,,3.0,IC3,Full-time,Chile,Santiago,1969530.0
880,Emp0880,Silva,M,,,1.0,IC1,Full-time,Chile,Concepcion,1041354.0
881,Emp0881,Gonzalez,F,,,5.0,IC1,Full-time,Chile,Valparaiso,1148573.0
882,Emp0882,Munoz,F,,,5.0,M1,Full-time,Chile,Concepcion,3186680.0
883,Emp0883,Soto,M,,,1.0,M1,Full-time,Chile,Santiago,3352673.0
884,Emp0884,Rojas,F,,,7.0,IC1,Full-time,Chile,Santiago,1652977.0
885,Emp0885,Munoz,F,,,1.0,IC2,Full-time,Chile,Santiago,1171720.0
886,Emp0886,Silva,M,,,8.0,IC1,Full-time,Chile,Valparaiso,973230.0
887,Emp0887,Gonzalez,M,,,8.0,IC3,Full-time,Chile,Concepcion,2685286.0
888,Emp0888,Rojas,F,,,9.0,IC2,Full-time,Chile,Santiago,1469489.0
889,Emp0889,Gonzalez,M,,,2.0,M1,Full-time,Chile,Santiago,3397373.0
890,Emp0890,Perez,F,,,9.0,M1,Full-time,Chile,Santiago,3357725.0
891,Emp0891,Gonzalez,M,,,6.0,IC3,Part-time,Chile,Santiago,2609220.0
892,Emp0892,Silva,F,,,9.0,IC1,Contractor,Chile,Concepcion,1578335.0
893,Emp0893,Diaz,F,,,7.0,M1,Full-time,Chile,Santiago,3283268.0
894,Emp0894,Castillo,M,,,7.0,IC3,Part-time,Chile,Santiago,1863543.0
895,Emp0895,Silva,F,,,1.0,IC3,Full-time,Chile,Santiago,2124898.0
896,Emp0896,Diaz,M,,,7.0,IC1,Full-time,Chile,Concepcion,1646513.0
897,Emp0897,Diaz,F,,,5.0,IC3,full time,Chile,Concepcion,1946451.0
898,Emp0898,Gonzalez,M,,,9.0,M1,Full-time,Chile,Santiago,3324202.0
899,Emp0899,Gonzalez,M,,,7.0,M2,Full-time,Chile,Santiago,3871373.0
900,Emp0900,Diaz,M,,,1.0,IC3,Full-time,Chile,Concepcion,1962193.0
901,Emp0901,Gonzalez,M,,,9.0,IC2,Full-time,Chile,Concepcion,1821734.0
902,Emp0902,Gonzalez,F,,,1.0,IC2,Part-time,Chile,Santiago,1608990.0
903,Emp0903,Rojas,M,,,3.0,IC3,Full-time,Chile,Santiago,2205890.0
904,Emp0904,Castillo,F,,,3.0,M1,Part-time,Chile,Santiago,2996411.0
905,Emp0905,Soto,M,,,10.0,IC3,Part-time,Chile,Santiago,1800864.0
906,Emp0906,Silva,M,,,2.0,IC1,Part-time,Chile,Santiago,1273351.0
907,Emp0907,Soto,M,,,9.0,IC1,Full-time,Chile,Antofagasta,1029213.0
908,Emp0908,Rojas,M,,,3.0,IC3,Full-time,Chile,Santiago,1919534.0
909,Emp0909,Perez,M,,,7.0,M1,Full-time,Chile,Concepcion,3207547.0
910,Emp0910,Gonzalez,F,,,1.0,IC1,Contractor,Chile,Santiago,1245312.0
911,Emp0911,Munoz,M,,,4.0,IC2,Full-time,Chile,Santiago,1549832.0
912,Emp0912,Rojas,M,,,7.0,M1,Full-time,Chile,Santiago,3228998.0
913,Emp0913,Soto,F,,,8.0,IC2,Full-time,Chile,Santiago,1609532.0
914,Emp0914,Castillo,M,,,9.0,IC1,Full-time,Chile,Concepcion,923301.0
915,Emp0915,Diaz,F,,,9.0,IC2,Full-time,Chile,Santiago,1613565.0
916,Emp0916,Soto,F,,,6.0,IC2,Full-time,Chile,Santiago,1783804.0
917,Emp0917,Diaz,F,,,4.0,IC1,Full-time,Chile,Concepcion,1358661.0
918,Emp0918,Munoz,F,,,3.0,IC3,Full-time,Chile,Santiago,2497682.0
919,Emp0919,Perez,M,,,10.0,IC3,Full-time,Chile,Santiago,2131225.0
920,Emp0920,Silva,M,,,7.0,IC3,Full-time,Chile,Concepcion,2459053.0
921,Emp0921,Munoz,M,,,10.0,IC3,Full-time,Chile,Santiago,2416367.0
922,Emp0922,Diaz,M,,,5.0,IC1,Full-time,Chile,Santiago,922573.0
923,Emp0923,Soto,F,,,5.0,IC1,Contractor,Chile,Santiago,983922.0
924,Emp0924,Rojas,M,,,9.0,IC1,Full-time,Chile,Santiago,1269923.0
925,Emp0925,Rojas,F,,,8.0,IC1,Contractor,Chile,Santiago,1444227.0
926,Emp0926,Castillo,M,,,3.0,IC3,Full-time,Chile,Concepcion,1847082.0
927,Emp0927,Diaz,F,,,6.0,IC1,Full-time,Chile,Santiago,1510015.0
928,Emp0928,Perez,M,,,3.0,IC3,Full-time,Chile,Antofagasta,2591040.0
929,Emp0929,Soto,M,,,8.0,IC1,Full-time,Chile,Santiago,1149780.0
930,Emp0930,Diaz,M,,,1.0,IC1,Full-time,Chile,Santiago,1039821.0
931,Emp0931,Diaz,M,,,9.0,IC1,Full-time,Chile,Santiago,1197608.0
932,Emp0932,Silva,F,,,10.0,IC2,Full-time,Chile,Santiago,1439859.0
933,Emp0933,Perez,M,,,1.0,IC3,Part-time,Chile,Santiago,2255576.0
934,Emp0934,Silva,M,,,7.0,M1,Full-time,Chile,Concepcion,2831243.0
935,Emp0935,Soto,M,,,1.0,IC1,Full-time,Chile,Concepcion,664619.0
936,Emp0936,Castillo,M,,,4.0,IC3,Full-time,Chile,Valparaiso,2883077.0
937,Emp0937,Rojas,M,,,4.0,IC3,Full-time,Chile,Santiago,2315769.0
938,Emp0938,Rojas,M,,,6.0,IC2,Full-time,Chile,Concepcion,1650922.0
939,Emp0939,Soto,F,,,10.0,IC1,Full-time,Chile,Santiago,1092317.0
940,Emp0940,Diaz,M,,,5.0,IC1,Part-time,Chile,Valparaiso,893056.0
941,Emp0941,Silva,M,,,4.0,IC1,Full-time,Chile,Valparaiso,1023234.0
942,Emp0942,Soto,F,,,1.0,M1,Full-time,Chile,Santiago,3222797.0
943,Emp0943,Castillo,M,,,9.0,IC2,Full-time,Chile,Santiago,1550840.0
944,Emp0944,Soto,F,,,4.0,IC2,Full-time,Chile,Concepcion,1411949.0
945,Emp0945,Rojas,M,,,5.0,IC3,Full-time,Chile,Santiago,2419872.0
946,Emp0946,Gonzalez,F,,,1.0,IC2,Part-time,Chile,Valparaiso,1647091.0
947,Emp0947,Castillo,F,,,3.0,IC3,Full-time,Chile,Antofagasta,2398227.0
948,Emp0948,Rojas,M,,,6.0,IC1,Part-time,Chile,Santiago,1276261.0
949,Emp0949,Castillo,F,,,10.0,IC2,Part-time,Chile,Santiago,1557369.0
950,Emp0950,Perez,F,,,4.0,IC1,Full-time,Chile,Santiago,1057778.0
951,Emp0951,Gonzalez,F,,,6.0,IC1,Full-time,Chile,Concepcion,1470613.0
952,Emp0952,Perez,M,,,9.0,IC2,Full-time,Chile,Santiago,1363996.0
953,Emp0953,Diaz,M,,,4.0,IC3,Full-time,Chile,Santiago,1831592.0
954,Emp0954,Soto,M,,,3.0,IC3,Full-time,Chile,Santiago,2438885.0
955,Emp0955,Munoz,F,,,1.0,IC3,Full-time,Chile,Antofagasta,2142662.0
956,Emp0956,Diaz,M,,,10.0,IC1,Full-time,Chile,Concepcion,830662.0
957,Emp0957,Soto,M,,,2.0,M2,Contractor,Chile,Santiago,4721310.0
958,Emp0958,Silva,M,,,3.0,IC1,Full-time,Chile,Antofagasta,1063808.0
959,Emp0959,Castillo,F,,,2.0,M1,Full-time,Chile,Santiago,2884109.0
960,Emp0960,Soto,F,,,8.0,IC3,Full-time,Chile,Antofagasta,2783737.0
961,Emp0961,Rojas,M,,,4.0,IC3,Full-time,Chile,Santiago,1897328.0
962,Emp0962,Soto,M,,,8.0,IC2,Full-time,Chile,Santiago,1578330.0
963,Emp0963,Munoz,M,,,7.0,IC3,Full-time,Chile,Concepcion,1827681.0
964,Emp0964,Rojas,M,,,1.0,IC3,Full-time,Chile,Santiago,2367665.0
965,Emp0965,Castillo,M,,,4.0,IC1,Full-time,Chile,Santiago,939723.0
966,Emp0966,Diaz,M,,,1.0,IC3,Full-time,Chile,Valparaiso,2504819.0
967,Emp0967,Diaz,F,,,1.0,IC1,Full-time,Chile,Santiago,1095653.0
968,Emp0968,Perez,M,,,5.0,IC2,Part-time,Chile,Santiago,1937652.0
969,Emp0969,Castillo,M,,,3.0,IC3,Full-time,Chile,Santiago,2192572.0
970,Emp0970,Gonzalez,F,,,1.0,M1,Full-time,Chile,Santiago,2798864.0
971,Emp0971,Perez,M,,,5.0,IC2,Full-time,Chile,Santiago,1659379.0
972,Emp0972,Soto,F,,,5.0,IC1,Full-time,Chile,Santiago,1036861.0
973,Emp0973,Soto,M,,,10.0,IC2,Full-time,Chile,Santiago,1145185.0
974,Emp0974,Soto,F,,,7.0,IC2,Full-time,Chile,Valparaiso,1336155.0
975,Emp0975,Rojas,M,,,4.0,IC2,Contractor,Chile,Santiago,1415717.0
976,Emp0976,Rojas,F,,,5.0,IC2,Full-time,Chile,Santiago,1988846.0
977,Emp0977,Gonzalez,M,,,1.0,IC3,Full-time,Chile,Santiago,2476861.0
978,Emp0978,Diaz,M,,,4.0,IC1,Full-time,Chile,Santiago,1013066.0
979,Emp0979,Perez,F,,,6.0,IC1,Full-time,Chile,Santiago,1217717.0
980,Emp0980,Diaz,M,,,1.0,IC2,Full-time,Chile,Santiago,1090135.0
981,Emp0981,Diaz,M,,,10.0,IC1,Part-time,Chile,Santiago,958773.0
982,Emp0982,Silva,M,,,6.0,IC1,Full-time,Chile,Santiago,1200249.0
983,Emp0983,Diaz,F,,,8.0,IC2,Part-time,Chile,Santiago,1641344.0
984,Emp0984,Silva,M,,,3.0,IC2,Full-time,Chile,Santiago,1465161.0
985,Emp0985,Diaz,F,,,9.0,IC2,Full-time,Chile,Concepcion,1590423.0
986,Emp0986,Silva,F,,,4.0,IC3,Part-time,Chile,Valparaiso,2384527.0
987,Emp0987,Diaz,M,,,10.0,M1,Full-time,Chile,Concepcion,3197661.0
988,Emp0988,Perez,M,,,6.0,IC2,Full-time,Chile,Santiago,1815251.0
989,Emp0989,Rojas,M,,,7.0,IC2,Full-time,Chile,Santiago,1679676.0
990,Emp0990,Munoz,F,,,3.0,IC1,Part-time,Chile,Santiago,1227810.0
991,Emp0991,Perez,M,,,10.0,IC1,Part-time,Chile,Santiago,1528389.0
992,Emp0992,Diaz,M,,,2.0,IC3,Full-time,Chile,Santiago,2506877.0
993,Emp0993,Rojas,M,,,1.0,IC3,Full-time,Chile,Santiago,2735240.0
994,Emp0994,Soto,M,,,5.0,IC1,Full-time,Chile,Santiago,932021.0
995,Emp0995,Diaz,F,,,9.0,IC1,Full-time,Chile,Valparaiso,701897.0
996,Emp0996,Silva,F,,,10.0,IC2,Full-time,Chile,Santiago,1564930.0
997,Emp0997,Diaz,M,,,9.0,IC2,Full-time,Chile,Santiago,1543601.0
998,Emp0998,Perez,M,,,6.0,M2,Part-time,Chile,Santiago,4864854.0
999,Emp0999,Castillo,F,,,10.0,IC1,Full-time,Chile,Santiago,817489.0
1000,Emp1000,Diaz,F,,,5.0,IC1,Full-time,Chile,Santiago,1080280.0
1001,Emp1001,Munoz,F,,,5.0,IC2,Contractor,Chile,Santiago,1701295.0
1002,Emp1002,Silva,M,,,2.0,IC1,Full-time,Chile,Santiago,1125026.0
1003,Emp1003,Diaz,F,,,8.0,IC1,Full-time,Chile,Santiago,1057118.0
1004,Emp1004,Castillo,M,,,4.0,IC2,Full-time,Chile,Antofagasta,1689642.0
1005,Emp1005,Rojas,M,,,2.0,IC2,Full-time,Chile,Santiago,1869774.0
1006,Emp1006,Castillo,F,,,4.0,IC1,Full-time,Chile,Santiago,1483936.0
1007,Emp1007,Munoz,M,,,7.0,IC3,Full-time,Chile,Santiago,2308202.0
1008,Emp1008,Diaz,M,,,3.0,IC2,Full-time,Chile,Santiago,1396039.0
1009,Emp1009,Silva,M,,,4.0,IC1,Full-time,Chile,Santiago,1483634.0
1010,Emp1010,Diaz,F,,,4.0,M1,Full-time,Chile,Antofagasta,2930592.0
1011,Emp1011,Perez,F,,,6.0,IC2,Full-time,Chile,Santiago,2047645.0
1012,Emp1012,Munoz,F,,,8.0,M2,Full-time,Chile,Santiago,$4.836.034
1013,Emp1013,Rojas,M,,,7.0,M1,Part-time,Chile,Antofagasta,3572350.0
1014,Emp1014,Perez,M,,,2.0,IC2,Full-time,Chile,Santiago,1771348.0
1015,Emp1015,Diaz,F,,,4.0,IC1,Full-time,Chile,Santiago,571877.0
1016,Emp1016,Munoz,F,,,7.0,M1,Full-time,Chile,Santiago,2940220.0
1017,Emp1017,Soto,M,,,3.0,IC2,Full-time,Chile,Santiago,1676722.0
1018,Emp1018,Soto,F,,,1.0,IC1,Full-time,Chile,Antofagasta,931088.0
1019,Emp1019,Gonzalez,F,,,4.0,IC3,Full-time,Chile,Santiago,2221180.0
1020,Emp1020,Gonzalez,M,,,7.0,IC2,Full-time,Chile,Valparaiso,1753202.0
1021,Emp1021,Gonzalez,F,,,7.0,M1,Part-time,Chile,Santiago,3157506.0
1022,Emp1022,Gonzalez,F,,,2.0,IC3,Full-time,Chile,Concepcion,1995245.0
1023,Emp1023,Munoz,M,,,7.0,M1,Full-time,Chile,Concepcion,3421415.0
1024,Emp1024,Munoz,F,,,2.0,IC3,Full-time,Chile,Concepcion,2428726.0
1025,Emp1025,Munoz,M,,,8.0,IC3,Full-time,Chile,Concepcion,2237751.0
1026,Emp1026,Gonzalez,M,,,6.0,IC2,Full-time,Chile,Valparaiso,1777817.0
1027,Emp1027,Gonzalez,M,,,2.0,M2,Full-time,Chile,Santiago,4523762.0
1028,Emp1028,Perez,F,,,4.0,M2,Full-time,Chile,Santiago,4832840.0
1029,Emp1029,Diaz,M,,,9.0,M1,Contractor,Chile,Santiago,3237802.0
1030,Emp1030,Perez,F,,,5.0,IC3,Full-time,Chile,Santiago,2630982.0
1031,Emp1031,Soto,M,,,7.0,IC3,Full-time,Chile,Santiago,1831587.0
1032,Emp1032,Rojas,F,,,8.0,IC2,Full-time,Chile,Valparaiso,1714805.0
1033,Emp1033,Silva,M,,,1.0,M1,Full-time,Chile,Valparaiso,3100535.0
1034,Emp1034,Perez,F,,,10.0,IC1,Full-time,Chile,Antofagasta,885237.0
1035,Emp1035,Gonzalez,F,,,4.0,IC1,Full-time,Chile,Santiago,1389625.0
1036,Emp1036,Silva,M,,,8.0,IC2,Full-time,Chile,Valparaiso,1822272.0
1037,Emp1037,Castillo,F,,,5.0,IC3,Full-time,Chile,Valparaiso,1798381.0
1038,Emp1038,Gonzalez,F,,,6.0,IC3,Full-time,Chile,Antofagasta,2478874.0
1039,Emp1039,Soto,M,,,4.0,IC1,Full-time,Chile,Valparaiso,1248537.0
1040,Emp1040,Munoz,M,,,9.0,IC1,Full-time,Chile,Santiago,919232.0
1041,Emp1041,Silva,F,,,2.0,IC1,Full-time,Chile,Santiago,891174.0
1042,Emp1042,Munoz,M,,,9.0,IC2,Full-time,Chile,Antofagasta,1202356.0
1043,Emp1043,Soto,M,,,3.0,IC1,Full-time,Chile,Valparaiso,$1.015.617
1044,Emp1044,Perez,M,,,9.0,IC3,Full-time,Chile,Concepcion,2255628.0
1045,Emp1045,Silva,M,,,1.0,IC1,Part-time,Chile,Valparaiso,1299249.0
1046,Emp1046,Rojas,M,,,1.0,IC2,Full-time,Chile,Valparaiso,1667345.0
1047,Emp1047,Rojas,M,,,1.0,IC2,Full-time,Chile,Valparaiso,1335023.0
1048,Emp1048,Diaz,M,,,6.0,IC2,Full-time,Chile,Concepcion,1659719.0
1049,Emp1049,Silva,M,,,3.0,M1,Contractor,Chile,Concepcion,3136489.0
1050,Emp1050,Gonzalez,F,,,6.0,IC1,Part-time,Chile,Santiago,866293.0
1051,Emp1051,Diaz,F,,,9.0,IC2,Full-time,Chile,Santiago,1202623.0
1052,Emp1052,Perez,F,,,1.0,IC3,Full-time,Chile,Santiago,2456201.0
1053,Emp1053,Diaz,M,,,6.0,IC1,Full-time,Chile,Santiago,1211599.0
1054,Emp1054,Castillo,F,,,8.0,M1,Part-time,Chile,Concepcion,3339192.0
1055,Emp1055,Gonzalez,M,,,5.0,M2,Part-time,Chile,Concepcion,4317939.0
1056,Emp1056,Castillo,M,,,10.0,IC3,Full-time,Chile,Santiago,2342770.0
1057,Emp1057,Soto,M,,,7.0,M2,Full-time,Chile,Santiago,4156159.0
1058,Emp1058,Munoz,F,,,1.0,IC2,Part-time,Chile,Santiago,1353354.0
1059,Emp1059,Soto,M,,,6.0,IC2,Full-time,Chile,Concepcion,1608433.0
1060,Emp1060,Perez,M,,,4.0,IC1,Full-time,Chile,Santiago,1165588.0
1061,Emp1061,Munoz,F,,,2.0,IC1,Full-time,Chile,Santiago,692796.0
1062,Emp1062,Silva,M,,,,IC1,Full-time,Chile,Santiago,835614.0
1063,Emp1063,Rojas,F,,,3.0,IC2,Full-time,Chile,Santiago,1508652.0
1064,Emp1064,Silva,M,,,1.0,IC2,Full-time,Chile,Santiago,1839630.0
1065,Emp1065,Munoz,M,,,3.0,IC1,Full-time,Chile,Concepcion,896724.0
1066,Emp1066,Soto,F,,,9.0,IC3,Full-time,Chile,Concepcion,2335144.0
1067,Emp1067,Castillo,F,,,6.0,IC1,Full-time,Chile,Santiago,1161348.0
1068,Emp1068,Silva,F,,,9.0,IC2,Full-time,Chile,Santiago,1537577.0
1069,Emp1069,Perez,F,,,5.0,IC1,Full-time,Chile,Santiago,1167005.0
1070,Emp1070,Gonzalez,M,,,2.0,IC3,Full-time,Chile,Santiago,1963771.0
1071,Emp1071,Silva,F,,,4.0,IC2,Full-time,Chile,Santiago,1436053.0
1072,Emp1072,Rojas,F,,,2.0,IC3,Full-time,Chile,Santiago,2658590.0
1073,Emp1073,Munoz,M,,,6.0,IC1,Full-time,Chile,Santiago,1476191.0
1074,Emp1074,Diaz,M,,,3.0,IC2,Full-time,Chile,Concepcion,1810730.0
1075,Emp1075,Soto,M,,,10.0,M2,Part-time,Chile,Santiago,4775098.0
1076,Emp1076,Rojas,M,,,4.0,IC1,Full-time,Chile,Concepcion,643522.0
1077,Emp1077,Silva,F,,,4.0,IC2,Full-time,Chile,Santiago,1362826.0
1078,Emp1078,Rojas,M,,,10.0,IC1,Full-time,Chile,Santiago,1022225.0
1079,Emp1079,Soto,F,,,6.0,IC1,Part-time,Chile,Santiago,1703910.0
1080,Emp1080,Munoz,M,,,2.0,IC2,Full-time,Chile,Santiago,1521729.0
1081,Emp1081,Castillo,M,,,5.0,IC1,Full-time,Chile,Santiago,1286226.0
1082,Emp1082,Castillo,M,,,3.0,IC2,Full-time,Chile,Concepcion,1694593.0
1083,Emp1083,Castillo,M,,,8.0,M1,Full-time,Chile,Concepcion,3289031.0
1084,Emp1084,Diaz,M,,,6.0,IC1,Full-time,Chile,Santiago,1094117.0
1085,Emp1085,Rojas,F,,,8.0,IC1,Full-time,Chile,Santiago,799992.0
1086,Emp1086,Munoz,M,,,10.0,M1,Full-time,Chile,Santiago,2524709.0
1087,Emp1087,Munoz,M,,,8.0,IC2,Part-time,Chile,Valparaiso,1920461.0
1088,Emp1088,Castillo,M,,,4.0,M1,Part-time,Chile,Santiago,3045876.0
1089,Emp1089,Silva,M,,,3.0,IC2,Full-time,Chile,Santiago,1133222.0
1090,Emp1090,Rojas,F,,,6.0,IC3,Full-time,Chile,Concepcion,2409490.0
1091,Emp1091,Diaz,M,,,5.0,M1,Full-time,Chile,Concepcion,3304697.0
1092,Emp1092,Soto,F,,,4.0,IC1,Full-time,Chile,Santiago,1291973.0
1093,Emp1093,Munoz,F,,,9.0,M1,Part-time,Chile,Santiago,3478929.0
1094,Emp1094,Soto,F,,,10.0,IC3,Part-time,Chile,Santiago,2070253.0
1095,Emp1095,Perez,M,,,4.0,M1,Full-time,Chile,Santiago,2981255.0
1096,Emp1096,Gonzalez,F,,,7.0,IC1,Full-time,Chile,Santiago,1020324.0
1097,Emp1097,Munoz,F,,,10.0,IC2,Full-time,Chile,Valparaiso,1805410.0
1098,Emp1098,Munoz,F,,,1.0,IC1,Full-time,Chile,Santiago,574340.0
1099,Emp1099,Gonzalez,M,,,4.0,M2,Part-time,Chile,Concepcion,4532052.0
1100,Emp1100,Soto,M,,,8.0,IC1,Full-time,Chile,Santiago,1333030.0
1101,Emp1101,Soto,F,,,5.0,IC1,Full-time,Chile,Valparaiso,1322714.0
1102,Emp1102,Soto,F,,,8.0,M1,Full-time,Chile,Santiago,3377140.0
1103,Emp1103,Castillo,M,,,5.0,IC2,Full-time,Chile,Santiago,1865750.0
1104,Emp1104,Rojas,F,,,1.0,IC3,Full-time,Chile,Santiago,1613204.0
1105,Emp1105,Perez,M,,,5.0,IC2,Full-time,Chile,Valparaiso,2003367.0
1106,Emp1106,Rojas,F,,,5.0,IC3,Full-time,Chile,Santiago,2382601.0
1107,Emp1107,Rojas,M,,,9.0,IC1,Full-time,Chile,Santiago,1433663.0
1108,Emp1108,Castillo,F,,,2.0,IC2,Full-time,Chile,Valparaiso,1306341.0
1109,Emp1109,Castillo,M,,,2.0,IC2,Full-time,Chile,Valparaiso,1161543.0
1110,Emp1110,Gonzalez,F,,,2.0,IC2,Full-time,Chile,Santiago,2046594.0
1111,Emp1111,Silva,M,,,6.0,IC2,Part-time,Chile,Santiago,1368370.0
1112,Emp1112,Rojas,M,,,10.0,IC1,Full-time,Chile,Santiago,1022288.0
1113,Emp1113,Rojas,M,,,7.0,IC3,Part-time,Chile,Santiago,2431864.0
1114,Emp1114,Perez,M,,,9.0,IC1,Full-time,Chile,Santiago,1293222.0
1115,Emp1115,Rojas,F,,,9.0,IC2,Full-time,Chile,Santiago,1869604.0
1116,Emp1116,Soto,M,,,7.0,IC2,Full-time,Chile,Santiago,1655847.0
1117,Emp1117,Castillo,M,,,7.0,IC2,Full-time,Chile,Santiago,1336423.0
1118,Emp1118,Diaz,F,,,3.0,IC3,Contractor,Chile,Santiago,2476658.0
1119,Emp1119,Silva,F,,,10.0,IC2,Full-time,Chile,Santiago,1780639.0
1120,Emp1120,Soto,M,,,8.0,M1,Full-time,Chile,Santiago,2746241.0
1121,Emp1121,Gonzalez,M,,,9.0,IC3,Full-time,Chile,Valparaiso,2654671.0
1122,Emp1122,Gonzalez,M,,,10.0,M1,Full-time,Chile,Valparaiso,2578231.0
1123,Emp1123,Perez,M,,,4.0,IC3,Full-time,Chile,Santiago,2558604.0
1124,Emp1124,Rojas,M,,,2.0,IC1,Part-time,Chile,Concepcion,941473.0
1125,Emp1125,Munoz,F,,,9.0,M2,Full-time,Chile,Santiago,4676377.0
1126,Emp1126,Munoz,F,,,5.0,IC3,Full-time,Chile,Santiago,2427549.0
1127,Emp1127,Munoz,F,,,10.0,IC3,Part-time,Chile,Santiago,2290719.0
1128,Emp1128,Silva,M,,,7.0,IC1,Full-time,Chile,Santiago,1212772.0
1129,Emp1129,Diaz,F,,,3.0,IC1,Full-time,Chile,Santiago,
1130,Emp1130,Silva,F,,,4.0,IC3,Part-time,Chile,Concepcion,2478488.0
1131,Emp1131,Soto,F,,,7.0,IC2,Full-time,Chile,Santiago,2146318.0
1132,Emp1132,Silva,F,,,4.0,IC3,Full-time,Chile,Santiago,1964690.0
1133,Emp1133,Munoz,M,,,3.0,IC2,Part-time,Chile,Santiago,802963.0
1134,Emp1134,Munoz,F,,,3.0,IC2,Full-time,Chile,Santiago,1496081.0
1135,Emp1135,Diaz,F,,,7.0,IC1,Part-time,Chile,Valparaiso,978994.0
1136,Emp1136,Gonzalez,M,,,1.0,IC1,Full-time,Chile,Santiago,1005608.0
1137,Emp1137,Silva,F,,,1.0,IC1,Full-time,Chile,Valparaiso,868390.0
1138,Emp1138,Perez,F,,,1.0,M1,Full-time,Chile,Santiago,3418109.0
1139,Emp1139,Silva,F,,,8.0,IC3,Full-time,Chile,Santiago,1954668.0
1140,Emp1140,Diaz,M,,,1.0,M1,Full-time,Chile,Santiago,3312694.0
1141,Emp1141,Castillo,F,,,5.0,IC3,Full-time,Chile,Valparaiso,2459616.0
1142,Emp1142,Perez,M,,,2.0,IC3,Full-time,Chile,Santiago,2379116.0
1143,Emp1143,Castillo,M,,,6.0,IC2,Full-time,Chile,Santiago,1721786.0
1144,Emp1144,Munoz,M,,,1.0,M1,Full-time,Chile,Santiago,3437317.0
1145,Emp1145,Perez,F,,,1.0,M1,Full-time,Chile,Santiago,3213391.0
1146,Emp1146,Soto,M,,,5.0,IC3,Full-time,Chile,Santiago,2213376.0
1147,Emp1147,Diaz,F,,,7.0,IC1,Full-time,Chile,Antofagasta,1221593.0
1148,Emp1148,Munoz,F,,,2.0,IC3,Full-time,Chile,Santiago,2450092.0
1149,Emp1149,Silva,M,,,5.0,IC1,Full-time,Chile,Santiago,1322420.0
1150,Emp1150,Munoz,F,,,9.0,IC1,Full-time,Chile,Santiago,671902.0
1151,Emp1151,Perez,F,,,7.0,IC3,Full-time,Chile,Santiago,2254117.0
1152,Emp1152,Diaz,F,,,8.0,M1,Full-time,Chile,Santiago,2933658.0
1153,Emp1153,Soto,F,,,4.0,IC1,Full-time,Chile,Valparaiso,1240241.0
1154,Emp1154,Castillo,F,,,10.0,IC1,Full-time,Chile,Santiago,1281677.0
1155,Emp1155,Perez,M,,,2.0,M1,Part-time,Chile,Santiago,3131397.0
1156,Emp1156,Diaz,M,,,7.0,IC1,Full-time,Chile,Santiago,917683.0
1157,Emp1157,Gonzalez,F,,,5.0,IC1,Full-time,Chile,Santiago,1249241.0
1158,Emp1158,Munoz,M,,,1.0,IC3,Full-time,Chile,Concepcion,2266689.0
1159,Emp1159,Soto,F,,,10.0,M1,Full-time,Chile,Santiago,3556617.0
1160,Emp1160,Perez,F,,,8.0,IC2,Full-time,Chile,Valparaiso,2043238.0
1161,Emp1161,Diaz,F,,,3.0,IC2,Full-time,Chile,Santiago,1850178.0
1162,Emp1162,Soto,F,,,12.0,IC2,Full-time,Chile,Santiago,1658164.0
1163,Emp1163,Munoz,F,,,7.0,IC1,Full-time,Chile,Concepcion,1556394.0
1164,Emp1164,Diaz,F,,,6.0,IC3,Full-time,Chile,Santiago,2360180.0
1165,Emp1165,Diaz,F,,,1.0,M1,Full-time,Chile,Concepcion,3080202.0
1166,Emp1166,Gonzalez,M,,,10.0,IC2,Full-time,Chile,Santiago,1431165.0
1167,Emp1167,Gonzalez,F,,,8.0,IC2,Full-time,Chile,Santiago,1424125.0
1168,Emp1168,Soto,F,,,5.0,IC2,Full-time,Chile,Concepcion,1598408.0
1169,Emp1169,Castillo,F,,,3.0,IC1,Full-time,Chile,Santiago,1215772.0
1170,Emp1170,Castillo,M,,,11.0,IC2,Full-time,Chile,Antofagasta,1246211.0
1171,Emp1171,Silva,F,,,5.0,IC1,Full-time,Chile,Concepcion,987769.0
1172,Emp1172,Silva,M,,,1.0,IC3,Part-time,Chile,Santiago,2353213.0
1173,Emp1173,Soto,F,,,4.0,IC2,Part-time,Chile,Santiago,1760907.0
1174,Emp1174,Rojas,F,,,3.0,IC3,Full-time,Chile,Concepcion,2293519.0
1175,Emp1175,Gonzalez,M,,,2.0,IC2,Full-time,Chile,Santiago,1661127.0
1176,Emp1176,Perez,F,,,2.0,M1,Full-time,Chile,Valparaiso,2890369.0
1177,Emp1177,Perez,F,,,4.0,M2,Part-time,Chile,Santiago,4272053.0
1178,Emp1178,Rojas,F,,,4.0,IC2,Full-time,Chile,Santiago,1584785.0
1179,Emp1179,Perez,M,,,4.0,IC1,Full-time,Chile,Santiago,1227638.0
1180,Emp1180,Gonzalez,M,,,7.0,IC3,Full-time,Chile,Valparaiso,2357826.0
1181,Emp1181,Diaz,M,,,6.0,IC1,Full-time,Chile,Valparaiso,887794.0
1182,Emp1182,Castillo,M,,,2.0,IC1,Full-time,Chile,Santiago,1040860.0
1183,Emp1183,Silva,F,,,10.0,IC1,Full-time,Chile,Santiago,1477960.0
1184,Emp1184,Soto,M,,,8.0,M1,Full-time,Chile,Santiago,3336065.0
1185,Emp1185,Soto,F,,,5.0,IC1,Full-time,Chile,Santiago,1059367.0
1186,Emp1186,Perez,M,,,1.0,IC2,Full-time,Chile,Santiago,1343541.0
1187,Emp1187,Rojas,F,,,10.0,IC2,Full-time,Chile,Santiago,1421657.0
1188,Emp1188,Diaz,F,,,8.0,IC3,Part-time,Chile,Santiago,2301648.0
1189,Emp1189,Diaz,M,,,5.0,IC2,Part-time,Chile,Santiago,1668987.0
1190,Emp1190,Gonzalez,F,,,2.0,M1,Full-time,Chile,Santiago,3341391.0
1191,Emp1191,Soto,M,,,2.0,IC3,Contractor,Chile,Santiago,2396996.0
1192,Emp1192,Perez,F,,,3.0,IC2,Full-time,Chile,Santiago,1507441.0
1193,Emp1193,Rojas,M,,,3.0,IC2,Full-time,Chile,Antofagasta,$1.472.224
1194,Emp1194,Silva,M,,,3.0,M1,Part-time,Chile,Santiago,3711747.0
1195,Emp1195,Diaz,F,,,5.0,IC3,Full-time,Chile,Santiago,2160883.0
1196,Emp1196,Silva,M,,,1.0,IC2,Part-time,Chile,Concepcion,1277074.0
1197,Emp1197,Silva,M,,,4.0,IC2,Full-time,Chile,Santiago,1190321.0
1198,Emp1198,Castillo,M,,,9.0,IC1,Full-time,Chile,Concepcion,1011703.0
1199,Emp1199,Munoz,F,,,9.0,IC1,Full-time,Chile,Santiago,1334996.0
1200,Emp1200,Diaz,M,,,1.0,IC1,Full-time,Chile,Santiago,956013.0
1201,Emp1201,Castillo,M,,,7.0,IC1,Part-time,Chile,Santiago,1469379.0
1202,Emp1202,Soto,F,,,10.0,IC1,Full-time,Chile,Santiago,1098180.0
1203,Emp1203,Castillo,F,,,6.0,M1,Full-time,Chile,Santiago,3477390.0
1204,Emp1204,Munoz,F,,,4.0,IC3,Full-time,Chile,Santiago,2110570.0
1205,Emp1205,Silva,M,,,5.0,M1,Full-time,Chile,Santiago,3014446.0
1206,Emp1206,Castillo,F,,,3.0,IC3,Full-time,Chile,Santiago,2322761.0
1207,Emp1207,Diaz,M,,,4.0,IC3,Full-time,Chile,Valparaiso,2420639.0
1208,Emp1208,Silva,M,,,10.0,IC1,Full-time,Chile,Santiago,1055261.0
1209,Emp1209,Perez,F,,,7.0,IC3,Full-time,Chile,Antofagasta,2373116.0
1210,Emp1210,Castillo,F,,,5.0,IC2,Full-time,Chile,Santiago,1747121.0
1211,Emp1211,Diaz,M,,,2.0,IC2,Full-time,Chile,Santiago,1244874.0
1212,Emp1212,Munoz,F,,,10.0,M2,Full-time,Chile,Santiago,4414766.0
1213,Emp1213,Soto,M,,,2.0,M1,Full-time,Chile,Santiago,3070329.0
1214,Emp1214,Munoz,M,,,8.0,IC1,Full-time,Chile,Concepcion,982469.0
1215,Emp1215,Gonzalez,M,,,4.0,IC3,Full-time,Chile,Santiago,200000
1216,Emp1216,Gonzalez,F,,,3.0,IC1,Full-time,Chile,Santiago,973803.0
1217,Emp1217,Diaz,M,,,2.0,IC1,Full-time,Chile,Valparaiso,598731.0
1218,Emp1218,Silva,M,,,4.0,IC1,Full-time,Chile,Santiago,1040870.0
1219,Emp1219,Munoz,F,,,7.0,IC1,Full-time,Chile,Santiago,833898.0
1220,Emp1220,Soto,M,,,5.0,IC3,Full-time,Chile,Valparaiso,2424083.0
1221,Emp1221,Silva,M,,,1.0,IC2,Full-time,Chile,Santiago,1801424.0
1222,Emp1222,Diaz,M,,,3.0,IC1,Full-time,Chile,Santiago,556293.0
1223,Emp1223,Castillo,M,,,2.0,M2,Full-time,Chile,Valparaiso,4306442.0
1224,Emp1224,Silva,F,,,5.0,IC2,Full-time,Chile,Santiago,1688343.0
1225,Emp1225,Soto,F,,,10.0,IC2,Full-time,Chile,Santiago,1247781.0
1226,Emp1226,Castillo,F,,,10.0,IC2,Full-time,Chile,Santiago,1795665.0
1227,Emp1227,Gonzalez,F,,,10.0,IC2,Full-time,Chile,Valparaiso,1862329.0
1228,Emp1228,Castillo,M,,,2.0,IC2,Full-time,Chile,Santiago,1559496.0
1229,Emp1229,Rojas,F,,,5.0,IC3,Full-time,Chile,Santiago,2106522.0
1230,Emp1230,Perez,M,,,1.0,M1,Full-time,Chile,Santiago,2622358.0
1231,Emp1231,Munoz,F,,,5.0,IC2,Full-time,Chile,Santiago,1803506.0
1232,Emp1232,Silva,F,,,6.0,IC2,Full-time,Chile,Santiago,2100634.0
1233,Emp1233,Castillo,F,,,8.0,IC1,Part-time,Chile,Santiago,1548913.0
1234,Emp1234,Silva,F,,,4.0,M1,Full-time,Chile,Santiago,3151257.0
1235,Emp1235,Silva,M,,,1.0,IC2,Part-time,Chile,Santiago,1326831.0
1236,Emp1236,Perez,M,,,5.0,IC2,Full-time,Chile,Santiago,1809406.0
1237,Emp1237,Gonzalez,M,,,5.0,M2,Full-time,Chile,Santiago,4468283.0
1238,Emp1238,Gonzalez,F,,,7.0,IC3,Full-time,Chile,Santiago,2419533.0
1239,Emp1239,Perez,M,,,1.0,IC1,Full-time,Chile,Santiago,
1240,Emp1240,Gonzalez,F,,,7.0,IC2,Full-time,Chile,Santiago,1623251.0
1241,Emp1241,Diaz,M,,,5.0,IC2,Full-time,Chile,Santiago,1857128.0
1242,Emp1242,Munoz,M,,,8.0,M2,Part-time,Chile,Antofagasta,4766417.0
1243,Emp1243,Castillo,F,,,10.0,IC2,Full-time,Chile,Santiago,1469328.0
1244,Emp1244,Soto,F,,,3.0,IC1,Full-time,Chile,Santiago,869222.0
1245,Emp1245,Castillo,F,,,8.0,IC3,Full-time,Chile,Santiago,1675221.0
1246,Emp1246,Castillo,F,,,2.0,IC2,Full-time,Chile,Santiago,1513460.0
1247,Emp1247,Munoz,M,,,10.0,IC1,Full-time,Chile,Santiago,826669.0
1248,Emp1248,Soto,M,,,5.0,M1,Full-time,Chile,Antofagasta,3304799.0
1249,Emp1249,Perez,M,,,8.0,IC1,Full-time,Chile,Santiago,1016033.0
1250,Emp1250,Castillo,F,,,8.0,M1,Full-time,Chile,Santiago,3143143.0
1251,Emp1251,Rojas,M,,,7.0,IC3,Full-time,Chile,Santiago,2502992.0
1252,Emp1252,Soto,F,,,4.0,IC1,Full-time,Chile,Santiago,1199314.0
1253,Emp1253,Gonzalez,M,,,8.0,IC3,Full-time,Chile,Santiago,2270827.0
1254,Emp1254,Munoz,F,,,5.0,IC3,Full-time,Chile,Concepcion,2721606.0
1255,Emp1255,Silva,F,,,7.0,IC3,Full-time,Chile,Concepcion,2484537.0
1256,Emp1256,Gonzalez,M,,,7.0,IC3,Full-time,Chile,Santiago,2196035.0
1257,Emp1257,Rojas,F,,,5.0,IC1,Full-time,Chile,Santiago,1007187.0
1258,Emp1258,Diaz,M,,,2.0,IC1,Full-time,Chile,Santiago,1297095.0
1259,Emp1259,Diaz,M,,,3.0,IC3,Part-time,Chile,Santiago,2350711.0
1260,Emp1260,Munoz,F,,,10.0,IC1,Full-time,Chile,Santiago,819710.0
1261,Emp1261,Perez,M,,,6.0,IC1,Full-time,Chile,Santiago,1323678.0
1262,Emp1262,Castillo,M,,,7.0,IC2,Full-time,Chile,Antofagasta,1914308.0
1263,Emp1263,Soto,M,,,3.0,IC1,Full-time,Chile,Santiago,1395347.0
1264,Emp1264,Munoz,M,,,8.0,IC3,Contractor,Chile,Concepcion,2685687.0
1265,Emp1265,Rojas,M,,,5.0,M1,Full-time,Chile,Concepcion,3717300.0
1266,Emp1266,Gonzalez,M,,,3.0,M1,Full-time,Chile,Santiago,3632490.0
1267,Emp1267,Gonzalez,M,,,2.0,IC1,Full-time,Chile,Santiago,1185165.0
1268,Emp1268,Perez,M,,,4.0,IC2,Full-time,Chile,Santiago,1547893.0
1269,Emp1269,Castillo,F,,,6.0,M1,Full-time,Chile,Concepcion,2742600.0
1270,Emp1270,Gonzalez,F,,,3.0,IC2,Contractor,Chile,Santiago,15000000
1271,Emp1271,Perez,M,,,3.0,IC3,Full-time,Chile,Concepcion,2429784.0
1272,Emp1272,Gonzalez,F,,,3.0,IC3,Full-time,Chile,Santiago,2310888.0
1273,Emp1273,Castillo,F,,,3.0,IC2,Full-time,Chile,Santiago,1127945.0
1274,Emp1274,Silva,F,,,8.0,IC2,Part-time,Chile,Concepcion,1528345.0
1275,Emp1275,Munoz,M,,,5.0,IC3,Full-time,Chile,Santiago,2461333.0
1276,Emp1276,Silva,F,,,5.0,IC1,Full-time,Chile,Valparaiso,843521.0
1277,Emp1277,Silva,M,,,2.0,M1,Full-time,Chile,Santiago,3241423.0
1278,Emp1278,Munoz,M,,,6.0,IC3,Full-time,Chile,Santiago,2407907.0
1279,Emp1279,Gonzalez,M,,,10.0,IC1,Part-time,Chile,Santiago,1379492.0
1280,Emp1280,Munoz,F,,,8.0,IC3,Full-time,Chile,Santiago,2728151.0
1281,Emp1281,Silva,M,,,5.0,IC2,Full-time,Chile,Valparaiso,1505543.0
1282,Emp1282,Silva,M,,,4.0,IC1,Full-time,Chile,Santiago,$1.145.939
1283,Emp1283,Soto,M,,,4.0,M2,Part-time,Chile,Santiago,4553767.0
1284,Emp1284,Munoz,M,,,1.0,IC3,Full-time,Chile,Santiago,2462344.0
1285,Emp1285,Soto,F,,,1.0,IC3,Part-time,Chile,Santiago,2434351.0
1286,Emp1286,Gonzalez,M,,,8.0,M1,Part-time,Chile,Concepcion,3556251.0
1287,Emp1287,Castillo,F,,,9.0,IC2,Part-time,Chile,Santiago,1017176.0
1288,Emp1288,Rojas,M,,,10.0,IC2,Full-time,Chile,Antofagasta,1704505.0
1289,Emp1289,Gonzalez,M,,,7.0,IC1,Full-time,Chile,Santiago,1221853.0
1290,Emp1290,Diaz,F,,,10.0,IC1,Part-time,Chile,Santiago,1041193.0
1291,Emp1291,Rojas,M,,,5.0,IC2,Part-time,Chile,Santiago,1033998.0
1292,Emp1292,Munoz,F,,,3.0,IC2,Full-time,Chile,Santiago,1584751.0
1293,Emp1293,Soto,M,,,3.0,IC3,Full-time,Chile,Santiago,2122360.0
1294,Emp1294,Gonzalez,M,,,3.0,IC2,Full-time,Chile,Valparaiso,2019489.0
1295,Emp1295,Castillo,F,,,8.0,IC3,Full-time,Chile,Santiago,2393823.0
1296,Emp1296,Diaz,F,,,1.0,M1,Part-time,Chile,Concepcion,3001129.0
1297,Emp1297,Perez,M,,,10.0,M2,Full-time,Chile,Santiago,3986839.0
1298,Emp1298,Silva,F,,,8.0,IC2,Full-time,Chile,Santiago,1747654.0
1299,Emp1299,Diaz,M,,,4.0,M1,Full-time,Chile,Santiago,3374037.0
1300,Emp1300,Gonzalez,M,,,8.0,M1,Part-time,Chile,Santiago,3146056.0
1301,Emp1301,Munoz,M,,,2.0,IC1,Full-time,Chile,Santiago,1250919.0
1302,Emp1302,Soto,F,,,5.0,IC2,Full-time,Chile,Concepcion,1512932.0
1303,Emp1303,Silva,M,,,2.0,IC1,Full-time,Chile,Concepcion,1366804.0
1304,Emp1304,Castillo,M,,,2.0,IC3,Full-time,Chile,Santiago,2548171.0
1305,Emp1305,Diaz,F,,,1.0,IC3,Full-time,Chile,Santiago,1890269.0
1306,Emp1306,Silva,F,,,8.0,IC2,Full-time,Chile,Santiago,1251202.0
1307,Emp1307,Perez,F,,,8.0,IC3,Full-time,Chile,Santiago,2807820.0
1308,Emp1308,Rojas,F,,,9.0,IC2,Contractor,Chile,Santiago,1833049.0
1309,Emp1309,Soto,M,,,10.0,IC2,Full-time,Chile,Santiago,1284405.0
1310,Emp1310,Munoz,M,,,10.0,M1,Full-time,Chile,Concepcion,2807405.0
1311,Emp1311,Diaz,M,,,10.0,M2,Full-time,Chile,Santiago,4551943.0
1312,Emp1312,Perez,F,,,1.0,IC3,Full-time,Chile,Santiago,2014421.0
1313,Emp1313,Munoz,F,,,8.0,IC1,Full-time,Chile,Concepcion,1020823.0
1314,Emp1314,Munoz,F,,,8.0,IC1,Full-time,Chile,Santiago,1088180.0
1315,Emp1315,Castillo,M,,,2.0,IC1,Full-time,Chile,Santiago,1077390.0
1316,Emp1316,Perez,M,,,2.0,IC2,Part-time,Chile,Antofagasta,1881635.0
1317,Emp1317,Silva,F,,,10.0,IC1,Full-time,Chile,Santiago,1558689.0
1318,Emp1318,Diaz,M,,,9.0,M1,Part-time,Chile,Santiago,3080271.0
1319,Emp1319,Soto,F,,,4.0,IC3,Full-time,Chile,Santiago,2017335.0
1320,Emp1320,Soto,F,,,1.0,IC2,Full-time,Chile,Concepcion,1697212.0
1321,Emp1321,Gonzalez,F,,,4.0,IC2,Part-time,Chile,Santiago,2007870.0
1322,Emp1322,Perez,M,,,1.0,IC2,Part-time,Chile,Santiago,1499196.0
1323,Emp1323,Diaz,M,,,7.0,IC2,Full-time,Chile,Santiago,1812590.0
1324,Emp1324,Castillo,M,,,4.0,IC3,Full-time,Chile,Santiago,2090716.0
1325,Emp1325,Munoz,F,,,1.0,IC1,Full-time,Chile,Santiago,1105318.0
1326,Emp1326,Rojas,F,,,10.0,M1,Full-time,Chile,Santiago,2909514.0
1327,Emp1327,Silva,M,,,9.0,IC1,Full-time,Chile,Concepcion,1102708.0
1328,Emp1328,Gonzalez,F,,,10.0,IC2,Full-time,Chile,Santiago,1570886.0
1329,Emp1329,Silva,M,,,10.0,M2,Full-time,Chile,Concepcion,4652031.0
1330,Emp1330,Perez,M,,,1.0,IC1,Full-time,Chile,Concepcion,1544515.0
1331,Emp1331,Soto,F,,,8.0,IC1,Part-time,Chile,Concepcion,1002776.0
1332,Emp1332,Silva,M,,,8.0,IC3,Full-time,Chile,Valparaiso,1800068.0
1333,Emp1333,Soto,M,,,8.0,IC2,Full-time,Chile,Santiago,1549474.0
1334,Emp1334,Munoz,M,,,3.0,IC1,Full-time,Chile,Concepcion,1174829.0
1335,Emp1335,Diaz,M,,,4.0,IC1,Part-time,Chile,Santiago,1150475.0
1336,Emp1336,Castillo,M,,,10.0,IC1,Full-time,Chile,Santiago,1060644.0
1337,Emp1337,Silva,F,,,1.0,IC2,Part-time,Chile,Santiago,1971929.0
1338,Emp1338,Perez,M,,,7.0,IC1,Full-time,Chile,Santiago,1134054.0
1339,Emp1339,Munoz,F,,,8.0,IC3,Full-time,Chile,Santiago,2273801.0
1340,Emp1340,Soto,M,,,8.0,M1,Full-time,Chile,Valparaiso,3005573.0
1341,Emp1341,Diaz,M,,,6.0,IC1,Full-time,Chile,Santiago,663322.0
1342,Emp1342,Rojas,M,,,8.0,IC2,Part-time,Chile,Santiago,1682308.0
1343,Emp1343,Gonzalez,M,,,10.0,IC1,Full-time,Chile,Santiago,1161354.0
1344,Emp1344,Diaz,M,,,8.0,IC2,Full-time,Chile,Concepcion,1335167.0
1345,Emp1345,Rojas,F,,,2.0,IC1,Full-time,Chile,Santiago,1088907.0
1346,Emp1346,Castillo,F,,,3.0,IC3,Part-time,Chile,Santiago,2264037.0
1347,Emp1347,Munoz,F,,,4.0,IC2,Full-time,Chile,Valparaiso,1443875.0
1348,Emp1348,Silva,M,,,4.0,IC2,Full-time,Chile,Concepcion,1401672.0
1349,Emp1349,Silva,F,,,4.0,IC3,Full-time,Chile,Santiago,2401270.0
1350,Emp1350,Diaz,F,,,3.0,M1,Contractor,Chile,Santiago,3143547.0
1351,Emp1351,Gonzalez,M,,,7.0,IC2,Part-time,Chile,Santiago,1452252.0
1352,Emp1352,Soto,F,,,2.0,IC1,Part-time,Chile,Concepcion,884582.0
1353,Emp1353,Soto,F,,,8.0,M2,Full-time,Chile,Santiago,4467504.0
1354,Emp1354,Castillo,F,,,7.0,IC2,Full-time,Chile,Valparaiso,1831121.0
1355,Emp1355,Rojas,F,,,10.0,IC3,Part-time,Chile,Santiago,2351660.0
1356,Emp1356,Soto,M,,,1.0,IC3,Part-time,Chile,Santiago,2240719.0
1357,Emp1357,Perez,F,,,3.0,IC2,Full-time,Chile,Santiago,1677123.0
1358,Emp1358,Rojas,F,,,9.0,IC1,Full-time,Chile,Santiago,1441096.0
1359,Emp1359,Gonzalez,M,,,5.0,IC1,Part-time,Chile,Santiago,1222604.0
1360,Emp1360,Perez,M,,,6.0,IC2,Full-time,Chile,Valparaiso,1665050.0
1361,Emp1361,Gonzalez,M,,,1.0,IC2,Full-time,Chile,Santiago,1759632.0
1362,Emp1362,Gonzalez,M,,,8.0,IC3,Contractor,Chile,Concepcion,2260497.0
1363,Emp1363,Perez,M,,,3.0,IC3,Full-time,Chile,Santiago,2346017.0
1364,Emp1364,Rojas,F,,,10.0,M1,Full-time,Chile,Santiago,3077761.0
1365,Emp1365,Diaz,M,,,4.0,M2,Full-time,Chile,Santiago,4112362.0
1366,Emp1366,Gonzalez,M,,,2.0,IC3,Full-time,Chile,Santiago,2385709.0
1367,Emp1367,Perez,F,,,6.0,IC1,Part-time,Chile,Concepcion,1186670.0
1368,Emp1368,Soto,F,,,5.0,IC2,Full-time,Chile,Santiago,1528072.0
1369,Emp1369,Castillo,F,,,5.0,IC3,full time,Chile,Concepcion,2558955.0
1370,Emp1370,Silva,M,,,10.0,IC3,Full-time,Chile,Santiago,2119599.0
1371,Emp1371,Castillo,M,,,4.0,IC1,Full-time,Chile,Santiago,657154.0
1372,Emp1372,Perez,M,,,4.0,IC3,Part-time,Chile,Santiago,2125721.0
1373,Emp1373,Soto,F,,,7.0,IC2,Full-time,Chile,Santiago,1214765.0
1374,Emp1374,Soto,F,,,2.0,IC2,Full-time,Chile,Concepcion,1684509.0
1375,Emp1375,Castillo,F,,,9.0,M1,Full-time,Chile,Santiago,3011981.0
1376,Emp1376,Castillo,M,,,3.0,IC2,Full-time,Chile,Santiago,1846172.0
1377,Emp1377,Castillo,M,,,3.0,IC2,Full-time,Chile,Valparaiso,1840950.0
1378,Emp1378,Munoz,M,,,1.0,IC3,Full-time,Chile,Valparaiso,2068756.0
1379,Emp1379,Diaz,M,,,4.0,IC3,Full-time,Chile,Santiago,2097973.0
1380,Emp1380,Diaz,M,,,6.0,IC1,Full-time,Chile,Santiago,1233610.0
1381,Emp1381,Castillo,M,,,8.0,IC3,Full-time,Chile,Santiago,2544960.0
1382,Emp1382,Perez,M,,,9.0,IC2,Full-time,Chile,Valparaiso,1096845.0
1383,Emp1383,Perez,F,,,12.0,IC3,Full-time,Chile,Santiago,2370418.0
1384,Emp1384,Castillo,F,,,4.0,IC1,Full-time,Chile,Santiago,550602.0
1385,Emp1385,Soto,F,,,9.0,M2,Full-time,Chile,Antofagasta,4362871.0
1386,Emp1386,Rojas,F,,,2.0,IC3,Part-time,Chile,Santiago,2573414.0
1387,Emp1387,Diaz,F,,,3.0,IC2,Full-time,Chile,Santiago,2352443.0
1388,Emp1388,Perez,M,,,4.0,IC2,Full-time,Chile,Antofagasta,1540294.0
1389,Emp1389,Castillo,F,,,6.0,IC2,Full-time,Chile,Santiago,1288221.0
1390,Emp1390,Castillo,M,,,3.0,IC3,Full-time,Chile,Santiago,2171627.0
1391,Emp1391,Perez,M,,,10.0,IC3,Full-time,Chile,Valparaiso,2316517.0
1392,Emp1392,Diaz,M,,,3.0,IC3,Full-time,Chile,Valparaiso,2132440.0
1393,Emp1393,Castillo,M,,,4.0,M1,Full-time,Chile,Antofagasta,2968794.0
1394,Emp1394,Silva,F,,,7.0,IC2,Full-time,Chile,Santiago,1493287.0
1395,Emp1395,Rojas,M,,,5.0,IC3,Full-time,Chile,Santiago,2398894.0
1396,Emp1396,Diaz,F,,,5.0,IC2,Contractor,Chile,Santiago,1557648.0
1397,Emp1397,Diaz,M,,,10.0,IC3,Full-time,Chile,Santiago,2079599.0
1398,Emp1398,Silva,F,,,5.0,IC2,Full-time,Chile,Concepcion,1432484.0
1399,Emp1399,Gonzalez,F,,,2.0,IC3,Part-time,Chile,Santiago,2196535.0
1400,Emp1400,Perez,M,,,8.0,IC1,Full-time,Chile,Santiago,850143.0
1401,Emp1401,Munoz,M,,,8.0,IC1,Full-time,Chile,Santiago,923214.0
1402,Emp1402,Rojas,F,,,3.0,IC2,Full-time,Chile,Santiago,1760909.0
1403,Emp1403,Perez,M,,,9.0,M1,Full-time,Chile,Santiago,3142420.0
1404,Emp1404,Perez,F,,,4.0,IC2,Full-time,Chile,Santiago,1161628.0
1405,Emp1405,Rojas,M,,,2.0,IC2,Full-time,Chile,Santiago,1856237.0
1406,Emp1406,Rojas,F,,,2.0,IC2,Full-time,Chile,Antofagasta,1704180.0
1407,Emp1407,Perez,F,,,8.0,IC2,Full-time,Chile,Concepcion,1254217.0
1408,Emp1408,Munoz,F,,,3.0,M1,Full-time,Chile,Santiago,3108655.0
1409,Emp1409,Gonzalez,F,,,5.0,M2,Full-time,Chile,Concepcion,4301975.0
1410,Emp1410,Perez,F,,,8.0,M1,Part-time,Chile,Santiago,3369226.0
1411,Emp1411,Gonzalez,F,,,9.0,M1,Full-time,Chile,Santiago,3107087.0
1412,Emp1412,Diaz,F,,,5.0,IC1,Full-time,Chile,Santiago,1081807.0
1413,Emp1413,Perez,F,,,10.0,IC2,Contractor,Chile,Concepcion,1552701.0
1414,Emp1414,Munoz,M,,,4.0,IC3,Part-time,Chile,Santiago,1929966.0
1415,Emp1415,Diaz,F,,,9.0,IC3,Full-time,Chile,Santiago,2651349.0
1416,Emp1416,Munoz,M,,,3.0,IC1,Full-time,Chile,Valparaiso,1265583.0
1417,Emp1417,Silva,M,,,1.0,IC3,Full-time,Chile,Valparaiso,2113154.0
1418,Emp1418,Soto,F,,,8.0,IC1,Part-time,Chile,Valparaiso,1147965.0
1419,Emp1419,Munoz,M,,,8.0,IC2,Full-time,Chile,Santiago,1843529.0
1420,Emp1420,Soto,F,,,10.0,IC2,Full-time,Chile,Concepcion,1613935.0
1421,Emp1421,Castillo,F,,,10.0,M1,Full-time,Chile,Santiago,3589189.0
1422,Emp1422,Castillo,M,,,2.0,IC3,Full-time,Chile,Santiago,3029463.0
1423,Emp1423,Diaz,M,,,7.0,IC2,Full-time,Chile,Concepcion,1568470.0
1424,Emp1424,Silva,M,,,8.0,M1,Full-time,Chile,Santiago,3054368.0
1425,Emp1425,Perez,F,,,7.0,M1,Full-time,Chile,Valparaiso,2952648.0
1426,Emp1426,Munoz,M,,,1.0,IC2,Full-time,Chile,Santiago,1046606.0
1427,Emp1427,Silva,F,,,1.0,IC3,Part-time,Chile,Santiago,2612036.0
1428,Emp1428,Castillo,F,,,7.0,IC1,Full-time,Chile,Santiago,1011627.0
1429,Emp1429,Perez,F,,,9.0,IC2,Full-time,Chile,Santiago,1818839.0
1430,Emp1430,Munoz,M,,,2.0,IC1,Full-time,Chile,Concepcion,1369113.0
1431,Emp1431,Soto,F,,,1.0,IC2,Full-time,Chile,Concepcion,1329757.0
1432,Emp1432,Rojas,M,,,5.0,IC2,Full-time,Chile,Santiago,1367296.0
1433,Emp1433,Rojas,M,,,4.0,IC1,Full-time,Chile,Santiago,1536172.0
1434,Emp1434,Diaz,M,,,10.0,IC2,Full-time,Chile,Santiago,1582484.0
1435,Emp1435,Perez,M,,,10.0,IC3,Full-time,Chile,Valparaiso,2134928.0
1436,Emp1436,Gonzalez,M,,,6.0,IC3,Full-time,Chile,Santiago,2038707.0
1437,Emp1437,Soto,F,,,10.0,IC1,Full-time,Chile,Valparaiso,1064636.0
1438,Emp1438,Silva,F,,,3.0,IC1,Full-time,Chile,Santiago,1476974.0
1439,Emp1439,Perez,M,,,10.0,IC2,Full-time,Chile,Santiago,1771359.0
1440,Emp1440,Castillo,F,,,5.0,M1,Full-time,Chile,Santiago,3245441.0
1441,Emp1441,Munoz,F,,,5.0,M1,Full-time,Chile,Santiago,3597130.0
1442,Emp1442,Diaz,F,,,1.0,IC2,Contractor,Chile,Santiago,1948944.0
1443,Emp1443,Castillo,F,,,2.0,IC3,Full-time,Chile,Santiago,2383531.0
1444,Emp1444,Soto,F,,,2.0,IC3,Full-time,Chile,Concepcion,2994030.0
1445,Emp1445,Rojas,F,,,5.0,M2,Full-time,Chile,Santiago,4438144.0
1446,Emp1446,Gonzalez,M,,,2.0,IC1,Full-time,Chile,Valparaiso,1374507.0
1447,Emp1447,Castillo,F,,,2.0,IC2,Contractor,Chile,Santiago,1501751.0
1448,Emp1448,Castillo,M,,,7.0,IC3,Contractor,Chile,Santiago,2525712.0
1449,Emp1449,Silva,M,,,9.0,IC2,Full-time,Chile,Santiago,1537903.0
1450,Emp1450,Gonzalez,F,,,1.0,IC1,Contractor,Chile,Santiago,1215342.0
1451,Emp1451,Perez,M,,,6.0,IC1,Full-time,Chile,Santiago,1697534.0
1452,Emp1452,Gonzalez,M,,,10.0,IC2,Contractor,Chile,Santiago,1837963.0
1453,Emp1453,Gonzalez,M,,,5.0,IC3,Part-time,Chile,Santiago,2419210.0
1454,Emp1454,Rojas,F,,,2.0,IC3,Full-time,Chile,Concepcion,2106324.0
1455,Emp1455,Diaz,F,,,1.0,IC1,Full-time,Chile,Santiago,1147057.0
1456,Emp1456,Gonzalez,F,,,10.0,M1,Full-time,Chile,Santiago,2947999.0
1457,Emp1457,Castillo,M,,,11.0,IC2,Full-time,Chile,Valparaiso,1821744.0
1458,Emp1458,Soto,M,,,2.0,M2,Full-time,Chile,Santiago,4715469.0
1459,Emp1459,Perez,M,,,9.0,IC1,Full-time,Chile,Antofagasta,1055091.0
1460,Emp1460,Diaz,M,,,9.0,M1,Full-time,Chile,Santiago,3615883.0
1461,Emp1461,Munoz,M,,,8.0,M1,Full-time,Chile,Santiago,3580724.0
1462,Emp1462,Perez,M,,,1.0,M1,Full-time,Chile,Santiago,3237412.0
1463,Emp1463,Gonzalez,F,,,1.0,M1,Full-time,Chile,Santiago,3341378.0
1464,Emp1464,Gonzalez,M,,,3.0,IC2,Full-time,Chile,Santiago,1452886.0
1465,Emp1465,Munoz,F,,,2.0,IC3,Full-time,Chile,Santiago,2231955.0
1466,Emp1466,Gonzalez,F,,,6.0,IC3,Full-time,Chile,Santiago,2030498.0
1467,Emp1467,Silva,M,,,4.0,IC2,Full-time,Chile,Santiago,1480416.0
1468,Emp1468,Soto,M,,,8.0,M2,Full-time,Chile,Santiago,4473903.0
1469,Emp1469,Munoz,F,,,2.0,IC2,Full-time,Chile,Santiago,1184908.0
1470,Emp1470,Gonzalez,M,,,8.0,IC2,Full-time,Chile,Santiago,1744203.0
1471,Emp1471,Castillo,F,,,10.0,M1,Full-time,Chile,Santiago,3455532.0
1472,Emp1472,Silva,F,,,2.0,IC2,Full-time,Chile,Santiago,1598021.0
1473,Emp1473,Soto,F,,,7.0,IC1,Full-time,Chile,Santiago,425689.0
1474,Emp1474,Rojas,M,,,6.0,IC2,Part-time,Chile,Santiago,1536752.0
1475,Emp1475,Castillo,M,,,1.0,IC3,Full-time,Chile,Santiago,1951653.0
1476,Emp1476,Perez,F,,,3.0,M1,Part-time,Chile,Concepcion,3047595.0
1477,Emp1477,Soto,F,,,8.0,IC1,Full-time,Chile,Santiago,1462984.0
1478,Emp1478,Soto,F,,,9.0,IC3,Full-time,Chile,Santiago,1691382.0
1479,Emp1479,Rojas,F,,,4.0,IC3,Full-time,Chile,Santiago,2095909.0
1480,Emp1480,Soto,M,,,2.0,IC3,Full-time,Chile,Santiago,2507392.0
1481,Emp1481,Rojas,M,,,3.0,IC3,Full-time,Chile,Santiago,2124518.0
1482,Emp1482,Gonzalez,M,,,9.0,M2,Full-time,Chile,Valparaiso,4305392.0
1483,Emp1483,Perez,F,,,6.0,IC2,Full-time,Chile,Valparaiso,2108102.0
1484,Emp1484,Gonzalez,M,,,5.0,IC2,Full-time,Chile,Antofagasta,1694597.0
1485,Emp1485,Soto,F,,,1.0,IC3,Contractor,Chile,Concepcion,2533576.0
1486,Emp1486,Munoz,F,,,8.0,IC2,Full-time,Chile,Santiago,1723667.0
1487,Emp1487,Rojas,M,,,5.0,IC2,Full-time,Chile,Santiago,1640424.0
1488,Emp1488,Gonzalez,M,,,6.0,IC1,Full-time,Chile,Santiago,1416006.0
1489,Emp1489,Gonzalez,M,,,9.0,IC1,Full-time,Chile,Concepcion,1576337.0
1490,Emp1490,Diaz,M,,,6.0,M1,Full-time,Chile,Santiago,2779121.0
1491,Emp1491,Perez,M,,,10.0,IC1,Full-time,Chile,Santiago,1091171.0
1492,Emp1492,Soto,M,,,6.0,IC3,Full-time,Chile,Santiago,2289200.0
1493,Emp1493,Gonzalez,F,,,4.0,IC3,Full-time,Chile,Santiago,2192681.0
1494,Emp1494,Perez,F,,,10.0,IC1,Full-time,Chile,Santiago,1345265.0
1495,Emp1495,Soto,F,,,7.0,IC1,Full-time,Chile,Concepcion,1164222.0
1496,Emp1496,Soto,F,,,8.0,IC2,Full-time,Chile,Santiago,2081368.0
1497,Emp1497,Diaz,F,,,3.0,IC2,Part-time,Chile,Concepcion,1875067.0
1498,Emp1498,Munoz,F,,,7.0,IC2,Full-time,Chile,Santiago,1941176.0
1499,Emp1499,Soto,M,,,6.0,IC3,Full-time,Chile,Santiago,2000209.0
1500,Emp1500,Munoz,M,,,2.0,IC1,Full-time,Chile,Santiago,898479.0
1501,Emp1501,Diaz,M,,,3.0,IC1,Full-time,Chile,Santiago,919077.0
1502,Emp1502,Perez,F,,,10.0,IC1,Full-time,Chile,Santiago,1430780.0
1503,Emp1503,Rojas,M,,,6.0,IC2,Full-time,Chile,Santiago,1358206.0
1504,Emp1504,Perez,F,,,8.0,IC2,Full-time,Chile,Santiago,1365516.0
1505,Emp1505,Diaz,F,,,2.0,M1,Full-time,Chile,Concepcion,2919661.0
1506,Emp1506,Rojas,F,,,3.0,IC1,Full-time,Chile,Santiago,1788257.0
1507,Emp1507,Castillo,F,,,10.0,IC2,Full-time,Chile,Valparaiso,1564442.0
1508,Emp1508,Soto,F,,,5.0,IC3,Part-time,Chile,Valparaiso,2432472.0
1509,Emp1509,Munoz,M,,,9.0,IC3,Full-time,Chile,Santiago,2014846.0
1510,Emp1510,Silva,M,,,9.0,IC3,Full-time,Chile,Concepcion,2539815.0
1511,Emp1511,Perez,M,,,4.0,IC1,Full-time,Chile,Valparaiso,656583.0
1512,Emp1512,Rojas,F,,,10.0,IC3,Full-time,Chile,Valparaiso,2055249.0
1513,Emp1513,Silva,M,,,8.0,IC2,Full-time,Chile,Concepcion,1417157.0
1514,Emp1514,Perez,M,,,2.0,IC3,Full-time,Chile,Santiago,2354718.0
1515,Emp1515,Rojas,F,,,1.0,IC1,Full-time,Chile,Antofagasta,901729.0
1516,Emp1516,Castillo,M,,,2.0,IC3,Full-time,Chile,Santiago,2681000.0
1517,Emp1517,Soto,M,,,,IC3,Full-time,Chile,Santiago,2425806.0
1518,Emp1518,Gonzalez,F,,,2.0,IC3,Full-time,Chile,Valparaiso,2127599.0
1519,Emp1519,Soto,F,,,3.0,IC1,Full-time,Chile,Santiago,1349404.0
1520,Emp1520,Soto,M,,,5.0,IC3,Full-time,Chile,Santiago,2201679.0
1521,Emp1521,Munoz,F,,,2.0,IC3,Full-time,Chile,Santiago,2152391.0
1522,Emp1522,Silva,F,,,4.0,IC2,Full-time,Chile,Santiago,1823954.0
1523,Emp1523,Rojas,F,,,7.0,IC2,Full-time,Chile,Concepcion,986794.0
1524,Emp1524,Rojas,M,,,10.0,IC1,Full-time,Chile,Santiago,1283704.0
1525,Emp1525,Diaz,F,,,5.0,IC2,Full-time,Chile,Santiago,1421726.0
1526,Emp1526,Gonzalez,F,,,8.0,IC3,Full-time,Chile,Santiago,2121348.0
1527,Emp1527,Perez,F,,,6.0,IC2,Full-time,Chile,Valparaiso,2089534.0
1528,Emp1528,Rojas,M,,,5.0,IC3,Full-time,Chile,Concepcion,2167197.0
1529,Emp1529,Gonzalez,M,,,6.0,IC3,Full-time,Chile,Santiago,2538979.0
1530,Emp1530,Castillo,M,,,10.0,IC3,Full-time,Chile,Concepcion,2369811.0
1531,Emp1531,Gonzalez,F,,,1.0,IC3,Full-time,Chile,Santiago,2395748.0
1532,Emp1532,Gonzalez,F,,,6.0,IC3,Part-time,Chile,Concepcion,2237364.0
1533,Emp1533,Castillo,M,,,1.0,IC2,Full-time,Chile,Santiago,1524321.0
1534,Emp1534,Rojas,F,,,9.0,IC1,Full-time,Chile,Santiago,1481997.0
1535,Emp1535,Munoz,M,,,7.0,M1,Full-time,Chile,Santiago,3432615.0
1536,Emp1536,Gonzalez,M,,,1.0,M2,Part-time,Chile,Santiago,4375080.0
1537,Emp1537,Rojas,M,,,7.0,IC2,Full-time,Chile,Santiago,1338531.0
1538,Emp1538,Gonzalez,M,,,5.0,M1,Full-time,Chile,Santiago,3053882.0
1539,Emp1539,Silva,M,,,1.0,M2,Full-time,Chile,Santiago,$4.745.374
1540,Emp1540,Diaz,F,,,10.0,IC2,Full-time,Chile,Santiago,1894673.0
1541,Emp1541,Soto,M,,,4.0,IC3,Full-time,Chile,Santiago,2438736.0
1542,Emp1542,Rojas,F,,,1.0,IC3,Full-time,Chile,Santiago,200000
1543,Emp1543,Gonzalez,M,,,7.0,IC1,Full-time,Chile,Concepcion,1288445.0
1544,Emp1544,Diaz,F,,,4.0,IC1,Contractor,Chile,Santiago,1425895.0
1545,Emp1545,Rojas,F,,,7.0,IC2,Part-time,Chile,Santiago,1643389.0
1546,Emp1546,Diaz,M,,,2.0,IC3,Contractor,Chile,Concepcion,2794951.0
1547,Emp1547,Silva,F,,,9.0,IC2,full time,Chile,Santiago,1269757.0
1548,Emp1548,Munoz,F,,,5.0,IC3,Full-time,Chile,Santiago,2471202.0
1549,Emp1549,Soto,M,,,5.0,IC3,Full-time,Chile,Santiago,2044945.0
1550,Emp1550,Gonzalez,F,,,9.0,IC3,Full-time,Chile,Antofagasta,2564635.0
1551,Emp1551,Perez,M,,,6.0,IC2,Full-time,Chile,Santiago,1753215.0
1552,Emp1552,Munoz,F,,,1.0,IC2,Full-time,Chile,Santiago,2050339.0
1553,Emp1553,Diaz,F,,,6.0,IC1,Part-time,Chile,Santiago,1224927.0
1554,Emp1554,Diaz,F,,,7.0,IC1,Full-time,Chile,Concepcion,998998.0
1555,Emp1555,Soto,M,,,4.0,IC1,Full-time,Chile,Santiago,977232.0
1556,Emp1556,Rojas,M,,,2.0,IC1,Full-time,Chile,Concepcion,1037456.0
1557,Emp1557,Castillo,F,,,1.0,IC1,Full-time,Chile,Santiago,972319.0
1558,Emp1558,Munoz,M,,,9.0,IC3,Full-time,Chile,Santiago,2636777.0
1559,Emp1559,Castillo,M,,,1.0,IC2,Part time,Chile,Santiago,1918910.0
1560,Emp1560,Munoz,M,,,6.0,IC2,Full-time,Chile,Concepcion,1225858.0
1561,Emp1561,Perez,M,,,9.0,M1,Full-time,Chile,Santiago,3209590.0
1562,Emp1562,Perez,M,,,4.0,IC2,Contractor,Chile,Santiago,1615623.0
1563,Emp1563,Rojas,M,,,3.0,M1,Part time,Chile,Valparaiso,3004676.0
1564,Emp1564,Castillo,M,,,8.0,IC3,Full-time,Chile,Santiago,2409562.0
1565,Emp1565,Diaz,M,,,7.0,IC1,Full-time,Chile,Santiago,1465213.0
1566,Emp1566,Soto,F,,,1.0,M1,Full-time,Chile,Santiago,3422952.0
1567,Emp1567,Castillo,F,,,6.0,M1,Full-time,Chile,Santiago,3536767.0
1568,Emp1568,Diaz,M,,,1.0,IC3,Full-time,Chile,Santiago,2120383.0
1569,Emp1569,Castillo,F,,,4.0,IC2,Full-time,Chile,Santiago,1609127.0
1570,Emp1570,Castillo,F,,,4.0,IC2,Full-time,Chile,Santiago,1408588.0
1571,Emp1571,Gonzalez,F,,,9.0,IC2,Full-time,Chile,Concepcion,1659858.0
1572,Emp1572,Perez,F,,,10.0,IC3,Full-time,Chile,Santiago,2382363.0
1573,Emp1573,Silva,M,,,7.0,IC2,Full-time,Chile,Santiago,1839960.0
1574,Emp1574,Munoz,M,,,8.0,IC1,Full-time,Chile,Santiago,1428373.0
1575,Emp1575,Rojas,F,,,1.0,IC1,Full-time,Chile,Santiago,1272244.0
1576,Emp1576,Perez,F,,,1.0,IC1,Part-time,Chile,Santiago,884958.0
1577,Emp1577,Diaz,F,,,8.0,IC2,Full-time,Chile,Santiago,1261957.0
1578,Emp1578,Munoz,F,,,5.0,IC2,Full-time,Chile,Concepcion,1730005.0
1579,Emp1579,Gonzalez,M,,,6.0,M1,Part-time,Chile,Santiago,3575130.0
1580,Emp1580,Diaz,M,,,7.0,IC1,Contractor,Chile,Santiago,1093802.0
1581,Emp1581,Perez,M,,,4.0,IC2,Full-time,Chile,Santiago,1218152.0
1582,Emp1582,Rojas,M,,,7.0,IC1,Full-time,Chile,Santiago,1621189.0
1583,Emp1583,Diaz,M,,,8.0,IC2,Contractor,Chile,Santiago,1722351.0
1584,Emp1584,Soto,M,,,3.0,IC3,Full-time,Chile,Concepcion,2342785.0
1585,Emp1585,Silva,M,,,7.0,IC2,Full-time,Chile,Valparaiso,1308007.0
1586,Emp1586,Perez,M,,,2.0,M2,Full-time,Chile,Santiago,4504054.0
1587,Emp1587,Munoz,F,,,4.0,M2,Part-time,Chile,Santiago,4671721.0
1588,Emp1588,Gonzalez,M,,,8.0,M1,Full-time,Chile,Santiago,3325755.0
1589,Emp1589,Munoz,F,,,10.0,M1,Full-time,Chile,Santiago,3030028.0
1590,Emp1590,Gonzalez,F,,,1.0,IC2,Full-time,Chile,Santiago,1585734.0
1591,Emp1591,Silva,M,,,7.0,IC3,Full-time,Chile,Concepcion,2145998.0
1592,Emp1592,Perez,M,,,6.0,IC2,Full-time,Chile,Santiago,2016040.0
1593,Emp1593,Soto,F,,,7.0,IC3,Full-time,Chile,Santiago,2523718.0
1594,Emp1594,Gonzalez,F,,,8.0,IC1,Full-time,Chile,Santiago,968916.0
1595,Emp1595,Silva,F,,,1.0,IC1,Part-time,Chile,Santiago,807883.0
1596,Emp1596,Rojas,M,,,8.0,IC1,Full-time,Chile,Concepcion,1169454.0
1597,Emp1597,Silva,F,,,3.0,IC3,Full-time,Chile,Valparaiso,2176796.0
1598,Emp1598,Silva,M,,,2.0,IC3,Full-time,Chile,Concepcion,2195423.0
1599,Emp1599,Munoz,M,,,5.0,IC1,Full-time,Chile,Concepcion,816196.0
1600,Emp1600,Silva,M,,,1.0,IC2,Contractor,Chile,Santiago,1347148.0
1601,Emp1601,Perez,M,,,7.0,IC2,Full-time,Chile,Valparaiso,1640668.0
1602,Emp1602,Silva,F,,,6.0,IC3,Full-time,Chile,Valparaiso,$2.233.280
1603,Emp1603,Munoz,F,,,6.0,IC1,Full-time,Chile,Santiago,1724129.0
1604,Emp1604,Perez,M,,,1.0,IC1,Full-time,Chile,Santiago,1248563.0
1605,Emp1605,Gonzalez,F,,,8.0,IC3,Full-time,Chile,Santiago,2012076.0
1606,Emp1606,Castillo,F,,,1.0,IC3,Full-time,Chile,Concepcion,1916091.0
1607,Emp1607,Rojas,F,,,3.0,M1,Full-time,Chile,Santiago,3299543.0
1608,Emp1608,Diaz,F,,,4.0,IC3,Part-time,Chile,Concepcion,2200783.0
1609,Emp1609,Rojas,F,,,8.0,M1,Full-time,Chile,Concepcion,3532869.0
1610,Emp1610,Rojas,M,,,5.0,IC2,Full-time,Chile,Concepcion,1670466.0
1611,Emp1611,Munoz,M,,,9.0,IC2,Full-time,Chile,Santiago,1104370.0
1612,Emp1612,Rojas,M,,,10.0,M2,Part-time,Chile,Santiago,4245144.0
1613,Emp1613,Silva,M,,,8.0,IC1,Full-time,Chile,Santiago,931179.0
1614,Emp1614,Silva,F,,,1.0,IC3,Full-time,Chile,Santiago,2410509.0
1615,Emp1615,Gonzalez,M,,,8.0,IC1,Full-time,Chile,Santiago,836812.0
1616,Emp1616,Rojas,M,,,3.0,IC2,Full-time,Chile,Valparaiso,1638204.0
1617,Emp1617,Munoz,F,,,9.0,IC1,Full-time,Chile,Santiago,765963.0
1618,Emp1618,Diaz,M,,,10.0,IC3,Full-time,Chile,Santiago,2301546.0
1619,Emp1619,Gonzalez,F,,,1.0,IC3,Full-time,Chile,Concepcion,2392506.0
1620,Emp1620,Castillo,F,,,1.0,IC1,Full-time,Chile,Santiago,1465378.0
1621,Emp1621,Perez,F,,,7.0,IC1,Full-time,Chile,Concepcion,1161394.0
1622,Emp1622,Gonzalez,F,,,2.0,IC2,Full-time,Chile,Santiago,1395816.0
1623,Emp1623,Castillo,F,,,10.0,IC2,Full-time,Chile,Santiago,1973251.0
1624,Emp1624,Gonzalez,M,,,6.0,IC2,Full-time,Chile,Santiago,1554205.0
1625,Emp1625,Diaz,M,,,6.0,M2,Part-time,Chile,Santiago,4693392.0
1626,Emp1626,Castillo,F,,,9.0,IC1,Full-time,Chile,Santiago,946776.0
1627,Emp1627,Diaz,M,,,3.0,IC2,Full-time,Chile,Concepcion,1622695.0
1628,Emp1628,Diaz,F,,,6.0,IC2,Full-time,Chile,Concepcion,1399683.0
1629,Emp1629,Soto,M,,,10.0,IC2,Full-time,Chile,Santiago,1680565.0
1630,Emp1630,Rojas,F,,,1.0,IC2,Full-time,Chile,Santiago,1800957.0
1631,Emp1631,Diaz,F,,,2.0,IC3,Part-time,Chile,Santiago,2176300.0
1632,Emp1632,Castillo,M,,,2.0,IC3,Full-time,Chile,Santiago,2162248.0
1633,Emp1633,Gonzalez,M,,,4.0,M1,Full-time,Chile,Santiago,3289205.0
1634,Emp1634,Castillo,M,,,,IC2,Full-time,Chile,Santiago,1393746.0
1635,Emp1635,Soto,M,,,2.0,IC3,Full-time,Chile,Santiago,1920514.0
1636,Emp1636,Diaz,M,,,9.0,M1,Full-time,Chile,Santiago,3288299.0
1637,Emp1637,Rojas,F,,,5.0,M1,Full-time,Chile,Santiago,3173076.0
1638,Emp1638,Diaz,F,,,4.0,M1,Full-time,Chile,Valparaiso,3167785.0
1639,Emp1639,Rojas,F,,,5.0,IC2,Part-time,Chile,Santiago,1730268.0
1640,Emp1640,Perez,F,,,10.0,M2,Full-time,Chile,Santiago,4665188.0
1641,Emp1641,Silva,F,,,5.0,M1,Full-time,Chile,Santiago,3159750.0
1642,Emp1642,Gonzalez,M,,,5.0,IC3,Contractor,Chile,Santiago,2019333.0
1643,Emp1643,Soto,F,,,10.0,IC3,Full-time,Chile,Concepcion,2140353.0
1644,Emp1644,Diaz,M,,,1.0,M2,Full-time,Chile,Santiago,4646241.0
1645,Emp1645,Rojas,M,,,5.0,IC2,Full-time,Chile,Concepcion,1634101.0
1646,Emp1646,Perez,M,,,8.0,IC3,Contractor,Chile,Santiago,2162560.0
1647,Emp1647,Perez,M,,,6.0,IC3,Full-time,Chile,Santiago,2103903.0
1648,Emp1648,Silva,F,,,9.0,IC3,Full-time,Chile,Santiago,2454456.0
1649,Emp1649,Castillo,F,,,9.0,IC3,Full-time,Chile,Santiago,2244587.0
1650,Emp1650,Munoz,M,,,4.0,IC1,Full-time,Chile,Santiago,1288179.0
1651,Emp1651,Rojas,M,,,9.0,IC2,Full-time,Chile,Santiago,1819834.0
1652,Emp1652,Gonzalez,F,,,3.0,IC2,Full-time,Chile,Santiago,1521790.0
1653,Emp1653,Gonzalez,F,,,3.0,IC3,Part-time,Chile,Santiago,2537412.0
1654,Emp1654,Diaz,M,,,10.0,IC3,Full-time,Chile,Santiago,2334602.0
1655,Emp1655,Rojas,M,,,1.0,M1,Full-time,Chile,Santiago,3266940.0
1656,Emp1656,Rojas,F,,,4.0,IC3,Full-time,Chile,Santiago,1752813.0
1657,Emp1657,Munoz,F,,,7.0,IC3,Full-time,Chile,Antofagasta,2057270.0
1658,Emp1658,Munoz,M,,,5.0,IC1,Full-time,Chile,Santiago,870826.0
1659,Emp1659,Munoz,F,,,9.0,IC3,Full-time,Chile,Santiago,2220336.0
1660,Emp1660,Perez,M,,,3.0,M1,Full-time,Chile,Santiago,3228588.0
1661,Emp1661,Diaz,F,,,6.0,IC3,Part-time,Chile,Santiago,2338813.0
1662,Emp1662,Diaz,M,,,2.0,M1,Full-time,Chile,Santiago,3271437.0
1663,Emp1663,Rojas,F,,,3.0,M2,Full-time,Chile,Santiago,4328764.0
1664,Emp1664,Diaz,F,,,2.0,IC2,Part-time,Chile,Antofagasta,1772841.0
1665,Emp1665,Diaz,M,,,8.0,IC3,Full-time,Chile,Concepcion,2752322.0
1666,Emp1666,Soto,F,,,3.0,IC2,Part-time,Chile,Santiago,1511669.0
1667,Emp1667,Munoz,M,,,7.0,IC2,Full-time,Chile,Concepcion,1434083.0
1668,Emp1668,Silva,F,,,4.0,IC1,Full-time,Chile,Santiago,928667.0
1669,Emp1669,Diaz,M,,,6.0,IC1,Full-time,Chile,Antofagasta,1121367.0
1670,Emp1670,Silva,M,,,9.0,IC1,Full-time,Chile,Santiago,968559.0
1671,Emp1671,Munoz,M,,,9.0,IC3,Part-time,Chile,Antofagasta,1867418.0
1672,Emp1672,Diaz,F,,,1.0,IC1,Full-time,Chile,Santiago,735812.0
1673,Emp1673,Perez,M,,,8.0,IC2,Contractor,Chile,Santiago,1855048.0
1674,Emp1674,Munoz,M,,,10.0,IC2,Full-time,Chile,Concepcion,1920449.0
1675,Emp1675,Silva,M,,,7.0,IC2,Full-time,Chile,Santiago,1999972.0
1676,Emp1676,Castillo,F,,,2.0,M1,Full-time,Chile,Santiago,3256576.0
1677,Emp1677,Rojas,F,,,7.0,IC2,Contractor,Chile,Santiago,1352274.0
1678,Emp1678,Soto,F,,,7.0,IC1,Full-time,Chile,Santiago,990496.0
1679,Emp1679,Castillo,M,,,7.0,M2,Full-time,Chile,Santiago,4127153.0
1680,Emp1680,Diaz,M,,,5.0,M1,Part-time,Chile,Santiago,2817527.0
1681,Emp1681,Castillo,F,,,6.0,IC3,Full-time,Chile,Santiago,2363816.0
1682,Emp1682,Gonzalez,M,,,7.0,IC3,Full-time,Chile,Concepcion,2434753.0
1683,Emp1683,Gonzalez,M,,,5.0,IC1,Part-time,Chile,Santiago,1589593.0
1684,Emp1684,Munoz,F,,,8.0,IC3,Part-time,Chile,Concepcion,2279227.0
1685,Emp1685,Perez,F,,,8.0,IC1,Full-time,Chile,Santiago,760541.0
1686,Emp1686,Diaz,M,,,4.0,IC2,Full-time,Chile,Valparaiso,1569520.0
1687,Emp1687,Soto,M,,,7.0,IC1,Full-time,Chile,Valparaiso,1029385.0
1688,Emp1688,Soto,F,,,8.0,IC3,Full-time,Chile,Concepcion,2177192.0
1689,Emp1689,Castillo,M,,,,IC1,Full-time,Chile,Santiago,1185937.0
1690,Emp1690,Gonzalez,M,,,8.0,IC2,Full-time,Chile,Santiago,1296382.0
1691,Emp1691,Munoz,M,,,2.0,IC1,Full-time,Chile,Concepcion,1132680.0
1692,Emp1692,Castillo,M,,,4.0,IC3,Full-time,Chile,Valparaiso,2462891.0
1693,Emp1693,Silva,M,,,8.0,IC2,Part-time,Chile,Santiago,1954934.0
1694,Emp1694,Soto,M,,,9.0,IC2,Full-time,Chile,Santiago,1677594.0
1695,Emp1695,Rojas,F,,,7.0,IC2,Full-time,Chile,Valparaiso,1860780.0
1696,Emp1696,Silva,M,,,7.0,IC3,Part-time,Chile,Santiago,2189026.0
1697,Emp1697,Soto,F,,,4.0,IC1,Part-time,Chile,Santiago,1023927.0
1698,Emp1698,Rojas,M,,,8.0,M1,Full-time,Chile,Concepcion,3536962.0
1699,Emp1699,Perez,F,,,4.0,IC2,Contractor,Chile,Santiago,1257104.0
1700,Emp1700,Castillo,M,,,1.0,IC1,Full-time,Chile,Santiago,999215.0
1701,Emp1701,Perez,F,,,3.0,IC1,Full-time,Chile,Santiago,1382112.0
1702,Emp1702,Rojas,F,,,7.0,IC1,Full-time,Chile,Santiago,1047222.0
1703,Emp1703,Silva,F,,,10.0,IC2,Full-time,Chile,Santiago,1528599.0
1704,Emp1704,Rojas,M,,,5.0,IC2,Full-time,Chile,Santiago,1533667.0
1705,Emp1705,Castillo,M,,,9.0,M1,Full-time,Chile,Santiago,3229288.0
1706,Emp1706,Munoz,F,,,8.0,IC2,Part-time,Chile,Concepcion,1871521.0
1707,Emp1707,Castillo,M,,,6.0,IC1,Full-time,Chile,Valparaiso,1331058.0
1708,Emp1708,Castillo,M,,,9.0,IC2,Full-time,Chile,Concepcion,1602864.0
1709,Emp1709,Rojas,F,,,5.0,IC1,Full-time,Chile,Santiago,1373097.0
1710,Emp1710,Rojas,M,,,5.0,IC1,Full-time,Chile,Santiago,1185448.0
1711,Emp1711,Perez,F,,,8.0,IC2,Contractor,Chile,Valparaiso,1814780.0
1712,Emp1712,Soto,F,,,7.0,IC1,Full-time,Chile,Santiago,842908.0
1713,Emp1713,Castillo,M,,,6.0,IC1,Full-time,Chile,Santiago,1534638.0
1714,Emp1714,Silva,F,,,5.0,M1,Full-time,Chile,Santiago,3255053.0
1715,Emp1715,Silva,M,,,10.0,IC3,Full-time,Chile,Santiago,1612923.0
1716,Emp1716,Castillo,M,,,1.0,M1,Full-time,Chile,Santiago,3614882.0
1717,Emp1717,Silva,M,,,1.0,IC2,Full-time,Chile,Santiago,1601264.0
1718,Emp1718,Soto,M,,,5.0,M1,Part-time,Chile,Santiago,3101127.0
1719,Emp1719,Soto,M,,,1.0,IC2,Full-time,Chile,Santiago,1448579.0
1720,Emp1720,Diaz,M,,,4.0,IC1,Full-time,Chile,Santiago,1209875.0
1721,Emp1721,Gonzalez,F,,,6.0,M1,Full-time,Chile,Santiago,2977903.0
1722,Emp1722,Silva,F,,,5.0,IC1,Full-time,Chile,Concepcion,955773.0
1723,Emp1723,Silva,M,,,,IC2,Full-time,Chile,Concepcion,1461780.0
1724,Emp1724,Silva,F,,,3.0,M1,Full-time,Chile,Antofagasta,
1725,Emp1725,Diaz,F,,,7.0,IC3,Full-time,Chile,Santiago,
1726,Emp1726,Munoz,F,,,10.0,IC2,Full-time,Chile,Santiago,1813204.0
1727,Emp1727,Castillo,M,,,8.0,IC2,Part-time,Chile,Santiago,1667766.0
1728,Emp1728,Diaz,F,,,6.0,IC1,Full-time,Chile,Santiago,1198259.0
1729,Emp1729,Soto,F,,,2.0,M2,Full-time,Chile,Valparaiso,4652651.0
1730,Emp1730,Gonzalez,F,,,3.0,IC1,Full-time,Chile,Valparaiso,1076726.0
1731,Emp1731,Munoz,F,,,5.0,IC2,Full-time,Chile,Santiago,$1.344.923
1732,Emp1732,Castillo,M,,,3.0,IC1,Full-time,Chile,Santiago,1551293.0
1733,Emp1733,Silva,F,,,7.0,M1,Part-time,Chile,Antofagasta,3431884.0
1734,Emp1734,Munoz,M,,,4.0,IC3,Full-time,Chile,Santiago,2703207.0
1735,Emp1735,Munoz,M,,,9.0,IC2,Full-time,Chile,Concepcion,1858635.0
1736,Emp1736,Munoz,F,,,3.0,M2,Full-time,Chile,Valparaiso,4384907.0
1737,Emp1737,Diaz,M,,,5.0,IC1,Full-time,Chile,Santiago,513006.0
1738,Emp1738,Gonzalez,M,,,8.0,M1,Full-time,Chile,Concepcion,2892726.0
1739,Emp1739,Gonzalez,M,,,3.0,IC1,Contractor,Chile,Concepcion,1259131.0
1740,Emp1740,Rojas,F,,,8.0,IC2,Full-time,Chile,Valparaiso,1574563.0
1741,Emp1741,Soto,F,,,6.0,IC1,Full-time,Chile,Santiago,995038.0
1742,Emp1742,Silva,M,,,7.0,M2,Contractor,Chile,Santiago,3876112.0
1743,Emp1743,Soto,M,,,5.0,M1,Full-time,Chile,Santiago,3196718.0
1744,Emp1744,Gonzalez,M,,,10.0,IC3,Full-time,Chile,Santiago,2029555.0
1745,Emp1745,Rojas,M,,,8.0,IC1,Part time,Chile,Santiago,918904.0
1746,Emp1746,Castillo,F,,,2.0,IC2,Full-time,Chile,Santiago,1812526.0
1747,Emp1747,Castillo,M,,,6.0,IC2,Full-time,Chile,Santiago,1342715.0
1748,Emp1748,Soto,F,,,10.0,IC2,Full-time,Chile,Valparaiso,
1749,Emp1749,Munoz,M,,,3.0,IC1,Part-time,Chile,Santiago,1146395.0
1750,Emp1750,Silva,F,,,6.0,IC3,Full-time,Chile,Santiago,2518091.0
1751,Emp1751,Castillo,F,,,8.0,IC3,Full-time,Chile,Santiago,2199324.0
1752,Emp1752,Castillo,M,,,3.0,M1,Full-time,Chile,Santiago,3566804.0
1753,Emp1753,Silva,M,,,6.0,IC2,Part-time,Chile,Santiago,1280333.0
1754,Emp1754,Soto,M,,,6.0,IC2,Full-time,Chile,Santiago,1236486.0
1755,Emp1755,Silva,F,,,2.0,IC2,Full-time,Chile,Santiago,1215179.0
1756,Emp1756,Perez,F,,,2.0,IC1,Contractor,Chile,Santiago,686954.0
1757,Emp1757,Perez,M,,,6.0,IC3,Full-time,Chile,Santiago,2384137.0
1758,Emp1758,Diaz,F,,,2.0,IC3,Full-time,Chile,Santiago,2055553.0
1759,Emp1759,Diaz,F,,,10.0,IC1,Full-time,Chile,Santiago,747452.0
1760,Emp1760,Diaz,M,,,6.0,IC2,Full-time,Chile,Santiago,1694949.0
1761,Emp1761,Soto,F,,,8.0,M1,Full-time,Chile,Valparaiso,3405987.0
1762,Emp1762,Soto,M,,,4.0,IC2,Full-time,Chile,Santiago,1862715.0
1763,Emp1763,Gonzalez,F,,,3.0,IC2,Full-time,Chile,Santiago,1818821.0
1764,Emp1764,Diaz,M,,,5.0,IC3,Full-time,Chile,Santiago,2070474.0
1765,Emp1765,Diaz,M,,,8.0,IC3,Full-time,Chile,Valparaiso,2369023.0
1766,Emp1766,Castillo,M,,,4.0,IC1,Full-time,Chile,Santiago,1224218.0
1767,Emp1767,Diaz,M,,,3.0,M1,Part-time,Chile,Santiago,3081279.0
1768,Emp1768,Soto,F,,,2.0,M1,Full-time,Chile,Valparaiso,3241188.0
1769,Emp1769,Gonzalez,M,,,6.0,IC1,Full-time,Chile,Santiago,787095.0
1770,Emp1770,Rojas,M,,,7.0,IC1,Full-time,Chile,Concepcion,943100.0
1771,Emp1771,Perez,M,,,6.0,IC3,Full-time,Chile,Santiago,2392947.0
1772,Emp1772,Soto,M,,,3.0,IC3,Full-time,Chile,Valparaiso,2676886.0
1773,Emp1773,Perez,M,,,3.0,IC2,Full-time,Chile,Concepcion,1887860.0
1774,Emp1774,Soto,M,,,4.0,IC2,Part-time,Chile,Antofagasta,1765215.0
1775,Emp1775,Munoz,M,,,4.0,IC3,Full-time,Chile,Santiago,2319925.0
1776,Emp1776,Rojas,F,,,3.0,IC2,Full-time,Chile,Valparaiso,1581192.0
1777,Emp1777,Perez,M,,,10.0,IC1,Full-time,Chile,Santiago,738100.0
1778,Emp1778,Rojas,M,,,4.0,IC1,Full-time,Chile,Santiago,$891.123
1779,Emp1779,Perez,F,,,3.0,IC2,Full-time,Chile,Concepcion,1399286.0
1780,Emp1780,Silva,M,,,7.0,M1,Full-time,Chile,Santiago,3343690.0
1781,Emp1781,Gonzalez,M,,,,IC3,Full-time,Chile,Concepcion,2536237.0
1782,Emp1782,Perez,F,,,5.0,IC2,Full-time,Chile,Santiago,1784143.0
1783,Emp1783,Gonzalez,M,,,7.0,M1,Full-time,Chile,Santiago,3495667.0
1784,Emp1784,Castillo,M,,,1.0,IC2,Full-time,Chile,Santiago,1618064.0
1785,Emp1785,Silva,M,,,6.0,IC2,Full-time,Chile,Santiago,1354267.0
1786,Emp1786,Rojas,F,,,1.0,IC1,Part-time,Chile,Santiago,1087517.0
1787,Emp1787,Rojas,M,,,2.0,IC3,Full-time,Chile,Santiago,2118791.0
1788,Emp1788,Gonzalez,F,,,6.0,IC3,Full-time,Chile,Antofagasta,2464465.0
1789,Emp1789,Soto,M,,,3.0,IC3,Full-time,Chile,Valparaiso,2210228.0
1790,Emp1790,Munoz,F,,,1.0,IC2,Part-time,Chile,Valparaiso,1575367.0
1791,Emp1791,Diaz,M,,,2.0,IC2,Full-time,Chile,Santiago,1773406.0
1792,Emp1792,Castillo,M,,,8.0,IC1,Full-time,Chile,Santiago,914726.0
1793,Emp1793,Perez,M,,,6.0,M2,Part-time,Chile,Santiago,4740994.0
1794,Emp1794,Perez,M,,,4.0,IC1,Full-time,Chile,Santiago,763101.0
1795,Emp1795,Soto,M,,,10.0,IC3,Full-time,Chile,Santiago,2376638.0
1796,Emp1796,Rojas,M,,,4.0,IC3,Full-time,Chile,Concepcion,2277275.0
1797,Emp1797,Castillo,F,,,9.0,IC1,Full-time,Chile,Santiago,1306835.0
1798,Emp1798,Rojas,M,,,4.0,IC2,Full-time,Chile,Concepcion,1256407.0
1799,Emp1799,Soto,M,,,1.0,IC1,Full-time,Chile,Santiago,717302.0
1800,Emp1800,Diaz,M,,,2.0,IC3,Full-time,Chile,Santiago,2487511.0
1801,Emp1801,Gonzalez,M,,,3.0,M2,Full-time,Chile,Santiago,4402269.0
1802,Emp1802,Soto,M,,,2.0,IC2,Contractor,Chile,Concepcion,1577299.0
1803,Emp1803,Soto,M,,,2.0,M2,Full-time,Chile,Santiago,4335063.0
1804,Emp1804,Perez,M,,,4.0,IC1,Contractor,Chile,Valparaiso,1328203.0
1805,Emp1805,Rojas,F,,,10.0,IC2,Full-time,Chile,Santiago,1674804.0
1806,Emp1806,Gonzalez,M,,,3.0,M1,Full-time,Chile,Concepcion,3260166.0
1807,Emp1807,Gonzalez,M,,,3.0,M1,Part-time,Chile,Santiago,2907595.0
1808,Emp1808,Soto,M,,,10.0,IC2,Full-time,Chile,Santiago,1725376.0
1809,Emp1809,Gonzalez,M,,,3.0,IC3,Full-time,Chile,Valparaiso,2051947.0
1810,Emp1810,Castillo,F,,,9.0,M1,Full-time,Chile,Valparaiso,3035362.0
1811,Emp1811,Rojas,F,,,7.0,IC3,Full-time,Chile,Santiago,1958663.0
1812,Emp1812,Silva,M,,,10.0,IC3,Full-time,Chile,Santiago,2260865.0
1813,Emp1813,Silva,F,,,6.0,IC1,Contractor,Chile,Concepcion,1366118.0
1814,Emp1814,Soto,F,,,6.0,IC1,Full-time,Chile,Santiago,1156674.0
1815,Emp1815,Castillo,F,,,3.0,IC3,Full-time,Chile,Antofagasta,2189545.0
1816,Emp1816,Gonzalez,M,,,6.0,IC2,Full-time,Chile,Santiago,1627287.0
1817,Emp1817,Rojas,M,,,7.0,IC1,Full-time,Chile,Santiago,1125903.0
1818,Emp1818,Perez,F,,,10.0,IC2,Full-time,Chile,Santiago,1616517.0
1819,Emp1819,Rojas,F,,,1.0,IC2,Full-time,Chile,Santiago,1644334.0
1820,Emp1820,Perez,M,,,2.0,IC2,Full-time,Chile,Santiago,1340001.0
1821,Emp1821,Perez,F,,,1.0,IC2,Full-time,Chile,Concepcion,1626635.0
1822,Emp1822,Munoz,M,,,8.0,IC2,Full-time,Chile,Santiago,1161188.0
1823,Emp1823,Perez,M,,,1.0,IC1,Full-time,Chile,Santiago,1243906.0
1824,Emp1824,Castillo,F,,,10.0,M1,Full-time,Chile,Santiago,
1825,Emp1825,Munoz,M,,,4.0,IC3,Full-time,Chile,Valparaiso,2594399.0
1826,Emp1826,Castillo,F,,,3.0,IC1,Full-time,Chile,Concepcion,488691.0
1827,Emp1827,Gonzalez,F,,,10.0,IC2,Full-time,Chile,Santiago,2018606.0
1828,Emp1828,Castillo,M,,,8.0,IC2,Full-time,Chile,Concepcion,1190195.0
1829,Emp1829,Diaz,M,,,6.0,IC3,Full-time,Chile,Santiago,2000016.0
1830,Emp1830,Castillo,M,,,9.0,IC3,Full-time,Chile,Santiago,2374764.0
1831,Emp1831,Perez,F,,,8.0,IC3,Contractor,Chile,Valparaiso,2454679.0
1832,Emp1832,Castillo,F,,,7.0,IC3,Contractor,Chile,Santiago,2229154.0
1833,Emp1833,Diaz,M,,,4.0,IC1,Full-time,Chile,Santiago,1323152.0
1834,Emp1834,Gonzalez,M,,,10.0,IC2,Contractor,Chile,Santiago,1400861.0
1835,Emp1835,Soto,M,,,8.0,IC1,Full-time,Chile,Santiago,1000077.0
1836,Emp1836,Rojas,F,,,10.0,IC2,Full-time,Chile,Santiago,1524481.0
1837,Emp1837,Castillo,M,,,10.0,IC2,Full-time,Chile,Santiago,1465401.0
1838,Emp1838,Perez,M,,,6.0,IC3,Full-time,Chile,Valparaiso,1816455.0
1839,Emp1839,Rojas,M,,,4.0,IC1,Full-time,Chile,Santiago,1093833.0
1840,Emp1840,Diaz,F,,,10.0,IC3,Part-time,Chile,Santiago,2271248.0
1841,Emp1841,Soto,M,,,10.0,IC2,Full-time,Chile,Antofagasta,1869546.0
1842,Emp1842,Gonzalez,F,,,2.0,IC2,Full-time,Chile,Valparaiso,1278514.0
1843,Emp1843,Munoz,M,,,7.0,IC3,Full-time,Chile,Santiago,2140148.0
1844,Emp1844,Munoz,M,,,7.0,IC1,Full-time,Chile,Santiago,1400873.0
1845,Emp1845,Silva,M,,,8.0,IC2,Full-time,Chile,Santiago,1673322.0
1846,Emp1846,Diaz,M,,,10.0,IC2,Full-time,Chile,Santiago,1737345.0
1847,Emp1847,Soto,M,,,3.0,IC3,Full-time,Chile,Santiago,2413358.0
1848,Emp1848,Diaz,M,,,10.0,IC1,Full-time,Chile,Santiago,1214468.0
1849,Emp1849,Diaz,M,,,7.0,M1,Full-time,Chile,Santiago,3655262.0
1850,Emp1850,Rojas,M,,,1.0,M2,Full-time,Chile,Santiago,4522885.0
1851,Emp1851,Gonzalez,F,,,6.0,M1,Full-time,Chile,Santiago,2947164.0
1852,Emp1852,Perez,M,,,2.0,IC2,Full-time,Chile,Santiago,1759699.0
1853,Emp1853,Soto,M,,,10.0,IC3,Full-time,Chile,Concepcion,2158362.0
1854,Emp1854,Rojas,M,,,8.0,IC1,Part time,Chile,Santiago,1072516.0
1855,Emp1855,Gonzalez,M,,,10.0,M1,Full-time,Chile,Valparaiso,3292545.0
1856,Emp1856,Munoz,M,,,7.0,IC2,Full-time,Chile,Santiago,1394661.0
1857,Emp1857,Perez,F,,,4.0,IC1,Part-time,Chile,Santiago,972426.0
1858,Emp1858,Diaz,M,,,5.0,IC2,Full-time,Chile,Santiago,1718962.0
1859,Emp1859,Diaz,F,,,10.0,M1,Full-time,Chile,Santiago,3062839.0
1860,Emp1860,Silva,F,,,2.0,M1,Contractor,Chile,Concepcion,3443346.0
1861,Emp1861,Silva,F,,,9.0,IC2,Full-time,Chile,Santiago,1353461.0
1862,Emp1862,Perez,F,,,5.0,IC2,Part-time,Chile,Santiago,1352619.0
1863,Emp1863,Munoz,F,,,6.0,IC3,Full-time,Chile,Santiago,2776514.0
1864,Emp1864,Perez,M,,,7.0,M1,Part-time,Chile,Santiago,2817443.0
1865,Emp1865,Munoz,F,,,1.0,IC3,Full-time,Chile,Santiago,2293321.0
1866,Emp1866,Soto,M,,,2.0,IC2,Part-time,Chile,Santiago,2062871.0
1867,Emp1867,Gonzalez,F,,,2.0,IC3,Full-time,Chile,Santiago,2292852.0
1868,Emp1868,Munoz,M,,,8.0,M1,Full-time,Chile,Santiago,3536693.0
1869,Emp1869,Gonzalez,M,,,1.0,IC1,Full-time,Chile,Concepcion,1263119.0
1870,Emp1870,Munoz,F,,,7.0,IC2,Full-time,Chile,Santiago,1598200.0
1871,Emp1871,Gonzalez,M,,,2.0,IC1,Full-time,Chile,Concepcion,1067339.0
1872,Emp1872,Rojas,M,,,8.0,IC2,Contractor,Chile,Santiago,1070171.0
1873,Emp1873,Diaz,M,,,10.0,IC3,Full-time,Chile,Santiago,2220222.0
1874,Emp1874,Castillo,F,,,5.0,IC1,Full-time,Chile,Santiago,1158055.0
1875,Emp1875,Soto,M,,,3.0,IC2,Full-time,Chile,Santiago,1657916.0
1876,Emp1876,Gonzalez,M,,,5.0,IC1,Full-time,Chile,Santiago,1716465.0
1877,Emp1877,Rojas,F,,,7.0,M1,Contractor,Chile,Antofagasta,3270240.0
1878,Emp1878,Castillo,M,,,8.0,M1,Full-time,Chile,Concepcion,3357536.0
1879,Emp1879,Silva,F,,,7.0,IC2,Full-time,Chile,Santiago,1891241.0
1880,Emp1880,Gonzalez,M,,,6.0,IC3,Full-time,Chile,Santiago,2435125.0
1881,Emp1881,Soto,F,,,7.0,IC1,Full-time,Chile,Valparaiso,1078488.0
1882,Emp1882,Perez,F,,,3.0,M1,Full-time,Chile,Concepcion,3179703.0
1883,Emp1883,Rojas,M,,,3.0,IC3,Full-time,Chile,Santiago,2212336.0
1884,Emp1884,Munoz,M,,,10.0,IC1,Full-time,Chile,Santiago,1211053.0
1885,Emp1885,Diaz,M,,,6.0,M2,Full-time,Chile,Santiago,4457420.0
1886,Emp1886,Rojas,M,,,9.0,IC1,Full-time,Chile,Santiago,1256234.0
1887,Emp1887,Silva,F,,,7.0,IC3,Full-time,Chile,Santiago,2047728.0
1888,Emp1888,Soto,F,,,5.0,IC1,Full-time,Chile,Santiago,1136712.0
1889,Emp1889,Gonzalez,F,,,6.0,IC3,Full-time,Chile,Santiago,2688017.0
1890,Emp1890,Soto,M,,,7.0,IC1,Full-time,Chile,Santiago,1043844.0
1891,Emp1891,Rojas,F,,,2.0,IC1,Full-time,Chile,Santiago,$1.560.750
1892,Emp1892,Rojas,M,,,5.0,IC2,Full-time,Chile,Santiago,1640918.0
1893,Emp1893,Castillo,F,,,8.0,M2,Full-time,Chile,Santiago,4485873.0
1894,Emp1894,Silva,F,,,1.0,IC2,Full-time,Chile,Santiago,1629155.0
1895,Emp1895,Rojas,F,,,1.0,IC3,Full-time,Chile,Santiago,2222144.0
1896,Emp1896,Munoz,F,,,2.0,IC2,Full-time,Chile,Concepcion,1104861.0
1897,Emp1897,Diaz,F,,,6.0,M1,Full-time,Chile,Santiago,3420044.0
1898,Emp1898,Munoz,M,,,3.0,IC2,Full-time,Chile,Santiago,2148178.0
1899,Emp1899,Silva,F,,,5.0,IC3,Full-time,Chile,Santiago,2420107.0
1900,Emp1900,Perez,M,,,2.0,M2,Full-time,Chile,Concepcion,4635330.0
1901,Emp1901,Diaz,M,,,3.0,IC2,Full-time,Chile,Santiago,1554352.0
1902,Emp1902,Diaz,M,,,1.0,IC2,Full-time,Chile,Santiago,1889447.0
1903,Emp1903,Silva,M,,,9.0,M1,Full-time,Chile,Santiago,3190182.0
1904,Emp1904,Rojas,F,,,5.0,IC2,Full-time,Chile,Santiago,1666805.0
1905,Emp1905,Perez,F,,,2.0,IC2,Full-time,Chile,Concepcion,1208696.0
1906,Emp1906,Rojas,F,,,6.0,IC2,Full-time,Chile,Santiago,1467665.0
1907,Emp1907,Perez,M,,,10.0,M1,Full-time,Chile,Valparaiso,3291838.0
1908,Emp1908,Rojas,M,,,9.0,M1,Full-time,Chile,Valparaiso,3426803.0
1909,Emp1909,Gonzalez,F,,,9.0,IC3,Full-time,Chile,Concepcion,2533735.0
1910,Emp1910,Castillo,F,,,5.0,IC3,Full-time,Chile,Antofagasta,1905205.0
1911,Emp1911,Gonzalez,M,,,4.0,IC2,Full-time,Chile,Santiago,1230555.0
1912,Emp1912,Castillo,M,,,4.0,IC1,Full-time,Chile,Santiago,1246034.0
1913,Emp1913,Gonzalez,M,,,4.0,IC1,Full-time,Chile,Santiago,913298.0
1914,Emp1914,Munoz,M,,,10.0,IC1,Full-time,Chile,Santiago,1323648.0
1915,Emp1915,Perez,M,,,2.0,IC1,Full-time,Chile,Valparaiso,692458.0
1916,Emp1916,Diaz,M,,,9.0,IC3,Full-time,Chile,Santiago,2275398.0
1917,Emp1917,Perez,F,,,10.0,IC1,Contractor,Chile,Santiago,1091441.0
1918,Emp1918,Soto,F,,,9.0,IC1,Full-time,Chile,Valparaiso,1220117.0
1919,Emp1919,Soto,M,,,7.0,IC2,Full-time,Chile,Santiago,1342210.0
1920,Emp1920,Diaz,M,,,9.0,IC1,Full-time,Chile,Santiago,608309.0
1921,Emp1921,Soto,F,,,1.0,IC1,Part-time,Chile,Concepcion,1142818.0
1922,Emp1922,Diaz,M,,,9.0,IC1,Full-time,Chile,Santiago,1231608.0
1923,Emp1923,Munoz,F,,,6.0,IC2,Full-time,Chile,Santiago,1851864.0
1924,Emp1924,Soto,M,,,10.0,IC2,Full-time,Chile,Santiago,1510362.0
1925,Emp1925,Perez,F,,,1.0,IC3,Full-time,Chile,Santiago,2493920.0
1926,Emp1926,Rojas,M,,,10.0,M1,Full-time,Chile,Santiago,3321443.0
1927,Emp1927,Perez,M,,,6.0,IC3,Full-time,Chile,Santiago,2630601.0
1928,Emp1928,Rojas,F,,,2.0,IC3,Full-time,Chile,Santiago,2286153.0
1929,Emp1929,Rojas,F,,,6.0,M1,Full-time,Chile,Santiago,2767525.0
1930,Emp1930,Castillo,M,,,1.0,IC2,Full-time,Chile,Santiago,1583085.0
1931,Emp1931,Gonzalez,F,,,1.0,IC3,Full-time,Chile,Santiago,2322113.0
1932,Emp1932,Soto,F,,,6.0,IC2,Full-time,Chile,Santiago,1729549.0
1933,Emp1933,Munoz,M,,,9.0,IC2,Full-time,Chile,Santiago,1216829.0
1934,Emp1934,Castillo,F,,,2.0,IC2,Part-time,Chile,Santiago,1521989.0
1935,Emp1935,Rojas,F,,,3.0,IC1,Full-time,Chile,Santiago,1317026.0
1936,Emp1936,Rojas,F,,,4.0,IC3,Part-time,Chile,Santiago,2273979.0
1937,Emp1937,Perez,M,,,6.0,IC1,Full-time,Chile,Concepcion,1023566.0
1938,Emp1938,Diaz,F,,,1.0,IC3,Full-time,Chile,Santiago,2776582.0
1939,Emp1939,Castillo,F,,,7.0,M1,Full-time,Chile,Antofagasta,2932499.0
1940,Emp1940,Rojas,F,,,5.0,IC2,Full-time,Chile,Santiago,1908289.0
1941,Emp1941,Rojas,F,,,10.0,IC1,Full-time,Chile,Santiago,1355312.0
1942,Emp1942,Perez,F,,,4.0,IC2,Full-time,Chile,Santiago,1543708.0
1943,Emp1943,Munoz,F,,,5.0,IC2,Full-time,Chile,Valparaiso,1591777.0
1944,Emp1944,Gonzalez,F,,,1.0,M2,Full-time,Chile,Concepcion,4490885.0
1945,Emp1945,Soto,F,,,10.0,IC3,Part-time,Chile,Santiago,2345487.0
1946,Emp1946,Gonzalez,M,,,9.0,IC3,Full-time,Chile,Santiago,2151365.0
1947,Emp1947,Rojas,F,,,4.0,IC2,Full-time,Chile,Concepcion,1492963.0
1948,Emp1948,Castillo,F,,,5.0,IC3,Full-time,Chile,Concepcion,
1949,Emp1949,Gonzalez,M,,,9.0,IC3,Full-time,Chile,Antofagasta,2219176.0
1950,Emp1950,Perez,M,,,3.0,IC1,Full-time,Chile,Santiago,1022311.0
1951,Emp1951,Castillo,M,,,3.0,IC1,Full-time,Chile,Santiago,539794.0
1952,Emp1952,Diaz,F,,,3.0,IC1,Full-time,Chile,Santiago,1124412.0
1953,Emp1953,Gonzalez,F,,,8.0,IC2,Part-time,Chile,Valparaiso,$1.468.133
1954,Emp1954,Soto,F,,,3.0,M1,Full-time,Chile,Santiago,2733297.0
1955,Emp1955,Castillo,F,,,1.0,IC3,Full-time,Chile,Santiago,2212487.0
1956,Emp1956,Soto,F,,,2.0,IC2,Full-time,Chile,Santiago,1504761.0
1957,Emp1957,Diaz,M,,,10.0,M1,Full-time,Chile,Santiago,3518811.0
1958,Emp1958,Diaz,F,,,9.0,IC1,Full-time,Chile,Valparaiso,965193.0
1959,Emp1959,Silva,M,,,10.0,IC1,Full-time,Chile,Santiago,1266948.0
1960,Emp1960,Rojas,F,,,3.0,M1,Full-time,Chile,Concepcion,$3.545.703
1961,Emp1961,Munoz,F,,,5.0,M1,Contractor,Chile,Santiago,
1962,Emp1962,Castillo,M,,,5.0,IC3,Full-time,Chile,Santiago,2288126.0
1963,Emp1963,Rojas,M,,,6.0,IC1,Part-time,Chile,Santiago,1532173.0
1964,Emp1964,Munoz,F,,,1.0,M2,Full-time,Chile,Santiago,4557244.0
1965,Emp1965,Munoz,M,,,6.0,IC3,Full-time,Chile,Santiago,2393437.0
1966,Emp1966,Silva,F,,,1.0,IC3,Full-time,Chile,Concepcion,2198187.0
1967,Emp1967,Perez,F,,,3.0,IC1,Full-time,Chile,Santiago,1271763.0
1968,Emp1968,Soto,M,,,3.0,IC2,Contractor,Chile,Santiago,1590089.0
1969,Emp1969,Munoz,F,,,7.0,M1,Full-time,Chile,Valparaiso,2741974.0
1970,Emp1970,Rojas,F,,,9.0,M1,Full-time,Chile,Santiago,3111192.0
1971,Emp1971,Munoz,M,,,7.0,IC3,Part-time,Chile,Santiago,2004205.0
1972,Emp1972,Castillo,F,,,5.0,IC2,Full-time,Chile,Santiago,1628060.0
1973,Emp1973,Silva,F,,,6.0,IC3,Full-time,Chile,Santiago,2070790.0
1974,Emp1974,Perez,F,,,6.0,IC2,Full-time,Chile,Santiago,1719532.0
1975,Emp1975,Diaz,M,,,2.0,IC2,Full-time,Chile,Santiago,1611191.0
1976,Emp1976,Gonzalez,M,,,10.0,IC1,Full-time,Chile,Santiago,787998.0
1977,Emp1977,Castillo,F,,,10.0,IC1,Full-time,Chile,Santiago,976865.0
1978,Emp1978,Perez,F,,,3.0,IC3,Full-time,Chile,Santiago,2455141.0
1979,Emp1979,Gonzalez,M,,,2.0,IC1,Full-time,Chile,Santiago,1386998.0
1980,Emp1980,Munoz,F,,,2.0,IC1,Full-time,Chile,Santiago,874395.0
1981,Emp1981,Silva,M,,,7.0,M1,Full-time,Chile,Santiago,2925640.0
1982,Emp1982,Diaz,M,,,1.0,IC3,Full-time,Chile,Santiago,2787746.0
1983,Emp1983,Gonzalez,F,,,2.0,IC1,Full-time,Chile,Santiago,1097558.0
1984,Emp1984,Munoz,F,,,7.0,IC2,Full-time,Chile,Concepcion,1622867.0
1985,Emp1985,Silva,F,,,2.0,IC3,Full-time,Chile,Santiago,2115152.0
1986,Emp1986,Munoz,F,,,1.0,IC2,Full-time,Chile,Santiago,1653805.0
1987,Emp1987,Munoz,F,,,1.0,IC2,Contractor,Chile,Santiago,2028774.0
1988,Emp1988,Rojas,M,,,8.0,IC2,Full-time,Chile,Santiago,1663591.0
1989,Emp1989,Rojas,F,,,4.0,IC1,Full-time,Chile,Santiago,1366241.0
1990,Emp1990,Castillo,M,,,3.0,IC3,Contractor,Chile,Santiago,2307246.0
1991,Emp1991,Diaz,M,,,7.0,IC1,Full-time,Chile,Santiago,843549.0
1992,Emp1992,Soto,F,,,2.0,IC2,Full-time,Chile,Santiago,1429191.0
1993,Emp1993,Perez,F,,,6.0,IC1,Full-time,Chile,Santiago,820549.0
1994,Emp1994,Silva,F,,,5.0,IC1,Full-time,Chile,Santiago,1154447.0
1995,Emp1995,Munoz,M,,,7.0,IC1,Part-time,Chile,Santiago,1405972.0
1996,Emp1996,Gonzalez,F,,,7.0,M1,Full-time,Chile,Santiago,3240253.0
1997,Emp1997,Diaz,M,,,7.0,IC1,Contractor,Chile,Santiago,1023055.0
1998,Emp1998,Castillo,M,,,3.0,IC2,Full-time,Chile,Antofagasta,1402590.0
1999,Emp1999,Perez,M,,,2.0,IC1,Full-time,Chile,Santiago,1188861.0
2000,Emp2000,Perez,M,,,6.0,IC3,Full-time,Chile,Santiago,1990467.0
2001,Emp2001,Castillo,M,,,1.0,IC2,Part-time,Chile,Concepcion,1316475.0
2002,Emp2002,Gonzalez,M,,,5.0,M1,Part-time,Chile,Santiago,3425041.0
2003,Emp2003,Soto,M,,,7.0,IC3,Full-time,Chile,Santiago,2230566.0
2004,Emp2004,Soto,M,,,9.0,IC2,Part-time,Chile,Santiago,1525636.0
2005,Emp2005,Munoz,M,,,7.0,IC3,Full-time,Chile,Santiago,2257733.0
2006,Emp2006,Rojas,M,,,10.0,IC1,Full-time,Chile,Santiago,1281468.0
2007,Emp2007,Soto,M,,,6.0,M2,Full-time,Chile,Concepcion,4541376.0
2008,Emp2008,Rojas,M,,,5.0,M2,Contractor,Chile,Valparaiso,4314230.0
2009,Emp2009,Munoz,M,,,3.0,IC2,full time,Chile,Santiago,1423227.0
2010,Emp2010,Silva,M,,,7.0,IC3,Full-time,Chile,Santiago,2251222.0
2011,Emp2011,Soto,F,,,9.0,IC1,Contractor,Chile,Valparaiso,1175555.0
2012,Emp2012,Soto,M,,,4.0,IC2,Full-time,Chile,Concepcion,1591123.0
2013,Emp2013,Rojas,M,,,1.0,IC3,Full-time,Chile,Concepcion,2268877.0
2014,Emp2014,Castillo,M,,,1.0,M1,Full-time,Chile,Santiago,3211571.0
2015,Emp2015,Silva,F,,,7.0,IC2,Full-time,Chile,Santiago,1590944.0
2016,Emp2016,Perez,M,,,7.0,IC3,Full-time,Chile,Valparaiso,2104904.0
2017,Emp2017,Soto,M,,,2.0,IC3,Full-time,Chile,Concepcion,2576763.0
2018,Emp2018,Silva,M,,,1.0,IC1,Part-time,Chile,Santiago,979422.0
2019,Emp2019,Silva,M,,,7.0,IC3,Full-time,Chile,Valparaiso,2332305.0
2020,Emp2020,Soto,M,,,4.0,IC3,Full-time,Chile,Santiago,1784916.0
2021,Emp2021,Perez,M,,,5.0,IC3,Part-time,Chile,Concepcion,2246206.0
2022,Emp2022,Silva,F,,,3.0,M2,Full-time,Chile,Santiago,4225103.0
2023,Emp2023,Silva,M,,,8.0,IC1,Part-time,Chile,Concepcion,855245.0
2024,Emp2024,Diaz,F,,,8.0,IC1,Full-time,Chile,Santiago,1705546.0
2025,Emp2025,Gonzalez,M,,,1.0,IC1,Contractor,Chile,Santiago,1162381.0
2026,Emp2026,Soto,M,,,1.0,IC1,Full-time,Chile,Santiago,1406506.0
2027,Emp2027,Diaz,F,,,6.0,IC2,Full-time,Chile,Concepcion,1813826.0
2028,Emp2028,Castillo,F,,,7.0,M1,Full-time,Chile,Santiago,3445811.0
2029,Emp2029,Diaz,F,,,2.0,IC2,Part-time,Chile,Santiago,1550232.0
2030,Emp2030,Perez,M,,,2.0,IC3,Contractor,Chile,Antofagasta,2701601.0
2031,Emp2031,Diaz,M,,,7.0,IC2,Full-time,Chile,Concepcion,1811672.0
2032,Emp2032,Rojas,F,,,5.0,IC2,Full-time,Chile,Santiago,1610334.0
2033,Emp2033,Gonzalez,M,,,2.0,M1,Full-time,Chile,Valparaiso,3265822.0
2034,Emp2034,Silva,F,,,7.0,IC3,Full-time,Chile,Santiago,2265817.0
2035,Emp2035,Castillo,M,,,1.0,IC2,Part-time,Chile,Santiago,1613060.0
2036,Emp2036,Munoz,F,,,3.0,M1,Full-time,Chile,Santiago,3189100.0
2037,Emp2037,Diaz,F,,,8.0,IC2,Full-time,Chile,Valparaiso,1695383.0
2038,Emp2038,Gonzalez,F,,,3.0,IC1,Contractor,Chile,Santiago,1534993.0
2039,Emp2039,Castillo,M,,,1.0,IC2,Full-time,Chile,Santiago,1298696.0
2040,Emp2040,Soto,F,,,10.0,IC3,Full-time,Chile,Santiago,2585589.0
2041,Emp2041,Perez,M,,,3.0,IC2,Full-time,Chile,Santiago,1507941.0
2042,Emp2042,Castillo,M,,,6.0,M1,Full-time,Chile,Concepcion,3517416.0
2043,Emp2043,Silva,F,,,9.0,IC2,Full-time,Chile,Santiago,1516639.0
2044,Emp2044,Silva,F,,,10.0,IC2,Full-time,Chile,Concepcion,1703188.0
2045,Emp2045,Perez,F,,,9.0,M1,Full-time,Chile,Santiago,3160289.0
2046,Emp2046,Castillo,M,,,4.0,IC2,Full-time,Chile,Valparaiso,1167352.0
2047,Emp2047,Soto,F,,,9.0,IC2,Full-time,Chile,Valparaiso,2034744.0
2048,Emp2048,Diaz,M,,,1.0,IC1,Full-time,Chile,Santiago,864312.0
2049,Emp2049,Munoz,F,,,4.0,IC2,Full-time,Chile,Santiago,1620971.0
2050,Emp2050,Silva,F,,,2.0,IC2,Full-time,Chile,Concepcion,1336895.0
2051,Emp2051,Rojas,F,,,6.0,IC1,Full-time,Chile,Santiago,765750.0
2052,Emp2052,Perez,F,,,9.0,IC3,Full-time,Chile,Santiago,2248765.0
2053,Emp2053,Perez,M,,,8.0,IC1,Full-time,Chile,Santiago,951622.0
2054,Emp2054,Castillo,M,,,10.0,IC1,Full-time,Chile,Valparaiso,807796.0
2055,Emp2055,Silva,F,,,2.0,IC3,Full-time,Chile,Santiago,2291142.0
2056,Emp2056,Perez,M,,,8.0,IC2,Full-time,Chile,Santiago,1229523.0
2057,Emp2057,Silva,M,,,8.0,IC3,Full-time,Chile,Santiago,2331368.0
2058,Emp2058,Silva,M,,,5.0,IC3,Full-time,Chile,Santiago,2268168.0
2059,Emp2059,Soto,M,,,1.0,IC2,Full-time,Chile,Santiago,979898.0
2060,Emp2060,Soto,M,,,2.0,IC1,Full-time,Chile,Concepcion,969223.0
2061,Emp2061,Castillo,M,,,10.0,IC2,Full-time,Chile,Santiago,1717103.0
2062,Emp2062,Diaz,M,,,3.0,IC1,Contractor,Chile,Antofagasta,834114.0
2063,Emp2063,Rojas,M,,,7.0,IC2,Full-time,Chile,Valparaiso,1727948.0
2064,Emp2064,Silva,M,,,10.0,IC3,Full-time,Chile,Santiago,2408170.0
2065,Emp2065,Diaz,F,,,5.0,IC3,Full-time,Chile,Santiago,2045570.0
2066,Emp2066,Diaz,M,,,3.0,IC2,Full-time,Chile,Concepcion,1596929.0
2067,Emp2067,Silva,M,,,5.0,M1,Full-time,Chile,Santiago,3406248.0
2068,Emp2068,Castillo,F,,,3.0,IC1,Part-time,Chile,Santiago,880894.0
2069,Emp2069,Perez,M,,,2.0,M1,Full-time,Chile,Concepcion,3148547.0
2070,Emp2070,Soto,M,,,9.0,M1,Full-time,Chile,Concepcion,3487560.0
2071,Emp2071,Rojas,F,,,4.0,IC2,Contractor,Chile,Santiago,1385592.0
2072,Emp2072,Silva,M,,,7.0,IC1,Full-time,Chile,Santiago,1214790.0
2073,Emp2073,Soto,M,,,8.0,IC1,Full-time,Chile,Santiago,830202.0
2074,Emp2074,Perez,M,,,6.0,M1,Full-time,Chile,Valparaiso,3159760.0
2075,Emp2075,Silva,F,,,6.0,IC1,Full-time,Chile,Santiago,1211682.0
2076,Emp2076,Soto,F,,,2.0,M1,Part-time,Chile,Valparaiso,2598868.0
2077,Emp2077,Soto,M,,,6.0,IC2,Full-time,Chile,Santiago,1466419.0
2078,Emp2078,Soto,F,,,8.0,IC2,Contractor,Chile,Santiago,1707333.0
2079,Emp2079,Perez,F,,,2.0,IC3,Full-time,Chile,Santiago,2356461.0
2080,Emp2080,Rojas,F,,,3.0,IC1,Full-time,Chile,Santiago,969405.0
2081,Emp2081,Munoz,F,,,7.0,IC2,Full-time,Chile,Valparaiso,1323854.0
2082,Emp2082,Gonzalez,M,,,10.0,M1,Full-time,Chile,Santiago,3357116.0
2083,Emp2083,Perez,M,,,4.0,IC1,Full-time,Chile,Concepcion,1019398.0
2084,Emp2084,Silva,M,,,9.0,M1,Full-time,Chile,Santiago,3336337.0
2085,Emp2085,Rojas,M,,,2.0,M2,Full-time,Chile,Antofagasta,4595056.0
2086,Emp2086,Silva,F,,,6.0,IC1,Full-time,Chile,Valparaiso,988145.0
2087,Emp2087,Silva,F,,,10.0,IC2,Contractor,Chile,Santiago,1868140.0
2088,Emp2088,Silva,F,,,5.0,IC1,Full-time,Chile,Antofagasta,951431.0
2089,Emp2089,Perez,F,,,6.0,IC3,Full-time,Chile,Santiago,2597613.0
2090,Emp2090,Gonzalez,F,,,2.0,M2,Full-time,Chile,Santiago,4830323.0
2091,Emp2091,Castillo,F,,,6.0,M1,Full-time,Chile,Concepcion,3462529.0
2092,Emp2092,Perez,F,,,6.0,M1,Part-time,Chile,Concepcion,3154860.0
2093,Emp2093,Munoz,F,,,10.0,IC1,Contractor,Chile,Santiago,1736770.0
2094,Emp2094,Rojas,M,,,3.0,IC2,Full-time,Chile,Antofagasta,1637961.0
2095,Emp2095,Rojas,M,,,4.0,IC1,Full-time,Chile,Santiago,1160264.0
2096,Emp2096,Munoz,M,,,7.0,M1,Full-time,Chile,Santiago,3194485.0
2097,Emp2097,Castillo,M,,,10.0,IC1,Full-time,Chile,Santiago,817558.0
2098,Emp2098,Munoz,M,,,3.0,IC1,Full-time,Chile,Santiago,
2099,Emp2099,Munoz,F,,,7.0,IC1,Full-time,Chile,Santiago,956899.0
2100,Emp2100,Rojas,M,,,9.0,IC1,Part-time,Chile,Santiago,1329903.0
2101,Emp2101,Castillo,F,,,7.0,IC1,Full-time,Chile,Santiago,1389888.0
2102,Emp2102,Silva,F,,,5.0,IC1,Full-time,Chile,Santiago,1250830.0
2103,Emp2103,Rojas,F,,,3.0,M1,Full-time,Chile,Santiago,3027008.0
2104,Emp2104,Rojas,F,,,3.0,IC3,Contractor,Chile,Valparaiso,2214730.0
2105,Emp2105,Munoz,F,,,1.0,IC2,Full-time,Chile,Santiago,930731.0
2106,Emp2106,Perez,M,,,2.0,IC3,Full-time,Chile,Valparaiso,2270883.0
2107,Emp2107,Munoz,M,,,5.0,IC2,Part-time,Chile,Valparaiso,1800678.0
2108,Emp2108,Rojas,M,,,2.0,IC3,Full-time,Chile,Santiago,2240624.0
2109,Emp2109,Perez,M,,,1.0,IC2,Full-time,Chile,Concepcion,1452480.0
2110,Emp2110,Perez,M,,,7.0,IC3,Full-time,Chile,Antofagasta,2225563.0
2111,Emp2111,Perez,F,,,1.0,IC2,Full-time,Chile,Santiago,1903841.0
2112,Emp2112,Silva,M,,,2.0,IC1,Full-time,Chile,Santiago,1086409.0
2113,Emp2113,Castillo,M,,,6.0,IC3,Full-time,Chile,Santiago,2764479.0
2114,Emp2114,Castillo,F,,,10.0,IC3,Contractor,Chile,Santiago,2157317.0
2115,Emp2115,Silva,F,,,8.0,IC3,Full-time,Chile,Santiago,2354308.0
2116,Emp2116,Rojas,M,,,1.0,IC2,Full-time,Chile,Valparaiso,1491650.0
2117,Emp2117,Castillo,M,,,2.0,IC2,Full-time,Chile,Concepcion,2118622.0
2118,Emp2118,Diaz,M,,,8.0,IC3,Full-time,Chile,Valparaiso,2344926.0
2119,Emp2119,Diaz,M,,,8.0,IC1,Full-time,Chile,Valparaiso,1632019.0
2120,Emp2120,Silva,F,,,4.0,IC1,Full-time,Chile,Santiago,994968.0
2121,Emp2121,Munoz,M,,,10.0,IC2,Full-time,Chile,Santiago,1981895.0
2122,Emp2122,Castillo,F,,,9.0,IC1,Full-time,Chile,Santiago,1129501.0
2123,Emp2123,Diaz,F,,,8.0,IC2,Full-time,Chile,Santiago,1809164.0
2124,Emp2124,Diaz,M,,,8.0,IC1,Full-time,Chile,Valparaiso,795072.0
2125,Emp2125,Silva,F,,,8.0,IC3,Full-time,Chile,Santiago,2387103.0
2126,Emp2126,Perez,M,,,2.0,IC3,Full-time,Chile,Santiago,2032720.0
2127,Emp2127,Perez,F,,,8.0,IC3,Full-time,Chile,Santiago,2364274.0
2128,Emp2128,Silva,M,,,10.0,IC3,Part-time,Chile,Santiago,1920402.0
2129,Emp2129,Gonzalez,M,,,3.0,IC2,Full-time,Chile,Santiago,1576479.0
2130,Emp2130,Perez,M,,,1.0,M1,Full-time,Chile,Santiago,3473903.0
2131,Emp2131,Silva,M,,,4.0,IC3,Full-time,Chile,Santiago,2436888.0
2132,Emp2132,Castillo,M,,,3.0,IC2,Full-time,Chile,Santiago,1291512.0
2133,Emp2133,Diaz,M,,,10.0,IC1,Part-time,Chile,Santiago,625403.0
2134,Emp2134,Soto,M,,,5.0,IC3,Full-time,Chile,Concepcion,2424236.0
2135,Emp2135,Soto,M,,,7.0,IC3,Full-time,Chile,Santiago,2695300.0
2136,Emp2136,Silva,F,,,10.0,IC3,Full-time,Chile,Santiago,2059013.0
2137,Emp2137,Diaz,F,,,8.0,IC3,Full-time,Chile,Santiago,2824351.0
2138,Emp2138,Gonzalez,F,,,8.0,M1,Part-time,Chile,Santiago,3198377.0
2139,Emp2139,Diaz,F,,,10.0,M1,Contractor,Chile,Santiago,2710327.0
2140,Emp2140,Soto,F,,,7.0,IC3,Full-time,Chile,Santiago,1909780.0
2141,Emp2141,Silva,F,,,3.0,M2,Full-time,Chile,Concepcion,4692487.0
2142,Emp2142,Castillo,M,,,8.0,M1,Full-time,Chile,Antofagasta,3232392.0
2143,Emp2143,Castillo,F,,,4.0,IC1,Full-time,Chile,Santiago,1470555.0
2144,Emp2144,Diaz,M,,,4.0,IC3,Full-time,Chile,Santiago,2000469.0
2145,Emp2145,Perez,F,,,7.0,IC1,Part-time,Chile,Santiago,1129624.0
2146,Emp2146,Soto,M,,,4.0,IC2,Full-time,Chile,Santiago,1601690.0
2147,Emp2147,Rojas,F,,,1.0,IC2,Full-time,Chile,Santiago,1564246.0
2148,Emp2148,Castillo,M,,,10.0,IC2,Full-time,Chile,Valparaiso,1504348.0
2149,Emp2149,Munoz,F,,,6.0,IC1,Contractor,Chile,Santiago,1009325.0
2150,Emp2150,Munoz,M,,,7.0,IC1,Contractor,Chile,Santiago,1143661.0
2151,Emp2151,Perez,F,,,9.0,IC1,Full-time,Chile,Santiago,1175645.0
2152,Emp2152,Perez,M,,,7.0,IC3,Full-time,Chile,Santiago,2363143.0
2153,Emp2153,Munoz,F,,,7.0,M1,Full-time,Chile,Santiago,3501497.0
2154,Emp2154,Diaz,M,,,8.0,M2,Full-time,Chile,Santiago,4199680.0
2155,Emp2155,Silva,F,,,3.0,IC2,Contractor,Chile,Santiago,1147079.0
2156,Emp2156,Soto,M,,,9.0,IC2,Part-time,Chile,Santiago,1854241.0
2157,Emp2157,Soto,M,,,8.0,M1,Full-time,Chile,Santiago,2964119.0
2158,Emp2158,Silva,F,,,2.0,IC1,Full-time,Chile,Valparaiso,1005131.0
2159,Emp2159,Munoz,F,,,2.0,M2,Full-time,Chile,Santiago,4346975.0
2160,Emp2160,Perez,F,,,9.0,IC3,Contractor,Chile,Santiago,2141622.0
2161,Emp2161,Munoz,F,,,9.0,IC2,Full-time,Chile,Concepcion,1235434.0
2162,Emp2162,Rojas,M,,,10.0,IC1,Part-time,Chile,Santiago,957618.0
2163,Emp2163,Soto,F,,,2.0,IC1,Full-time,Chile,Santiago,1262333.0
2164,Emp2164,Castillo,F,,,9.0,IC2,Contractor,Chile,Santiago,1599017.0
2165,Emp2165,Castillo,M,,,9.0,IC2,Full-time,Chile,Santiago,1726127.0
2166,Emp2166,Castillo,F,,,8.0,M1,Full-time,Chile,Santiago,3075980.0
2167,Emp2167,Perez,F,,,5.0,IC3,Full-time,Chile,Concepcion,2525711.0
2168,Emp2168,Munoz,M,,,6.0,IC2,Full-time,Chile,Santiago,1472910.0
2169,Emp2169,Castillo,M,,,5.0,IC1,Full-time,Chile,Santiago,572861.0
2170,Emp2170,Castillo,M,,,1.0,IC2,Part-time,Chile,Santiago,1679156.0
2171,Emp2171,Gonzalez,M,,,6.0,IC1,Full-time,Chile,Santiago,1291846.0
2172,Emp2172,Silva,M,,,3.0,IC3,Contractor,Chile,Santiago,2160190.0
2173,Emp2173,Castillo,F,,,3.0,IC3,Full-time,Chile,Santiago,2599802.0
2174,Emp2174,Munoz,M,,,1.0,M1,Full-time,Chile,Santiago,2987327.0
2175,Emp2175,Rojas,M,,,5.0,IC2,Contractor,Chile,Concepcion,1767682.0
2176,Emp2176,Munoz,M,,,1.0,IC2,Full-time,Chile,Valparaiso,2036194.0
2177,Emp2177,Gonzalez,F,,,9.0,M1,Part-time,Chile,Concepcion,3209183.0
2178,Emp2178,Soto,F,,,9.0,IC3,Contractor,Chile,Concepcion,2243379.0
2179,Emp2179,Silva,M,,,9.0,IC3,Full-time,Chile,Concepcion,2273582.0
2180,Emp2180,Soto,M,,,4.0,IC2,Full-time,Chile,Antofagasta,2007074.0
2181,Emp2181,Silva,M,,,2.0,M1,Full-time,Chile,Santiago,3300696.0
2182,Emp2182,Rojas,M,,,6.0,IC1,Full-time,Chile,Santiago,1636051.0
2183,Emp2183,Diaz,M,,,7.0,IC2,Full-time,Chile,Santiago,1669813.0
2184,Emp2184,Silva,F,,,1.0,IC3,Part-time,Chile,Santiago,2136551.0
2185,Emp2185,Silva,F,,,9.0,IC1,Full-time,Chile,Santiago,954123.0
2186,Emp2186,Perez,F,,,5.0,M1,Full-time,Chile,Santiago,3215402.0
2187,Emp2187,Perez,F,,,9.0,IC2,Part-time,Chile,Concepcion,1089669.0
2188,Emp2188,Perez,F,,,1.0,IC1,Full-time,Chile,Valparaiso,981253.0
2189,Emp2189,Soto,M,,,5.0,IC1,Part time,Chile,Santiago,986801.0
2190,Emp2190,Diaz,M,,,5.0,M1,Full-time,Chile,Santiago,3259947.0
2191,Emp2191,Perez,M,,,1.0,IC3,Full-time,Chile,Santiago,2785455.0
2192,Emp2192,Soto,F,,,8.0,IC2,Full-time,Chile,Santiago,1613704.0
2193,Emp2193,Perez,M,,,10.0,IC1,Full-time,Chile,Santiago,619335.0
2194,Emp2194,Rojas,M,,,6.0,IC1,Full-time,Chile,Santiago,871523.0
2195,Emp2195,Silva,M,,,4.0,IC1,Full-time,Chile,Santiago,1165572.0
2196,Emp2196,Munoz,M,,,7.0,IC3,Part-time,Chile,Santiago,2323249.0
2197,Emp2197,Perez,M,,,4.0,IC1,Full-time,Chile,Santiago,1506114.0
2198,Emp2198,Munoz,M,,,4.0,IC1,Full-time,Chile,Santiago,1340019.0
2199,Emp2199,Diaz,M,,,8.0,IC1,Full-time,Chile,Santiago,1332529.0
2200,Emp2200,Rojas,M,,,6.0,IC3,Full-time,Chile,Antofagasta,2245717.0
2201,Emp2201,Perez,F,,,3.0,IC3,Full-time,Chile,Santiago,2574780.0
2202,Emp2202,Gonzalez,F,,,5.0,IC3,Full-time,Chile,Concepcion,2076019.0
2203,Emp2203,Gonzalez,F,,,9.0,IC3,Part-time,Chile,Santiago,2542074.0
2204,Emp2204,Perez,M,,,6.0,M2,Contractor,Chile,Santiago,4429395.0
2205,Emp2205,Soto,M,,,1.0,IC2,Part-time,Chile,Antofagasta,1238002.0
2206,Emp2206,Munoz,M,,,9.0,M1,Full-time,Chile,Valparaiso,3348309.0
2207,Emp2207,Rojas,F,,,8.0,IC3,Full-time,Chile,Santiago,2649386.0
2208,Emp2208,Munoz,F,,,3.0,IC1,Full-time,Chile,Valparaiso,998350.0
2209,Emp2209,Rojas,M,,,10.0,M1,Full-time,Chile,Santiago,3590690.0
2210,Emp2210,Rojas,F,,,10.0,IC3,Full-time,Chile,Valparaiso,1886015.0
2211,Emp2211,Silva,M,,,10.0,IC3,Contractor,Chile,Santiago,15000000
2212,Emp2212,Munoz,F,,,4.0,IC1,Full-time,Chile,Valparaiso,1063318.0
2213,Emp2213,Diaz,M,,,10.0,IC2,Full-time,Chile,Concepcion,1507309.0
2214,Emp2214,Gonzalez,M,,,9.0,M1,Full-time,Chile,Concepcion,3033217.0
2215,Emp2215,Gonzalez,M,,,9.0,IC1,Contractor,Chile,Valparaiso,1133419.0
2216,Emp2216,Soto,F,,,6.0,IC1,Full-time,Chile,Santiago,
2217,Emp2217,Soto,M,,,3.0,IC2,Full-time,Chile,Santiago,1510256.0
2218,Emp2218,Castillo,M,,,3.0,IC2,Full-time,Chile,Santiago,1669606.0
2219,Emp2219,Perez,M,,,10.0,M1,Full-time,Chile,Concepcion,3033116.0
2220,Emp2220,Rojas,M,,,6.0,IC3,Part-time,Chile,Santiago,2273495.0
2221,Emp2221,Castillo,F,,,10.0,M1,Full-time,Chile,Santiago,3038615.0
2222,Emp2222,Rojas,M,,,6.0,IC2,Full-time,Chile,Valparaiso,1298595.0
2223,Emp2223,Gonzalez,F,,,6.0,IC2,Full-time,Chile,Santiago,1790926.0
2224,Emp2224,Soto,F,,,1.0,IC1,Full-time,Chile,Concepcion,1526949.0
2225,Emp2225,Soto,M,,,5.0,IC1,Full-time,Chile,Concepcion,1366143.0
2226,Emp2226,Diaz,M,,,6.0,IC3,Part-time,Chile,Santiago,2382929.0
2227,Emp2227,Castillo,F,,,2.0,IC1,Part-time,Chile,Santiago,939618.0
2228,Emp2228,Castillo,F,,,2.0,IC1,Full-time,Chile,Valparaiso,1028270.0
2229,Emp2229,Perez,F,,,6.0,M1,Full-time,Chile,Santiago,3464255.0
2230,Emp2230,Castillo,F,,,3.0,IC3,Full-time,Chile,Antofagasta,1729628.0
2231,Emp2231,Silva,M,,,8.0,IC1,Full-time,Chile,Santiago,1009185.0
2232,Emp2232,Gonzalez,F,,,5.0,IC3,Full-time,Chile,Santiago,2483529.0
2233,Emp2233,Castillo,M,,,5.0,IC2,Full-time,Chile,Santiago,1315430.0
2234,Emp2234,Rojas,F,,,2.0,M1,Contractor,Chile,Valparaiso,3305847.0
2235,Emp2235,Diaz,F,,,5.0,IC3,Full-time,Chile,Santiago,2394247.0
2236,Emp2236,Munoz,M,,,6.0,IC1,Full-time,Chile,Concepcion,736417.0
2237,Emp2237,Rojas,F,,,6.0,IC1,Part-time,Chile,Antofagasta,1121745.0
2238,Emp2238,Perez,F,,,3.0,IC2,Full-time,Chile,Santiago,1445639.0
2239,Emp2239,Soto,M,,,1.0,IC3,Full-time,Chile,Santiago,2404025.0
2240,Emp2240,Castillo,M,,,10.0,IC2,Full-time,Chile,Santiago,1767447.0
2241,Emp2241,Rojas,M,,,10.0,IC3,Full-time,Chile,Concepcion,2399735.0
2242,Emp2242,Silva,F,,,10.0,IC2,Full-time,Chile,Santiago,1618148.0
2243,Emp2243,Soto,M,,,3.0,IC2,Full-time,Chile,Concepcion,1672218.0
2244,Emp2244,Gonzalez,M,,,7.0,IC1,Full-time,Chile,Concepcion,805984.0
2245,Emp2245,Silva,M,,,2.0,IC1,Full-time,Chile,Santiago,1092312.0
2246,Emp2246,Munoz,F,,,10.0,IC2,Full-time,Chile,Santiago,1400879.0
2247,Emp2247,Diaz,F,,,1.0,IC3,Full-time,Chile,Antofagasta,2557885.0
2248,Emp2248,Rojas,F,,,5.0,M1,Full-time,Chile,Valparaiso,3370810.0
2249,Emp2249,Rojas,F,,,9.0,IC1,Full-time,Chile,Santiago,1270100.0
2250,Emp2250,Soto,M,,,8.0,IC3,Full-time,Chile,Santiago,2728373.0
2251,Emp2251,Diaz,F,,,9.0,IC1,Full-time,Chile,Santiago,1017506.0
2252,Emp2252,Diaz,F,,,5.0,IC3,Full-time,Chile,Santiago,2162748.0
2253,Emp2253,Rojas,F,,,1.0,IC1,Full-time,Chile,Concepcion,1011599.0
2254,Emp2254,Diaz,M,,,1.0,IC3,Full-time,Chile,Santiago,1899441.0
2255,Emp2255,Perez,F,,,2.0,IC1,Full-time,Chile,Valparaiso,719104.0
2256,Emp2256,Silva,F,,,1.0,IC1,Part-time,Chile,Santiago,1255276.0
2257,Emp2257,Munoz,F,,,5.0,IC3,Full-time,Chile,Concepcion,1951215.0
2258,Emp2258,Silva,M,,,1.0,IC2,Full-time,Chile,Santiago,1331272.0
2259,Emp2259,Gonzalez,F,,,2.0,IC2,Full-time,Chile,Valparaiso,1574570.0
2260,Emp2260,Castillo,M,,,5.0,IC2,Full-time,Chile,Santiago,1496943.0
2261,Emp2261,Gonzalez,F,,,8.0,M2,Full-time,Chile,Concepcion,4721413.0
2262,Emp2262,Castillo,F,,,7.0,IC2,Full-time,Chile,Santiago,1615115.0
2263,Emp2263,Gonzalez,F,,,1.0,IC2,Full-time,Chile,Santiago,1400383.0
2264,Emp2264,Diaz,F,,,10.0,M1,Contractor,Chile,Santiago,3442908.0
2265,Emp2265,Gonzalez,F,,,6.0,IC3,Full-time,Chile,Santiago,2482198.0
2266,Emp2266,Gonzalez,M,,,4.0,IC2,Full-time,Chile,Santiago,1247254.0
2267,Emp2267,Silva,M,,,4.0,IC3,Full-time,Chile,Santiago,15000000
2268,Emp2268,Silva,F,,,9.0,IC1,Full-time,Chile,Santiago,921231.0
2269,Emp2269,Gonzalez,F,,,5.0,IC2,Full-time,Chile,Santiago,1414641.0
2270,Emp2270,Castillo,M,,,3.0,IC2,Full-time,Chile,Santiago,2067379.0
2271,Emp2271,Perez,F,,,5.0,IC3,Full-time,Chile,Valparaiso,2331068.0
2272,Emp2272,Perez,F,,,1.0,M1,Full-time,Chile,Santiago,3145615.0
2273,Emp2273,Perez,F,,,2.0,IC1,Full-time,Chile,Santiago,1121238.0
2274,Emp2274,Soto,F,,,4.0,IC1,Full-time,Chile,Concepcion,1318560.0
2275,Emp2275,Rojas,M,,,3.0,IC2,Full-time,Chile,Santiago,1424599.0
2276,Emp2276,Soto,M,,,4.0,IC2,Full-time,Chile,Santiago,1467288.0
2277,Emp2277,Rojas,M,,,1.0,IC2,Full-time,Chile,Concepcion,1764168.0
2278,Emp2278,Gonzalez,M,,,7.0,IC3,Part-time,Chile,Valparaiso,1920903.0
2279,Emp2279,Perez,F,,,2.0,IC2,Full-time,Chile,Santiago,1847693.0
2280,Emp2280,Silva,F,,,3.0,M1,Contractor,Chile,Santiago,2798705.0
2281,Emp2281,Munoz,F,,,10.0,IC2,Full-time,Chile,Concepcion,1538558.0
2282,Emp2282,Perez,F,,,1.0,IC1,Full-time,Chile,Concepcion,700292.0
2283,Emp2283,Perez,F,,,3.0,IC2,Full-time,Chile,Santiago,1335937.0
2284,Emp2284,Munoz,F,,,6.0,IC3,Full-time,Chile,Santiago,2624417.0
2285,Emp2285,Silva,F,,,4.0,IC2,Full-time,Chile,Concepcion,1861114.0
2286,Emp2286,Munoz,F,,,4.0,IC2,Full-time,Chile,Concepcion,1887831.0
2287,Emp2287,Castillo,F,,,2.0,IC2,Full-time,Chile,Santiago,1237753.0
2288,Emp2288,Munoz,M,,,5.0,IC3,Full-time,Chile,Santiago,2037236.0
2289,Emp2289,Castillo,F,,,8.0,M1,Full-time,Chile,Santiago,3284968.0
2290,Emp2290,Soto,M,,,6.0,IC2,Full-time,Chile,Santiago,1778829.0
2291,Emp2291,Soto,F,,,10.0,IC1,Full-time,Chile,Santiago,900122.0
2292,Emp2292,Perez,M,,,7.0,IC2,Contractor,Chile,Santiago,1455270.0
2293,Emp2293,Rojas,F,,,8.0,IC2,Full-time,Chile,Santiago,1317163.0
2294,Emp2294,Silva,M,,,5.0,M2,Full-time,Chile,Santiago,4914561.0
2295,Emp2295,Silva,F,,,7.0,IC2,Full-time,Chile,Concepcion,1481261.0
2296,Emp2296,Munoz,F,,,6.0,IC3,Full-time,Chile,Concepcion,2307823.0
2297,Emp2297,Rojas,M,,,9.0,M1,Contractor,Chile,Concepcion,3220911.0
2298,Emp2298,Soto,F,,,6.0,IC3,Full-time,Chile,Concepcion,2576405.0
2299,Emp2299,Rojas,F,,,5.0,IC1,Full-time,Chile,Antofagasta,861883.0
2300,Emp2300,Castillo,M,,,1.0,IC3,Full-time,Chile,Santiago,2592065.0
2301,Emp2301,Perez,F,,,9.0,IC2,Full-time,Chile,Santiago,1280320.0
2302,Emp2302,Rojas,M,,,5.0,IC2,Full-time,Chile,Concepcion,1891430.0
2303,Emp2303,Diaz,M,,,8.0,M2,Full-time,Chile,Santiago,4071175.0
2304,Emp2304,Castillo,F,,,7.0,IC2,Full-time,Chile,Santiago,1573861.0
2305,Emp2305,Castillo,F,,,1.0,IC2,Full-time,Chile,Antofagasta,2006359.0
2306,Emp2306,Gonzalez,F,,,7.0,IC1,Contractor,Chile,Santiago,1274314.0
2307,Emp2307,Perez,M,,,5.0,IC1,Full-time,Chile,Concepcion,1205311.0
2308,Emp2308,Rojas,F,,,3.0,IC3,Full-time,Chile,Santiago,2037896.0
2309,Emp2309,Perez,F,,,3.0,IC3,Full-time,Chile,Santiago,2116300.0
2310,Emp2310,Diaz,F,,,7.0,IC3,Full-time,Chile,Concepcion,2636099.0
2311,Emp2311,Perez,M,,,1.0,IC2,Full-time,Chile,Valparaiso,1718085.0
2312,Emp2312,Gonzalez,M,,,7.0,IC1,Full-time,Chile,Santiago,1322562.0
2313,Emp2313,Diaz,M,,,9.0,IC2,Full-time,Chile,Santiago,1618448.0
2314,Emp2314,Gonzalez,M,,,1.0,IC2,Full-time,Chile,Santiago,$1.529.567
2315,Emp2315,Rojas,M,,,1.0,IC3,Full-time,Chile,Santiago,2491665.0
2316,Emp2316,Gonzalez,M,,,1.0,IC3,Full-time,Chile,Santiago,2364838.0
2317,Emp2317,Gonzalez,M,,,8.0,M1,Full-time,Chile,Santiago,3157510.0
2318,Emp2318,Soto,M,,,9.0,IC3,Full-time,Chile,Santiago,1946498.0
2319,Emp2319,Munoz,F,,,10.0,IC2,Full-time,Chile,Santiago,1838477.0
2320,Emp2320,Munoz,M,,,1.0,IC3,Contractor,Chile,Santiago,2410007.0
2321,Emp2321,Gonzalez,M,,,5.0,IC3,Full-time,Chile,Santiago,2148434.0
2322,Emp2322,Gonzalez,F,,,1.0,M2,Full-time,Chile,Santiago,4794813.0
2323,Emp2323,Perez,F,,,4.0,IC2,Contractor,Chile,Santiago,1660953.0
2324,Emp2324,Silva,F,,,4.0,IC3,Full-time,Chile,Concepcion,2365850.0
2325,Emp2325,Silva,M,,,7.0,IC2,Contractor,Chile,Antofagasta,1820974.0
2326,Emp2326,Munoz,F,,,10.0,IC3,Contractor,Chile,Concepcion,2467177.0
2327,Emp2327,Perez,M,,,9.0,M1,Full-time,Chile,Santiago,3273419.0
2328,Emp2328,Rojas,F,,,1.0,M1,Contractor,Chile,Valparaiso,3152854.0
2329,Emp2329,Gonzalez,M,,,3.0,IC1,Full-time,Chile,Santiago,1595916.0
2330,Emp2330,Rojas,F,,,3.0,IC1,Full-time,Chile,Santiago,916550.0
2331,Emp2331,Gonzalez,M,,,3.0,IC3,Part-time,Chile,Concepcion,2486493.0
2332,Emp2332,Munoz,M,,,4.0,IC3,Part-time,Chile,Santiago,2279035.0
2333,Emp2333,Perez,F,,,7.0,M1,Full-time,Chile,Concepcion,3313678.0
2334,Emp2334,Munoz,F,,,8.0,IC2,Full-time,Chile,Valparaiso,1908356.0
2335,Emp2335,Diaz,F,,,10.0,M1,Full-time,Chile,Santiago,3122105.0
2336,Emp2336,Diaz,F,,,8.0,IC3,Part-time,Chile,Santiago,$2.450.459
2337,Emp2337,Soto,M,,,3.0,IC1,Full-time,Chile,Concepcion,1166389.0
2338,Emp2338,Munoz,M,,,2.0,IC1,Full-time,Chile,Santiago,939675.0
2339,Emp2339,Gonzalez,M,,,4.0,IC3,Full-time,Chile,Santiago,2614525.0
2340,Emp2340,Gonzalez,M,,,8.0,IC1,Full-time,Chile,Santiago,1277797.0
2341,Emp2341,Soto,F,,,10.0,IC3,Contractor,Chile,Antofagasta,2191363.0
2342,Emp2342,Soto,M,,,4.0,IC3,Full-time,Chile,Santiago,2575898.0
2343,Emp2343,Diaz,M,,,2.0,IC2,Full-time,Chile,Antofagasta,1392145.0
2344,Emp2344,Silva,F,,,1.0,IC2,Full-time,Chile,Santiago,1592766.0
2345,Emp2345,Diaz,M,,,1.0,M2,Full-time,Chile,Santiago,4392694.0
2346,Emp2346,Perez,F,,,7.0,IC3,Full-time,Chile,Santiago,2487828.0
2347,Emp2347,Perez,M,,,6.0,IC3,Full-time,Chile,Valparaiso,2180079.0
2348,Emp2348,Munoz,M,,,7.0,IC3,Full-time,Chile,Santiago,2489621.0
2349,Emp2349,Rojas,M,,,1.0,IC3,Part-time,Chile,Santiago,2448615.0
2350,Emp2350,Diaz,F,,,5.0,M1,Full-time,Chile,Santiago,3106188.0
2351,Emp2351,Diaz,M,,,2.0,IC3,Full-time,Chile,Concepcion,2757429.0
2352,Emp2352,Munoz,F,,,4.0,IC2,Full-time,Chile,Santiago,1413691.0
2353,Emp2353,Silva,M,,,7.0,IC2,Contractor,Chile,Santiago,1247746.0
2354,Emp2354,Soto,F,,,3.0,IC2,Full-time,Chile,Santiago,1814025.0
2355,Emp2355,Perez,M,,,7.0,IC3,Full-time,Chile,Santiago,1762648.0
2356,Emp2356,Perez,M,,,3.0,IC2,Contractor,Chile,Valparaiso,1972954.0
2357,Emp2357,Soto,F,,,6.0,IC3,Part-time,Chile,Santiago,2325438.0
2358,Emp2358,Rojas,F,,,5.0,M2,Full-time,Chile,Antofagasta,4143254.0
2359,Emp2359,Silva,M,,,4.0,IC2,Full-time,Chile,Concepcion,1362884.0
2360,Emp2360,Rojas,F,,,2.0,IC1,Full-time,Chile,Santiago,691478.0
2361,Emp2361,Silva,F,,,6.0,IC3,Full-time,Chile,Concepcion,2395721.0
2362,Emp2362,Munoz,F,,,10.0,IC1,Full-time,Chile,Santiago,768271.0
2363,Emp2363,Castillo,F,,,7.0,IC3,Full-time,Chile,Santiago,2425522.0
2364,Emp2364,Gonzalez,M,,,8.0,IC2,Full-time,Chile,Santiago,1523794.0
2365,Emp2365,Munoz,M,,,9.0,IC2,Full-time,Chile,Concepcion,1481159.0
2366,Emp2366,Gonzalez,F,,,1.0,IC3,Contractor,Chile,Santiago,2427336.0
2367,Emp2367,Perez,F,,,8.0,IC2,Full-time,Chile,Concepcion,1755878.0
2368,Emp2368,Rojas,F,,,3.0,IC2,Part-time,Chile,Santiago,1886451.0
2369,Emp2369,Rojas,F,,,7.0,IC2,Full-time,Chile,Santiago,1441555.0
2370,Emp2370,Rojas,M,,,10.0,IC2,Full-time,Chile,Antofagasta,1592548.0
2371,Emp2371,Gonzalez,F,,,9.0,M1,Full-time,Chile,Santiago,3041168.0
2372,Emp2372,Munoz,M,,,5.0,IC1,Full-time,Chile,Santiago,1140747.0
2373,Emp2373,Gonzalez,M,,,9.0,IC2,Full-time,Chile,Concepcion,1405428.0
2374,Emp2374,Soto,M,,,7.0,IC1,Full-time,Chile,Santiago,993976.0
2375,Emp2375,Silva,M,,,2.0,IC2,Full-time,Chile,Concepcion,1495250.0
2376,Emp2376,Castillo,F,,,3.0,IC1,Full-time,Chile,Concepcion,1173340.0
2377,Emp2377,Munoz,F,,,10.0,IC3,Full-time,Chile,Santiago,2300739.0
2378,Emp2378,Rojas,F,,,10.0,IC1,Full-time,Chile,Santiago,1226575.0
2379,Emp2379,Castillo,M,,,9.0,IC3,Full-time,Chile,Antofagasta,2273251.0
2380,Emp2380,Silva,M,,,4.0,IC2,Full-time,Chile,Concepcion,1455062.0
2381,Emp2381,Rojas,F,,,4.0,IC2,Full-time,Chile,Santiago,1647821.0
2382,Emp2382,Soto,F,,,,IC1,Full-time,Chile,Santiago,870704.0
2383,Emp2383,Castillo,F,,,1.0,IC3,Full-time,Chile,Santiago,2442289.0
2384,Emp2384,Soto,M,,,9.0,M1,Part-time,Chile,Santiago,3128634.0
2385,Emp2385,Rojas,M,,,7.0,IC1,Full-time,Chile,Santiago,1151130.0
2386,Emp2386,Castillo,M,,,7.0,M2,Full-time,Chile,Santiago,4555006.0
2387,Emp2387,Castillo,M,,,5.0,IC2,Full-time,Chile,Santiago,2000386.0
2388,Emp2388,Castillo,F,,,10.0,IC3,Full-time,Chile,Santiago,2395396.0
2389,Emp2389,Castillo,M,,,8.0,IC3,Full-time,Chile,Concepcion,2318305.0
2390,Emp2390,Munoz,M,,,1.0,IC1,Full-time,Chile,Santiago,926907.0
2391,Emp2391,Soto,F,,,6.0,IC2,Full-time,Chile,Santiago,1800596.0
2392,Emp2392,Rojas,M,,,9.0,IC1,Contractor,Chile,Santiago,1032449.0
2393,Emp2393,Diaz,F,,,1.0,IC3,Full-time,Chile,Santiago,1918630.0
2394,Emp2394,Rojas,M,,,8.0,IC2,Full-time,Chile,Antofagasta,$1.551.228
2395,Emp2395,Soto,M,,,3.0,M1,Contractor,Chile,Santiago,3247872.0
2396,Emp2396,Silva,M,,,6.0,IC2,Full-time,Chile,Santiago,1395374.0
2397,Emp2397,Castillo,M,,,9.0,M1,Full-time,Chile,Antofagasta,3170455.0
2398,Emp2398,Perez,F,,,5.0,IC1,Full-time,Chile,Santiago,1082129.0
2399,Emp2399,Perez,M,,,1.0,IC3,Full-time,Chile,Santiago,2286023.0
2400,Emp2400,Silva,M,,,1.0,IC2,Contractor,Chile,Concepcion,1908660.0
2401,Emp2401,Gonzalez,M,,,8.0,IC1,Full-time,Chile,Valparaiso,772111.0
2402,Emp2402,Diaz,M,,,10.0,IC1,Full-time,Chile,Santiago,1608451.0
2403,Emp2403,Silva,F,,,3.0,IC3,Full-time,Chile,Valparaiso,2291791.0
2404,Emp2404,Diaz,M,,,10.0,IC1,Full-time,Chile,Santiago,1245053.0
2405,Emp2405,Soto,M,,,5.0,IC3,Full-time,Chile,Santiago,
2406,Emp2406,Munoz,F,,,1.0,M2,Full-time,Chile,Santiago,4068494.0
2407,Emp2407,Perez,M,,,6.0,IC2,Full-time,Chile,Concepcion,1335856.0
2408,Emp2408,Silva,M,,,10.0,IC1,Full-time,Chile,Santiago,968931.0
2409,Emp2409,Soto,M,,,3.0,IC1,Part-time,Chile,Valparaiso,1348430.0
2410,Emp2410,Gonzalez,M,,,10.0,IC1,Part-time,Chile,Concepcion,753920.0
2411,Emp2411,Diaz,F,,,7.0,IC2,Part-time,Chile,Concepcion,1386066.0
2412,Emp2412,Gonzalez,M,,,4.0,IC3,Full-time,Chile,Valparaiso,2341213.0
2413,Emp2413,Castillo,F,,,7.0,IC2,Full-time,Chile,Santiago,1718214.0
2414,Emp2414,Diaz,M,,,5.0,IC1,Part-time,Chile,Santiago,1210680.0
2415,Emp2415,Perez,M,,,1.0,IC3,Full-time,Chile,Santiago,2053999.0
2416,Emp2416,Soto,M,,,9.0,IC2,Full-time,Chile,Santiago,1200502.0
2417,Emp2417,Diaz,M,,,4.0,IC3,Full-time,Chile,Valparaiso,2434765.0
2418,Emp2418,Perez,M,,,6.0,M1,Contractor,Chile,Valparaiso,3558281.0
2419,Emp2419,Perez,M,,,8.0,IC2,Part-time,Chile,Santiago,1513675.0
2420,Emp2420,Soto,F,,,1.0,IC2,Full-time,Chile,Santiago,1313828.0
2421,Emp2421,Perez,M,,,8.0,M1,Full-time,Chile,Concepcion,3092530.0
2422,Emp2422,Munoz,M,,,4.0,IC3,Contractor,Chile,Santiago,2398516.0
2423,Emp2423,Gonzalez,F,,,6.0,IC3,Full-time,Chile,Santiago,2241714.0
2424,Emp2424,Munoz,M,,,5.0,IC3,Full-time,Chile,Santiago,2651798.0
2425,Emp2425,Perez,M,,,8.0,IC2,Full-time,Chile,Santiago,1831243.0
2426,Emp2426,Diaz,M,,,2.0,IC2,Full-time,Chile,Valparaiso,1646085.0
2427,Emp2427,Rojas,M,,,2.0,IC3,Part-time,Chile,Santiago,$1.811.419
2428,Emp2428,Soto,F,,,5.0,IC3,Full-time,Chile,Santiago,2126934.0
2429,Emp2429,Munoz,M,,,2.0,IC3,Full-time,Chile,Santiago,2162994.0
2430,Emp2430,Perez,F,,,3.0,IC2,Full-time,Chile,Santiago,1413346.0
2431,Emp2431,Rojas,F,,,7.0,M1,Full-time,Chile,Santiago,3247705.0
2432,Emp2432,Diaz,M,,,9.0,IC1,Part-time,Chile,Santiago,1152861.0
2433,Emp2433,Rojas,F,,,7.0,IC1,Full-time,Chile,Concepcion,681481.0
2434,Emp2434,Perez,F,,,4.0,IC2,Full-time,Chile,Concepcion,1801150.0
2435,Emp2435,Soto,M,,,9.0,IC2,Full-time,Chile,Santiago,$1.604.031
2436,Emp2436,Diaz,F,,,5.0,IC3,Full-time,Chile,Santiago,2389410.0
2437,Emp2437,Silva,F,,,2.0,IC1,Part-time,Chile,Valparaiso,1286207.0
2438,Emp2438,Silva,F,,,8.0,IC3,Full-time,Chile,Santiago,2108258.0
2439,Emp2439,Munoz,M,,,6.0,IC2,Full-time,Chile,Santiago,1914726.0
2440,Emp2440,Gonzalez,F,,,4.0,IC1,Contractor,Chile,Santiago,1064552.0
2441,Emp2441,Perez,M,,,7.0,IC2,Full-time,Chile,Santiago,1978137.0
2442,Emp2442,Gonzalez,M,,,8.0,IC2,Full-time,Chile,Antofagasta,1376517.0
2443,Emp2443,Gonzalez,F,,,3.0,IC3,Full-time,Chile,Santiago,2659562.0
2444,Emp2444,Rojas,M,,,2.0,IC2,Contractor,Chile,Antofagasta,1374004.0
2445,Emp2445,Diaz,F,,,6.0,IC1,Full-time,Chile,Concepcion,1737195.0
2446,Emp2446,Castillo,F,,,1.0,IC2,Full-time,Chile,Antofagasta,1362042.0
2447,Emp2447,Munoz,F,,,7.0,IC1,Full-time,Chile,Valparaiso,1364147.0
2448,Emp2448,Silva,M,,,5.0,IC1,Full-time,Chile,Concepcion,1009401.0
2449,Emp2449,Munoz,F,,,3.0,M2,Full-time,Chile,Santiago,4678756.0
2450,Emp2450,Rojas,M,,,6.0,IC1,Full-time,Chile,Concepcion,
2451,Emp2451,Munoz,F,,,4.0,IC1,Full-time,Chile,Santiago,827192.0
2452,Emp2452,Castillo,M,,,4.0,M1,Full-time,Chile,Valparaiso,2500792.0
2453,Emp2453,Gonzalez,F,,,3.0,IC3,Full-time,Chile,Santiago,2926896.0
2454,Emp2454,Soto,F,,,7.0,IC2,Full-time,Chile,Santiago,1618256.0
2455,Emp2455,Munoz,F,,,10.0,IC3,Full-time,Chile,Santiago,1564117.0
2456,Emp2456,Soto,M,,,7.0,M1,Part-time,Chile,Santiago,3275652.0
2457,Emp2457,Munoz,F,,,3.0,IC1,Full-time,Chile,Santiago,1272397.0
2458,Emp2458,Castillo,M,,,9.0,IC1,Part-time,Chile,Santiago,921230.0
2459,Emp2459,Soto,M,,,2.0,M1,Part-time,Chile,Santiago,3022911.0
2460,Emp2460,Gonzalez,M,,,3.0,IC3,Contractor,Chile,Santiago,2295040.0
2461,Emp2461,Perez,F,,,1.0,M2,Full-time,Chile,Santiago,4800649.0
2462,Emp2462,Rojas,M,,,9.0,IC2,Full-time,Chile,Santiago,1624990.0
2463,Emp2463,Soto,M,,,1.0,M1,Full-time,Chile,Santiago,3565806.0
2464,Emp2464,Diaz,M,,,6.0,IC2,Full-time,Chile,Santiago,1882805.0
2465,Emp2465,Soto,M,,,2.0,IC3,Full-time,Chile,Santiago,2242804.0
2466,Emp2466,Rojas,M,,,3.0,M1,Full-time,Chile,Santiago,2807369.0
2467,Emp2467,Perez,M,,,7.0,IC1,Full-time,Chile,Antofagasta,1043332.0
2468,Emp2468,Silva,M,,,9.0,IC1,Full-time,Chile,Santiago,1231621.0
2469,Emp2469,Gonzalez,F,,,1.0,IC3,Full-time,Chile,Santiago,2314973.0
2470,Emp2470,Rojas,M,,,2.0,M1,Part-time,Chile,Santiago,3358606.0
2471,Emp2471,Castillo,M,,,3.0,IC1,Full-time,Chile,Concepcion,1315855.0
2472,Emp2472,Gonzalez,M,,,10.0,M1,Full-time,Chile,Santiago,3332715.0
2473,Emp2473,Soto,M,,,1.0,IC2,Full-time,Chile,Santiago,1531168.0
2474,Emp2474,Rojas,F,,,2.0,IC2,Full-time,Chile,Santiago,1729971.0
2475,Emp2475,Gonzalez,F,,,5.0,IC2,Part-time,Chile,Santiago,2158871.0
2476,Emp2476,Soto,F,,,4.0,M1,Full-time,Chile,Santiago,2827530.0
2477,Emp2477,Diaz,M,,,1.0,IC1,Full-time,Chile,Antofagasta,1221822.0
2478,Emp2478,Rojas,F,,,6.0,IC3,Full-time,Chile,Antofagasta,2758001.0
2479,Emp2479,Gonzalez,M,,,7.0,IC1,Full-time,Chile,Santiago,806353.0
2480,Emp2480,Rojas,M,,,2.0,M1,Part-time,Chile,Santiago,3450275.0
2481,Emp2481,Silva,M,,,7.0,IC3,Part-time,Chile,Santiago,2583679.0
2482,Emp2482,Munoz,F,,,1.0,IC1,Full-time,Chile,Antofagasta,730788.0
2483,Emp2483,Rojas,M,,,8.0,IC2,Full-time,Chile,Concepcion,1778090.0
2484,Emp2484,Perez,F,,,3.0,IC2,Full-time,Chile,Santiago,1532171.0
2485,Emp2485,Perez,M,,,3.0,IC2,Full-time,Chile,Santiago,1584889.0
2486,Emp2486,Perez,F,,,2.0,M1,Full-time,Chile,Santiago,3118761.0
2487,Emp2487,Rojas,F,,,9.0,IC3,Full-time,Chile,Concepcion,2628172.0
2488,Emp2488,Gonzalez,F,,,6.0,IC2,Full-time,Chile,Santiago,1571970.0
2489,Emp2489,Diaz,M,,,7.0,IC3,Contractor,Chile,Santiago,2184172.0
2490,Emp2490,Perez,F,,,3.0,IC2,Full-time,Chile,Santiago,1488406.0
2491,Emp2491,Perez,M,,,1.0,IC1,Full-time,Chile,Santiago,1014753.0
2492,Emp2492,Perez,M,,,1.0,IC1,Full-time,Chile,Concepcion,830116.0
2493,Emp2493,Castillo,M,,,5.0,IC2,Contractor,Chile,Santiago,1481966.0
2494,Emp2494,Diaz,F,,,4.0,IC3,Full-time,Chile,Santiago,2329417.0
2495,Emp2495,Soto,F,,,8.0,IC1,Full-time,Chile,Valparaiso,1201095.0
2496,Emp2496,Rojas,F,,,8.0,IC3,Full-time,Chile,Santiago,2601010.0
2497,Emp2497,Munoz,F,,,4.0,IC2,Full-time,Chile,Valparaiso,1660245.0
2498,Emp2498,Castillo,M,,,5.0,IC3,Full-time,Chile,Concepcion,2181383.0
2499,Emp2499,Gonzalez,F,,,4.0,IC1,Full-time,Chile,Santiago,847240.0
2500,Emp2500,Castillo,F,,,7.0,IC2,Full-time,Chile,Santiago,1673622.0
2501,Emp2501,Silva,F,,,7.0,IC1,Full-time,Chile,Santiago,1070657.0
2502,Emp2502,Gonzalez,M,,,7.0,IC2,Full-time,Chile,Valparaiso,1578921.0
2503,Emp2503,Munoz,F,,,1.0,IC1,Full-time,Chile,Concepcion,1165632.0
2504,Emp2504,Gonzalez,M,,,4.0,IC2,Full-time,Chile,Santiago,1729847.0
2505,Emp2505,Gonzalez,F,,,10.0,IC3,Full-time,Chile,Valparaiso,2367434.0
2506,Emp2506,Gonzalez,M,,,4.0,IC1,Full-time,Chile,Valparaiso,1057370.0
2507,Emp2507,Soto,M,,,2.0,IC3,Contractor,Chile,Antofagasta,2099655.0
2508,Emp2508,Diaz,F,,,2.0,IC3,Full-time,Chile,Santiago,2146804.0
2509,Emp2509,Soto,F,,,1.0,IC2,Full-time,Chile,Santiago,1812065.0
2510,Emp2510,Gonzalez,F,,,8.0,IC3,Full-time,Chile,Valparaiso,2194103.0
2511,Emp2511,Rojas,F,,,1.0,IC2,Full-time,Chile,Concepcion,1263489.0
2512,Emp2512,Munoz,F,,,6.0,IC3,Full-time,Chile,Valparaiso,
2513,Emp2513,Castillo,M,,,4.0,IC3,Full-time,Chile,Concepcion,2064405.0
2514,Emp2514,Munoz,M,,,1.0,IC3,Full-time,Chile,Santiago,2308812.0
2515,Emp2515,Gonzalez,F,,,9.0,IC2,Full-time,Chile,Santiago,1722791.0
2516,Emp2516,Munoz,M,,,8.0,IC3,Full-time,Chile,Santiago,2300805.0
2517,Emp2517,Silva,F,,,9.0,IC1,Full-time,Chile,Santiago,480466.0
2518,Emp2518,Diaz,M,,,10.0,IC2,Full-time,Chile,Santiago,1697622.0
2519,Emp2519,Rojas,F,,,10.0,IC1,Full-time,Chile,Santiago,1431616.0
2520,Emp2520,Castillo,M,,,8.0,IC1,Full-time,Chile,Santiago,1296633.0
2521,Emp2521,Soto,M,,,6.0,IC3,Full-time,Chile,Santiago,1769002.0
2522,Emp2522,Gonzalez,F,,,7.0,M1,Full-time,Chile,Concepcion,3731811.0
2523,Emp2523,Rojas,F,,,5.0,IC1,Full-time,Chile,Santiago,768537.0
2524,Emp2524,Soto,F,,,2.0,IC3,Part-time,Chile,Santiago,2030395.0
2525,Emp2525,Gonzalez,M,,,4.0,IC3,Full-time,Chile,Santiago,2495469.0
2526,Emp2526,Perez,M,,,5.0,M1,Full-time,Chile,Santiago,3313210.0
2527,Emp2527,Soto,M,,,1.0,IC3,Contractor,Chile,Santiago,2320084.0
2528,Emp2528,Castillo,M,,,9.0,IC1,Part-time,Chile,Santiago,957648.0
2529,Emp2529,Gonzalez,M,,,10.0,IC1,Full-time,Chile,Concepcion,1432714.0
2530,Emp2530,Diaz,M,,,5.0,IC3,Part-time,Chile,Santiago,2290169.0
2531,Emp2531,Castillo,M,,,5.0,IC1,Full-time,Chile,Santiago,708546.0
2532,Emp2532,Munoz,M,,,9.0,M1,Part-time,Chile,Valparaiso,3508075.0
2533,Emp2533,Castillo,F,,,5.0,M1,Full-time,Chile,Santiago,3254821.0
2534,Emp2534,Rojas,M,,,7.0,M1,Full-time,Chile,Santiago,3478752.0
2535,Emp2535,Munoz,F,,,6.0,IC2,Contractor,Chile,Santiago,1743137.0
2536,Emp2536,Castillo,F,,,3.0,IC3,Full-time,Chile,Santiago,2897906.0
2537,Emp2537,Perez,M,,,8.0,IC3,Part-time,Chile,Concepcion,2222507.0
2538,Emp2538,Soto,F,,,2.0,IC1,Full-time,Chile,Santiago,1104023.0
2539,Emp2539,Diaz,F,,,3.0,IC2,Full-time,Chile,Santiago,1779958.0
2540,Emp2540,Soto,F,,,7.0,IC1,Contractor,Chile,Santiago,1024052.0
2541,Emp2541,Perez,M,,,8.0,IC2,Full-time,Chile,Santiago,1800659.0
2542,Emp2542,Castillo,M,,,10.0,M2,Part-time,Chile,Concepcion,3763147.0
2543,Emp2543,Castillo,F,,,8.0,M1,Part-time,Chile,Santiago,3181804.0
2544,Emp2544,Soto,F,,,1.0,IC2,Full-time,Chile,Valparaiso,1574252.0
2545,Emp2545,Munoz,M,,,9.0,IC2,Full-time,Chile,Santiago,1565196.0
2546,Emp2546,Soto,M,,,5.0,IC1,Full-time,Chile,Santiago,880768.0
2547,Emp2547,Munoz,F,,,1.0,IC2,Full-time,Chile,Santiago,1826531.0
2548,Emp2548,Diaz,M,,,6.0,IC1,Full-time,Chile,Concepcion,973889.0
2549,Emp2549,Soto,M,,,2.0,IC3,Full-time,Chile,Santiago,$2.350.069
2550,Emp2550,Rojas,F,,,5.0,IC3,Full-time,Chile,Valparaiso,2290709.0
2551,Emp2551,Silva,M,,,5.0,M1,Full-time,Chile,Santiago,3325091.0
2552,Emp2552,Perez,M,,,1.0,M1,Full-time,Chile,Santiago,3557740.0
2553,Emp2553,Rojas,M,,,9.0,IC1,Full-time,Chile,Santiago,1148776.0
2554,Emp2554,Rojas,F,,,6.0,IC3,Full-time,Chile,Santiago,2510349.0
2555,Emp2555,Castillo,M,,,10.0,IC1,Full-time,Chile,Santiago,1136218.0
2556,Emp2556,Gonzalez,M,,,5.0,IC2,Full-time,Chile,Santiago,1473498.0
2557,Emp2557,Munoz,M,,,6.0,IC2,Full-time,Chile,Concepcion,1564611.0
2558,Emp2558,Munoz,M,,,9.0,IC1,Full-time,Chile,Santiago,1029114.0
2559,Emp2559,Gonzalez,M,,,3.0,IC1,Part-time,Chile,Santiago,1242041.0
2560,Emp2560,Diaz,M,,,10.0,IC2,Full-time,Chile,Santiago,1626663.0
2561,Emp2561,Diaz,M,,,2.0,IC1,Part time,Chile,Santiago,901434.0
2562,Emp2562,Perez,F,,,10.0,M1,Part-time,Chile,Santiago,3144509.0
2563,Emp2563,Silva,F,,,7.0,IC2,Contractor,Chile,Santiago,1218521.0
2564,Emp2564,Soto,F,,,6.0,IC2,Full-time,Chile,Santiago,1553849.0
2565,Emp2565,Soto,M,,,3.0,M2,Contractor,Chile,Santiago,4500326.0
2566,Emp2566,Soto,F,,,6.0,IC3,Full-time,Chile,Santiago,2752112.0
2567,Emp2567,Munoz,M,,,6.0,IC2,Full-time,Chile,Concepcion,1937113.0
2568,Emp2568,Silva,F,,,10.0,M1,Full-time,Chile,Valparaiso,2941481.0
2569,Emp2569,Soto,F,,,9.0,IC1,Full-time,Chile,Santiago,1150442.0
2570,Emp2570,Castillo,M,,,5.0,IC1,Part-time,Chile,Valparaiso,1154828.0
2571,Emp2571,Munoz,F,,,4.0,IC2,Contractor,Chile,Santiago,
2572,Emp2572,Castillo,M,,,4.0,IC2,Contractor,Chile,Santiago,1558328.0
2573,Emp2573,Silva,F,,,4.0,IC3,Full-time,Chile,Santiago,2211513.0
2574,Emp2574,Soto,M,,,1.0,IC1,Full-time,Chile,Santiago,1568177.0
2575,Emp2575,Munoz,F,,,1.0,IC3,Full-time,Chile,Santiago,2195954.0
2576,Emp2576,Perez,M,,,8.0,IC3,Full-time,Chile,Santiago,2385234.0
2577,Emp2577,Perez,M,,,3.0,M2,Full-time,Chile,Santiago,3867742.0
2578,Emp2578,Soto,F,,,5.0,IC1,Part-time,Chile,Santiago,1305892.0
2579,Emp2579,Castillo,F,,,7.0,IC1,Full-time,Chile,Santiago,1396064.0
2580,Emp2580,Diaz,F,,,7.0,M1,Full-time,Chile,Santiago,2936992.0
2581,Emp2581,Soto,M,,,4.0,IC3,Contractor,Chile,Santiago,2172028.0
2582,Emp2582,Soto,M,,,8.0,IC1,Full-time,Chile,Valparaiso,1212876.0
2583,Emp2583,Perez,F,,,2.0,IC1,Full-time,Chile,Concepcion,1104865.0
2584,Emp2584,Silva,F,,,5.0,IC3,Full-time,Chile,Santiago,2416592.0
2585,Emp2585,Perez,M,,,2.0,IC3,Full-time,Chile,Concepcion,2228190.0
2586,Emp2586,Diaz,M,,,6.0,IC3,full time,Chile,Santiago,2765816.0
2587,Emp2587,Perez,M,,,1.0,M1,Full-time,Chile,Santiago,3032565.0
2588,Emp2588,Perez,M,,,10.0,IC1,Full-time,Chile,Santiago,1772894.0
2589,Emp2589,Castillo,M,,,7.0,IC1,Full-time,Chile,Santiago,1410481.0
2590,Emp2590,Perez,M,,,3.0,IC3,Full-time,Chile,Santiago,2508029.0
2591,Emp2591,Gonzalez,F,,,7.0,M1,Full-time,Chile,Santiago,2939881.0
2592,Emp2592,Soto,F,,,4.0,IC2,Full-time,Chile,Concepcion,1827421.0
2593,Emp2593,Diaz,F,,,6.0,IC3,Full-time,Chile,Concepcion,2450985.0
2594,Emp2594,Gonzalez,M,,,11.0,IC1,Full-time,Chile,Antofagasta,570097.0
2595,Emp2595,Perez,F,,,6.0,IC1,Full-time,Chile,Santiago,748850.0
2596,Emp2596,Rojas,M,,,2.0,M1,Full-time,Chile,Santiago,3289407.0
2597,Emp2597,Diaz,M,,,2.0,IC1,Full-time,Chile,Concepcion,1066675.0
2598,Emp2598,Silva,M,,,6.0,IC1,Contractor,Chile,Santiago,970880.0
2599,Emp2599,Castillo,M,,,6.0,IC3,Full-time,Chile,Santiago,2569737.0
2600,Emp2600,Soto,F,,,3.0,IC2,Full-time,Chile,Santiago,1379055.0
2601,Emp2601,Munoz,M,,,1.0,IC2,Full-time,Chile,Santiago,1486190.0
2602,Emp2602,Rojas,F,,,5.0,IC3,Full-time,Chile,Santiago,2138243.0
2603,Emp2603,Munoz,M,,,10.0,IC1,Full-time,Chile,Santiago,1227542.0
2604,Emp2604,Diaz,M,,,8.0,IC3,Full-time,Chile,Santiago,1870135.0
2605,Emp2605,Munoz,M,,,1.0,IC2,Part-time,Chile,Valparaiso,1475582.0
2606,Emp2606,Munoz,M,,,10.0,IC1,Full-time,Chile,Santiago,669309.0
2607,Emp2607,Diaz,F,,,5.0,IC3,Full-time,Chile,Santiago,2221781.0
2608,Emp2608,Perez,M,,,6.0,IC2,Full-time,Chile,Santiago,1780762.0
2609,Emp2609,Diaz,M,,,1.0,M1,Contractor,Chile,Antofagasta,3385224.0
2610,Emp2610,Munoz,M,,,4.0,M1,Contractor,Chile,Santiago,3018100.0
2611,Emp2611,Castillo,F,,,8.0,M1,Full-time,Chile,Santiago,3333330.0
2612,Emp2612,Castillo,F,,,4.0,IC2,Full-time,Chile,Santiago,1553709.0
2613,Emp2613,Rojas,M,,,2.0,IC1,Part-time,Chile,Antofagasta,1440271.0
2614,Emp2614,Diaz,F,,,1.0,M1,Contractor,Chile,Santiago,3167509.0
2615,Emp2615,Gonzalez,M,,,10.0,IC2,Full-time,Chile,Santiago,856738.0
2616,Emp2616,Silva,M,,,9.0,IC3,Contractor,Chile,Santiago,2523670.0
2617,Emp2617,Castillo,M,,,1.0,M1,Full-time,Chile,Concepcion,3085225.0
2618,Emp2618,Gonzalez,F,,,10.0,IC2,Full-time,Chile,Santiago,1531450.0
2619,Emp2619,Silva,M,,,9.0,IC1,Full-time,Chile,Santiago,1183981.0
2620,Emp2620,Castillo,F,,,4.0,IC3,Full-time,Chile,Santiago,1943823.0
2621,Emp2621,Munoz,M,,,7.0,IC3,Full-time,Chile,Santiago,2318663.0
2622,Emp2622,Soto,M,,,3.0,IC2,Full-time,Chile,Santiago,1733624.0
2623,Emp2623,Gonzalez,F,,,3.0,IC3,Full-time,Chile,Santiago,2391016.0
2624,Emp2624,Castillo,F,,,8.0,IC3,Full-time,Chile,Santiago,2150267.0
2625,Emp2625,Castillo,F,,,3.0,IC2,Full-time,Chile,Valparaiso,1847983.0
2626,Emp2626,Diaz,M,,,4.0,IC1,Full-time,Chile,Santiago,850626.0
2627,Emp2627,Castillo,M,,,4.0,IC3,Full-time,Chile,Valparaiso,2143620.0
2628,Emp2628,Gonzalez,F,,,2.0,IC3,Full-time,Chile,Santiago,2266000.0
2629,Emp2629,Diaz,F,,,9.0,M2,Full-time,Chile,Concepcion,4573867.0
2630,Emp2630,Gonzalez,M,,,7.0,IC1,Full-time,Chile,Santiago,1018864.0
2631,Emp2631,Castillo,F,,,9.0,M1,Full-time,Chile,Santiago,3507147.0
2632,Emp2632,Silva,M,,,6.0,IC3,Full-time,Chile,Santiago,2373822.0
2633,Emp2633,Castillo,M,,,2.0,IC3,Part-time,Chile,Santiago,2318914.0
2634,Emp2634,Diaz,M,,,3.0,IC2,Full-time,Chile,Valparaiso,1665034.0
2635,Emp2635,Gonzalez,M,,,4.0,IC1,Full-time,Chile,Santiago,1283226.0
2636,Emp2636,Gonzalez,M,,,10.0,IC2,Full-time,Chile,Valparaiso,1660194.0
2637,Emp2637,Perez,M,,,3.0,IC2,Full-time,Chile,Santiago,1147621.0
2638,Emp2638,Silva,F,,,7.0,IC2,Part-time,Chile,Santiago,1872377.0
2639,Emp2639,Rojas,F,,,2.0,M1,Full-time,Chile,Concepcion,3229919.0
2640,Emp2640,Munoz,M,,,10.0,IC1,Full-time,Chile,Santiago,1271213.0
2641,Emp2641,Rojas,F,,,7.0,M1,Full-time,Chile,Concepcion,3098514.0
2642,Emp2642,Soto,M,,,5.0,IC2,Full-time,Chile,Santiago,1143321.0
2643,Emp2643,Rojas,M,,,4.0,M1,Full-time,Chile,Santiago,2630273.0
2644,Emp2644,Soto,M,,,4.0,IC2,Full-time,Chile,Valparaiso,1363908.0
2645,Emp2645,Soto,F,,,3.0,IC3,Full-time,Chile,Santiago,2429324.0
2646,Emp2646,Gonzalez,M,,,6.0,IC3,Full-time,Chile,Santiago,2624473.0
2647,Emp2647,Diaz,M,,,9.0,M1,Full-time,Chile,Santiago,3275493.0
2648,Emp2648,Munoz,F,,,3.0,IC1,Part-time,Chile,Santiago,836943.0
2649,Emp2649,Castillo,M,,,8.0,IC1,Contractor,Chile,Santiago,903969.0
2650,Emp2650,Perez,M,,,6.0,M1,Full-time,Chile,Santiago,3540196.0
2651,Emp2651,Castillo,M,,,8.0,IC1,Full-time,Chile,Santiago,772305.0
2652,Emp2652,Castillo,M,,,8.0,IC3,Full-time,Chile,Santiago,2825443.0
2653,Emp2653,Castillo,F,,,1.0,IC1,Full-time,Chile,Santiago,1569009.0
2654,Emp2654,Perez,M,,,1.0,IC1,Part-time,Chile,Santiago,1633681.0
2655,Emp2655,Munoz,M,,,10.0,IC3,Full-time,Chile,Santiago,2395175.0
2656,Emp2656,Diaz,F,,,2.0,IC3,Full-time,Chile,Concepcion,2214619.0
2657,Emp2657,Gonzalez,F,,,6.0,IC3,Full-time,Chile,Valparaiso,2389087.0
2658,Emp2658,Perez,F,,,8.0,IC2,Full-time,Chile,Santiago,1827146.0
2659,Emp2659,Silva,F,,,6.0,IC3,Full-time,Chile,Santiago,2137306.0
2660,Emp2660,Rojas,M,,,1.0,M2,Part-time,Chile,Santiago,4224699.0
2661,Emp2661,Soto,F,,,1.0,IC2,Full-time,Chile,Santiago,1529016.0
2662,Emp2662,Munoz,M,,,7.0,IC2,Full-time,Chile,Santiago,1406923.0
2663,Emp2663,Rojas,F,,,9.0,IC2,Part-time,Chile,Concepcion,1910222.0
2664,Emp2664,Soto,M,,,4.0,IC3,Full-time,Chile,Valparaiso,2145893.0
2665,Emp2665,Rojas,F,,,6.0,IC2,Full-time,Chile,Santiago,1623910.0
2666,Emp2666,Diaz,M,,,10.0,IC3,Full-time,Chile,Santiago,$2.545.760
2667,Emp2667,Rojas,F,,,9.0,IC2,Full-time,Chile,Santiago,1919961.0
2668,Emp2668,Castillo,M,,,6.0,IC3,Full-time,Chile,Concepcion,2352140.0
2669,Emp2669,Gonzalez,F,,,7.0,M1,Full-time,Chile,Santiago,3296074.0
2670,Emp2670,Castillo,F,,,10.0,IC2,Full-time,Chile,Concepcion,1345752.0
2671,Emp2671,Munoz,M,,,8.0,IC2,Full-time,Chile,Santiago,1855764.0
2672,Emp2672,Munoz,M,,,5.0,IC2,Full-time,Chile,Valparaiso,1915881.0
2673,Emp2673,Munoz,M,,,7.0,IC2,Part-time,Chile,Santiago,1132412.0
2674,Emp2674,Rojas,F,,,4.0,IC2,Full-time,Chile,Santiago,2040736.0
2675,Emp2675,Castillo,F,,,10.0,M1,Full-time,Chile,Santiago,3024835.0
2676,Emp2676,Diaz,M,,,1.0,IC2,Full-time,Chile,Santiago,1748658.0
2677,Emp2677,Castillo,M,,,3.0,IC1,Full-time,Chile,Santiago,1119390.0
2678,Emp2678,Castillo,F,,,4.0,IC1,Full-time,Chile,Santiago,1084906.0
2679,Emp2679,Diaz,M,,,3.0,IC2,Full-time,Chile,Santiago,1548371.0
2680,Emp2680,Perez,M,,,6.0,M1,Full-time,Chile,Santiago,2951859.0
2681,Emp2681,Gonzalez,M,,,8.0,IC2,Contractor,Chile,Valparaiso,1730957.0
2682,Emp2682,Gonzalez,F,,,9.0,IC2,Full-time,Chile,Santiago,1528489.0
2683,Emp2683,Soto,F,,,6.0,IC2,Part-time,Chile,Santiago,1272644.0
2684,Emp2684,Munoz,F,,,7.0,M2,Full-time,Chile,Santiago,4241249.0
2685,Emp2685,Diaz,M,,,6.0,M1,Full-time,Chile,Santiago,2876888.0
2686,Emp2686,Soto,F,,,1.0,IC1,Full-time,Chile,Santiago,968852.0
2687,Emp2687,Rojas,M,,,8.0,IC3,Full-time,Chile,Antofagasta,2421275.0
2688,Emp2688,Diaz,M,,,1.0,IC3,Full-time,Chile,Santiago,2122220.0
2689,Emp2689,Silva,M,,,6.0,IC3,Full-time,Chile,Santiago,2543860.0
2690,Emp2690,Castillo,F,,,10.0,IC2,Full-time,Chile,Valparaiso,1570196.0
2691,Emp2691,Silva,F,,,8.0,IC3,Part-time,Chile,Santiago,2227649.0
2692,Emp2692,Diaz,M,,,6.0,IC3,Part-time,Chile,Santiago,2304191.0
2693,Emp2693,Castillo,M,,,4.0,IC1,Full-time,Chile,Santiago,1448789.0
2694,Emp2694,Soto,M,,,9.0,IC1,Contractor,Chile,Valparaiso,757165.0
2695,Emp2695,Castillo,F,,,9.0,IC2,Full-time,Chile,Concepcion,2014092.0
2696,Emp2696,Perez,M,,,4.0,IC1,Full-time,Chile,Concepcion,1340040.0
2697,Emp2697,Rojas,F,,,2.0,IC2,Full-time,Chile,Santiago,1594586.0
2698,Emp2698,Soto,F,,,6.0,M1,Full-time,Chile,Santiago,3495756.0
2699,Emp2699,Rojas,F,,,7.0,M1,Full-time,Chile,Concepcion,3119382.0
2700,Emp2700,Gonzalez,M,,,10.0,IC1,Full-time,Chile,Santiago,1171420.0
2701,Emp2701,Castillo,F,,,9.0,IC1,Part-time,Chile,Santiago,964646.0
2702,Emp2702,Munoz,F,,,3.0,IC3,Full-time,Chile,Antofagasta,2541619.0
2703,Emp2703,Rojas,M,,,3.0,IC2,Full-time,Chile,Santiago,1423186.0
2704,Emp2704,Munoz,M,,,10.0,IC1,Full-time,Chile,Santiago,1087158.0
2705,Emp2705,Gonzalez,F,,,4.0,M1,Full-time,Chile,Concepcion,3369785.0
2706,Emp2706,Perez,F,,,5.0,IC1,Full-time,Chile,Santiago,1362047.0
2707,Emp2707,Silva,M,,,4.0,IC1,Full-time,Chile,Concepcion,894711.0
2708,Emp2708,Perez,F,,,4.0,IC3,Full-time,Chile,Santiago,2488285.0
2709,Emp2709,Silva,F,,,6.0,IC3,Full-time,Chile,Santiago,2054504.0
2710,Emp2710,Munoz,M,,,3.0,IC2,Full-time,Chile,Concepcion,1062417.0
2711,Emp2711,Gonzalez,F,,,5.0,IC3,Full-time,Chile,Valparaiso,2112984.0
2712,Emp2712,Gonzalez,M,,,4.0,M1,Full-time,Chile,Concepcion,3408665.0
2713,Emp2713,Castillo,F,,,2.0,IC1,Full-time,Chile,Santiago,1096946.0
2714,Emp2714,Diaz,F,,,8.0,IC3,Contractor,Chile,Santiago,2166251.0
2715,Emp2715,Diaz,F,,,9.0,IC1,Full-time,Chile,Santiago,1113870.0
2716,Emp2716,Soto,F,,,5.0,IC2,Full-time,Chile,Santiago,1605600.0
2717,Emp2717,Soto,F,,,3.0,IC2,Full-time,Chile,Antofagasta,1755475.0
2718,Emp2718,Silva,F,,,7.0,IC2,Full-time,Chile,Antofagasta,1197073.0
2719,Emp2719,Diaz,M,,,6.0,IC1,Full-time,Chile,Santiago,1074412.0
2720,Emp2720,Rojas,M,,,6.0,M1,Full-time,Chile,Antofagasta,3231069.0
2721,Emp2721,Silva,F,,,6.0,IC2,Contractor,Chile,Santiago,1258657.0
2722,Emp2722,Silva,M,,,8.0,M1,Full-time,Chile,Concepcion,2855229.0
2723,Emp2723,Gonzalez,M,,,1.0,IC2,Full-time,Chile,Santiago,1508823.0
2724,Emp2724,Soto,M,,,1.0,M1,Full-time,Chile,Valparaiso,3202131.0
2725,Emp2725,Munoz,F,,,1.0,IC2,Full-time,Chile,Valparaiso,1603012.0
2726,Emp2726,Diaz,F,,,2.0,IC2,Full-time,Chile,Santiago,
2727,Emp2727,Rojas,F,,,10.0,IC3,Full-time,Chile,Concepcion,2150666.0
2728,Emp2728,Gonzalez,F,,,8.0,IC3,Full-time,Chile,Santiago,2201206.0
2729,Emp2729,Diaz,F,,,7.0,IC2,Full-time,Chile,Concepcion,1674630.0
2730,Emp2730,Soto,M,,,7.0,IC2,Full-time,Chile,Santiago,1911155.0
2731,Emp2731,Castillo,M,,,1.0,IC3,Full-time,Chile,Santiago,1744901.0
2732,Emp2732,Diaz,F,,,3.0,IC3,Full-time,Chile,Valparaiso,2455751.0
2733,Emp2733,Castillo,F,,,8.0,IC2,Part-time,Chile,Valparaiso,1572212.0
2734,Emp2734,Rojas,F,,,5.0,IC3,Part-time,Chile,Concepcion,2431431.0
2735,Emp2735,Soto,M,,,6.0,IC2,Full-time,Chile,Santiago,1896386.0
2736,Emp2736,Rojas,M,,,8.0,IC2,Full-time,Chile,Santiago,1411218.0
2737,Emp2737,Diaz,F,,,1.0,IC3,Full-time,Chile,Santiago,2536076.0
2738,Emp2738,Rojas,M,,,8.0,M2,Part-time,Chile,Concepcion,4186489.0
2739,Emp2739,Soto,M,,,7.0,IC2,Full-time,Chile,Antofagasta,1631900.0
2740,Emp2740,Perez,M,,,5.0,IC1,Full-time,Chile,Concepcion,1039371.0
2741,Emp2741,Rojas,M,,,5.0,IC1,Full-time,Chile,Santiago,1111570.0
2742,Emp2742,Gonzalez,M,,,1.0,IC3,Part-time,Chile,Concepcion,2052741.0
2743,Emp2743,Diaz,F,,,3.0,IC2,Full-time,Chile,Santiago,1709221.0
2744,Emp2744,Castillo,F,,,3.0,IC2,Part-time,Chile,Concepcion,1996572.0
2745,Emp2745,Rojas,M,,,9.0,IC1,Part time,Chile,Santiago,857036.0
2746,Emp2746,Soto,F,,,2.0,M1,Full-time,Chile,Santiago,3247411.0
2747,Emp2747,Rojas,M,,,3.0,IC2,Full-time,Chile,Santiago,1813968.0
2748,Emp2748,Munoz,F,,,2.0,IC3,Full-time,Chile,Valparaiso,2225815.0
2749,Emp2749,Soto,F,,,3.0,IC1,Full-time,Chile,Santiago,1440098.0
2750,Emp2750,Castillo,F,,,1.0,IC1,Full-time,Chile,Santiago,992578.0
2751,Emp2751,Rojas,M,,,3.0,IC1,Full-time,Chile,Valparaiso,1070926.0
2752,Emp2752,Gonzalez,F,,,8.0,IC2,Full-time,Chile,Antofagasta,1351711.0
2753,Emp2753,Diaz,F,,,8.0,IC2,Full-time,Chile,Santiago,1631648.0
2754,Emp2754,Silva,F,,,4.0,IC1,Full-time,Chile,Santiago,1100756.0
2755,Emp2755,Castillo,M,,,8.0,IC2,Full-time,Chile,Santiago,1758975.0
2756,Emp2756,Munoz,M,,,7.0,IC1,Full-time,Chile,Santiago,940948.0
2757,Emp2757,Castillo,F,,,10.0,IC2,Full-time,Chile,Santiago,1429501.0
2758,Emp2758,Silva,M,,,9.0,IC1,Part-time,Chile,Santiago,1215623.0
2759,Emp2759,Perez,F,,,3.0,IC1,Part-time,Chile,Santiago,1449298.0
2760,Emp2760,Soto,M,,,6.0,IC1,Full-time,Chile,Santiago,1257253.0
2761,Emp2761,Rojas,F,,,8.0,IC3,Full-time,Chile,Santiago,2761853.0
2762,Emp2762,Soto,M,,,4.0,M1,Part-time,Chile,Santiago,3338827.0
2763,Emp2763,Perez,M,,,6.0,IC3,Full-time,Chile,Santiago,2429823.0
2764,Emp2764,Gonzalez,M,,,5.0,IC1,Full-time,Chile,Santiago,1269823.0
2765,Emp2765,Rojas,F,,,4.0,M2,Full-time,Chile,Santiago,4872043.0
2766,Emp2766,Diaz,M,,,2.0,M2,Full-time,Chile,Santiago,4809393.0
2767,Emp2767,Perez,M,,,1.0,IC2,Full-time,Chile,Valparaiso,1328780.0
2768,Emp2768,Castillo,F,,,8.0,IC1,Contractor,Chile,Concepcion,1300145.0
2769,Emp2769,Soto,M,,,9.0,IC3,Full-time,Chile,Santiago,2366339.0
2770,Emp2770,Castillo,M,,,7.0,M2,Full-time,Chile,Valparaiso,4451491.0
2771,Emp2771,Silva,F,,,3.0,IC3,Full-time,Chile,Concepcion,1856768.0
2772,Emp2772,Gonzalez,M,,,1.0,IC3,Full-time,Chile,Santiago,1914960.0
2773,Emp2773,Rojas,F,,,7.0,IC3,Full-time,Chile,Santiago,2208883.0
2774,Emp2774,Silva,M,,,2.0,M2,Contractor,Chile,Santiago,4133852.0
2775,Emp2775,Diaz,F,,,6.0,IC1,Full-time,Chile,Santiago,1014061.0
2776,Emp2776,Perez,F,,,10.0,IC1,Full-time,Chile,Santiago,1278585.0
2777,Emp2777,Diaz,M,,,1.0,M1,Part-time,Chile,Santiago,3054761.0
2778,Emp2778,Castillo,M,,,6.0,IC1,Full-time,Chile,Antofagasta,1120866.0
2779,Emp2779,Soto,M,,,10.0,IC2,Full-time,Chile,Santiago,$1.332.512
2780,Emp2780,Gonzalez,M,,,4.0,IC2,Part time,Chile,Santiago,1674692.0
2781,Emp2781,Perez,F,,,9.0,IC1,Full-time,Chile,Antofagasta,1227034.0
2782,Emp2782,Castillo,F,,,9.0,IC1,Part-time,Chile,Santiago,744266.0
2783,Emp2783,Munoz,F,,,5.0,IC3,Full-time,Chile,Santiago,2112028.0
2784,Emp2784,Munoz,M,,,4.0,IC2,Full-time,Chile,Antofagasta,1283207.0
2785,Emp2785,Castillo,M,,,7.0,IC3,Contractor,Chile,Santiago,2427304.0
2786,Emp2786,Gonzalez,M,,,7.0,IC2,Contractor,Chile,Santiago,1641002.0
2787,Emp2787,Perez,M,,,5.0,M1,Full-time,Chile,Santiago,3187572.0
2788,Emp2788,Gonzalez,F,,,2.0,IC3,Contractor,Chile,Santiago,2267930.0
2789,Emp2789,Gonzalez,F,,,8.0,M2,Full-time,Chile,Concepcion,4580709.0
2790,Emp2790,Munoz,M,,,3.0,IC2,Full-time,Chile,Santiago,1685713.0
2791,Emp2791,Castillo,M,,,2.0,IC1,Full-time,Chile,Concepcion,976106.0
2792,Emp2792,Rojas,F,,,1.0,IC3,Full-time,Chile,Santiago,2141101.0
2793,Emp2793,Silva,F,,,5.0,M1,Full-time,Chile,Concepcion,3185251.0
2794,Emp2794,Diaz,F,,,2.0,IC1,Full-time,Chile,Santiago,1052566.0
2795,Emp2795,Gonzalez,F,,,4.0,IC3,Full-time,Chile,Concepcion,$2.815.171
2796,Emp2796,Castillo,M,,,3.0,IC3,Full-time,Chile,Santiago,2204026.0
2797,Emp2797,Munoz,F,,,5.0,IC1,Full-time,Chile,Concepcion,1172416.0
2798,Emp2798,Diaz,M,,,8.0,IC3,Full-time,Chile,Concepcion,2416482.0
2799,Emp2799,Silva,M,,,5.0,IC1,Contractor,Chile,Santiago,1450131.0
2800,Emp2800,Soto,M,,,6.0,IC1,Full-time,Chile,Santiago,897204.0
2801,Emp2801,Munoz,F,,,2.0,M1,Part-time,Chile,Santiago,3534912.0
2802,Emp2802,Soto,F,,,2.0,IC2,Full-time,Chile,Santiago,1563151.0
2803,Emp2803,Castillo,F,,,10.0,IC3,Full-time,Chile,Santiago,2925336.0
2804,Emp2804,Gonzalez,F,,,7.0,IC3,Full-time,Chile,Santiago,2390651.0
2805,Emp2805,Rojas,F,,,1.0,M2,Full-time,Chile,Antofagasta,4192768.0
2806,Emp2806,Castillo,M,,,6.0,IC2,Full-time,Chile,Antofagasta,1550710.0
2807,Emp2807,Perez,F,,,1.0,IC2,Full-time,Chile,Santiago,1934067.0
2808,Emp2808,Perez,F,,,1.0,IC2,Full-time,Chile,Santiago,1620385.0
2809,Emp2809,Munoz,F,,,4.0,IC3,Full-time,Chile,Santiago,2285094.0
2810,Emp2810,Rojas,M,,,7.0,IC2,Full-time,Chile,Valparaiso,1779749.0
2811,Emp2811,Diaz,M,,,7.0,IC3,Full-time,Chile,Antofagasta,2213751.0
2812,Emp2812,Perez,M,,,8.0,IC2,Full-time,Chile,Santiago,1547317.0
2813,Emp2813,Rojas,M,,,2.0,IC1,Full-time,Chile,Santiago,863831.0
2814,Emp2814,Castillo,M,,,2.0,M1,Full-time,Chile,Santiago,3632205.0
2815,Emp2815,Rojas,M,,,6.0,M1,Full-time,Chile,Santiago,2894347.0
2816,Emp2816,Gonzalez,F,,,9.0,IC2,Full-time,Chile,Antofagasta,1642367.0
2817,Emp2817,Silva,M,,,8.0,IC3,Full-time,Chile,Santiago,2419971.0
2818,Emp2818,Munoz,M,,,7.0,IC2,Full-time,Chile,Santiago,1596587.0
2819,Emp2819,Rojas,F,,,1.0,IC3,Full-time,Chile,Santiago,1986534.0
2820,Emp2820,Silva,M,,,9.0,IC2,Full-time,Chile,Santiago,1350309.0
2821,Emp2821,Diaz,M,,,10.0,IC2,Part-time,Chile,Santiago,1730629.0
2822,Emp2822,Munoz,M,,,6.0,IC1,Full-time,Chile,Santiago,905030.0
2823,Emp2823,Rojas,F,,,4.0,IC1,Full-time,Chile,Santiago,581996.0
2824,Emp2824,Castillo,M,,,7.0,IC3,Full-time,Chile,Santiago,2396745.0
2825,Emp2825,Diaz,M,,,7.0,IC2,Full-time,Chile,Concepcion,1381876.0
2826,Emp2826,Munoz,F,,,10.0,IC1,Full-time,Chile,Concepcion,1257805.0
2827,Emp2827,Perez,F,,,2.0,IC1,Full-time,Chile,Santiago,1049595.0
2828,Emp2828,Castillo,F,,,6.0,IC2,Full-time,Chile,Santiago,1537547.0
2829,Emp2829,Silva,F,,,8.0,IC3,Full-time,Chile,Antofagasta,2313060.0
2830,Emp2830,Rojas,M,,,4.0,IC2,Full-time,Chile,Valparaiso,1315377.0
2831,Emp2831,Castillo,M,,,9.0,IC3,Full-time,Chile,Antofagasta,2093637.0
2832,Emp2832,Munoz,F,,,1.0,M1,Full-time,Chile,Santiago,3135019.0
2833,Emp2833,Perez,F,,,2.0,IC2,Full-time,Chile,Santiago,1313914.0
2834,Emp2834,Diaz,M,,,8.0,M1,Part-time,Chile,Santiago,3378454.0
2835,Emp2835,Soto,F,,,2.0,IC1,Full-time,Chile,Concepcion,1023155.0
2836,Emp2836,Diaz,M,,,5.0,IC2,Full-time,Chile,Santiago,1237641.0
2837,Emp2837,Castillo,F,,,3.0,IC1,Full-time,Chile,Santiago,960243.0
2838,Emp2838,Castillo,F,,,7.0,IC1,Part-time,Chile,Antofagasta,1125301.0
2839,Emp2839,Rojas,M,,,1.0,IC1,Full-time,Chile,Antofagasta,988477.0
2840,Emp2840,Castillo,F,,,4.0,IC1,full time,Chile,Santiago,1199954.0
2841,Emp2841,Soto,M,,,10.0,M1,Contractor,Chile,Santiago,3343509.0
2842,Emp2842,Silva,F,,,4.0,IC2,Full-time,Chile,Santiago,2200425.0
2843,Emp2843,Munoz,M,,,6.0,M1,Full-time,Chile,Santiago,3487661.0
2844,Emp2844,Soto,M,,,10.0,IC2,Part-time,Chile,Santiago,1190907.0
2845,Emp2845,Soto,M,,,7.0,IC3,Part-time,Chile,Santiago,2209942.0
2846,Emp2846,Soto,F,,,8.0,IC1,Full-time,Chile,Concepcion,1033340.0
2847,Emp2847,Munoz,M,,,10.0,IC2,Full-time,Chile,Concepcion,1743768.0
2848,Emp2848,Soto,M,,,12.0,IC2,Full-time,Chile,Concepcion,1366603.0
2849,Emp2849,Perez,F,,,9.0,M1,Full-time,Chile,Valparaiso,3067187.0
2850,Emp2850,Perez,F,,,6.0,M1,Full-time,Chile,Santiago,2888897.0
2851,Emp2851,Rojas,M,,,9.0,IC1,Full-time,Chile,Santiago,949434.0
2852,Emp2852,Soto,F,,,7.0,IC3,Full-time,Chile,Valparaiso,2158759.0
2853,Emp2853,Gonzalez,M,,,4.0,IC3,Full-time,Chile,Santiago,2221749.0
2854,Emp2854,Gonzalez,M,,,6.0,IC3,Contractor,Chile,Valparaiso,2003372.0
2855,Emp2855,Silva,F,,,4.0,IC1,Part-time,Chile,Santiago,1345506.0
2856,Emp2856,Gonzalez,M,,,4.0,IC3,Full-time,Chile,Santiago,2418053.0
2857,Emp2857,Diaz,M,,,3.0,IC3,Full-time,Chile,Santiago,1937793.0
2858,Emp2858,Munoz,F,,,5.0,IC2,Full-time,Chile,Santiago,1606493.0
2859,Emp2859,Silva,M,,,4.0,IC2,Full-time,Chile,Santiago,1208686.0
2860,Emp2860,Soto,F,,,7.0,IC1,Full-time,Chile,Santiago,1435564.0
2861,Emp2861,Rojas,F,,,4.0,M1,Full-time,Chile,Santiago,3603527.0
2862,Emp2862,Castillo,M,,,5.0,IC1,Full-time,Chile,Valparaiso,1086066.0
2863,Emp2863,Munoz,F,,,2.0,IC1,Full-time,Chile,Santiago,886839.0
2864,Emp2864,Diaz,M,,,4.0,IC2,Full-time,Chile,Santiago,1433933.0
2865,Emp2865,Gonzalez,F,,,4.0,M1,Contractor,Chile,Santiago,3086564.0
2866,Emp2866,Gonzalez,M,,,10.0,IC3,Full-time,Chile,Santiago,2273293.0
2867,Emp2867,Perez,F,,,5.0,IC1,Full-time,Chile,Santiago,1442617.0
2868,Emp2868,Rojas,M,,,1.0,IC1,Full-time,Chile,Santiago,1338900.0
2869,Emp2869,Munoz,M,,,4.0,IC3,Part-time,Chile,Santiago,2542751.0
2870,Emp2870,Rojas,M,,,8.0,IC2,Full-time,Chile,Concepcion,1642645.0
2871,Emp2871,Perez,M,,,2.0,IC1,Full-time,Chile,Concepcion,811597.0
2872,Emp2872,Castillo,M,,,2.0,M2,Full-time,Chile,Santiago,4307486.0
2873,Emp2873,Munoz,M,,,4.0,IC1,Full-time,Chile,Concepcion,1115180.0
2874,Emp2874,Rojas,M,,,4.0,IC2,Full-time,Chile,Santiago,1299725.0
2875,Emp2875,Soto,M,,,5.0,IC1,Part-time,Chile,Santiago,1175996.0
2876,Emp2876,Diaz,M,,,1.0,IC3,Full-time,Chile,Valparaiso,2501281.0
2877,Emp2877,Silva,M,,,8.0,IC3,Full-time,Chile,Antofagasta,2436336.0
2878,Emp2878,Castillo,F,,,3.0,IC2,Full-time,Chile,Santiago,1726297.0
2879,Emp2879,Munoz,M,,,8.0,IC3,Full-time,Chile,Santiago,1833429.0
2880,Emp2880,Castillo,M,,,6.0,M1,Full-time,Chile,Santiago,3533339.0
2881,Emp2881,Gonzalez,F,,,3.0,M1,Full-time,Chile,Santiago,2808154.0
2882,Emp2882,Rojas,F,,,5.0,IC2,Part-time,Chile,Santiago,1561813.0
2883,Emp2883,Diaz,M,,,1.0,IC2,Full-time,Chile,Santiago,1754636.0
2884,Emp2884,Gonzalez,F,,,8.0,M1,Full-time,Chile,Valparaiso,3289649.0
2885,Emp2885,Perez,F,,,4.0,IC1,Contractor,Chile,Santiago,780541.0
2886,Emp2886,Rojas,F,,,4.0,IC1,Full-time,Chile,Santiago,825419.0
2887,Emp2887,Castillo,F,,,2.0,IC1,Full-time,Chile,Concepcion,1171768.0
2888,Emp2888,Gonzalez,M,,,4.0,M1,Contractor,Chile,Santiago,3327711.0
2889,Emp2889,Rojas,M,,,4.0,IC1,Full-time,Chile,Santiago,823199.0
2890,Emp2890,Rojas,M,,,3.0,IC2,Full-time,Chile,Santiago,1698148.0
2891,Emp2891,Rojas,M,,,10.0,IC3,Part-time,Chile,Santiago,1921182.0
2892,Emp2892,Diaz,M,,,3.0,IC1,Full-time,Chile,Santiago,1256097.0
2893,Emp2893,Perez,F,,,2.0,IC2,Full-time,Chile,Santiago,1379040.0
2894,Emp2894,Castillo,M,,,6.0,IC2,Full-time,Chile,Valparaiso,1620128.0
2895,Emp2895,Perez,F,,,4.0,IC1,Full-time,Chile,Santiago,1078151.0
2896,Emp2896,Diaz,F,,,5.0,M2,Full-time,Chile,Concepcion,4790164.0
2897,Emp2897,Silva,M,,,8.0,IC1,Full-time,Chile,Concepcion,1160533.0
2898,Emp2898,Silva,M,,,1.0,M1,Full-time,Chile,Santiago,3050225.0
2899,Emp2899,Munoz,F,,,6.0,IC2,Part-time,Chile,Santiago,1689898.0
2900,Emp2900,Rojas,M,,,1.0,IC1,Full-time,Chile,Concepcion,1635603.0
2901,Emp2901,Diaz,M,,,1.0,IC1,Full-time,Chile,Santiago,1285031.0
2902,Emp2902,Munoz,F,,,1.0,IC2,Full-time,Chile,Santiago,1585208.0
2903,Emp2903,Munoz,F,,,2.0,IC2,Full-time,Chile,Santiago,1391597.0
2904,Emp2904,Diaz,F,,,4.0,IC1,Full-time,Chile,Santiago,945877.0
2905,Emp2905,Silva,M,,,10.0,M2,Full-time,Chile,Santiago,4669998.0
2906,Emp2906,Munoz,F,,,10.0,IC2,Full-time,Chile,Santiago,1378549.0
2907,Emp2907,Diaz,M,,,2.0,M1,Contractor,Chile,Santiago,3200672.0
2908,Emp2908,Castillo,F,,,10.0,IC1,Full-time,Chile,Valparaiso,1459405.0
2909,Emp2909,Rojas,M,,,7.0,IC1,Full-time,Chile,Santiago,1137598.0
2910,Emp2910,Perez,M,,,6.0,IC3,Part-time,Chile,Valparaiso,2030217.0
2911,Emp2911,Gonzalez,M,,,8.0,IC2,Full-time,Chile,Santiago,2144462.0
2912,Emp2912,Gonzalez,F,,,5.0,IC1,Full-time,Chile,Santiago,1540612.0
2913,Emp2913,Soto,M,,,3.0,IC1,Full-time,Chile,Santiago,1225294.0
2914,Emp2914,Rojas,M,,,6.0,IC1,Full-time,Chile,Santiago,
2915,Emp2915,Soto,F,,,8.0,IC3,Full-time,Chile,Santiago,2233255.0
2916,Emp2916,Soto,F,,,7.0,IC2,Part-time,Chile,Concepcion,1781114.0
2917,Emp2917,Diaz,F,,,2.0,M2,Full-time,Chile,Santiago,4394115.0
2918,Emp2918,Castillo,F,,,10.0,IC1,Part-time,Chile,Antofagasta,761146.0
2919,Emp2919,Munoz,F,,,3.0,IC2,Full-time,Chile,Santiago,2247981.0
2920,Emp2920,Soto,F,,,9.0,IC2,Full-time,Chile,Santiago,1248365.0
2921,Emp2921,Perez,F,,,4.0,IC2,Full-time,Chile,Santiago,1674390.0
2922,Emp2922,Munoz,M,,,1.0,M1,Full-time,Chile,Concepcion,3271469.0
2923,Emp2923,Gonzalez,F,,,10.0,M1,Full-time,Chile,Santiago,3329001.0
2924,Emp2924,Diaz,F,,,6.0,IC1,Full-time,Chile,Santiago,1077579.0
2925,Emp2925,Soto,M,,,3.0,IC2,Full-time,Chile,Santiago,1580188.0
2926,Emp2926,Rojas,F,,,1.0,M1,Full-time,Chile,Santiago,3234603.0
2927,Emp2927,Diaz,F,,,2.0,IC1,Full-time,Chile,Santiago,1219967.0
2928,Emp2928,Perez,F,,,2.0,IC2,Full-time,Chile,Concepcion,1599546.0
2929,Emp2929,Rojas,F,,,10.0,IC2,Full-time,Chile,Santiago,1582910.0
2930,Emp2930,Silva,M,,,2.0,IC2,Full-time,Chile,Concepcion,1269723.0
2931,Emp2931,Rojas,F,,,2.0,IC2,Full-time,Chile,Santiago,2103421.0
2932,Emp2932,Silva,F,,,9.0,IC2,Full-time,Chile,Concepcion,1733925.0
2933,Emp2933,Rojas,M,,,9.0,M1,Full-time,Chile,Antofagasta,3252227.0
2934,Emp2934,Soto,M,,,3.0,IC2,full time,Chile,Santiago,1443883.0
2935,Emp2935,Munoz,F,,,7.0,M1,Full-time,Chile,Antofagasta,2949096.0
2936,Emp2936,Rojas,F,,,6.0,IC3,Full-time,Chile,Concepcion,2514997.0
2937,Emp2937,Munoz,M,,,6.0,IC2,Contractor,Chile,Santiago,1560034.0
2938,Emp2938,Silva,M,,,4.0,IC2,Full-time,Chile,Santiago,1755266.0
2939,Emp2939,Castillo,M,,,8.0,IC2,Full-time,Chile,Santiago,1261962.0
2940,Emp2940,Rojas,F,,,9.0,M1,Full-time,Chile,Santiago,3586714.0
2941,Emp2941,Silva,F,,,8.0,IC1,Full-time,Chile,Santiago,1325344.0
2942,Emp2942,Castillo,F,,,10.0,M1,Full-time,Chile,Santiago,3179734.0
2943,Emp2943,Munoz,M,,,2.0,IC3,Full-time,Chile,Santiago,2416906.0
2944,Emp2944,Rojas,M,,,7.0,IC3,Full-time,Chile,Santiago,2485251.0
2945,Emp2945,Munoz,F,,,10.0,IC2,Full-time,Chile,Santiago,1265755.0
2946,Emp2946,Gonzalez,M,,,6.0,IC3,Full-time,Chile,Santiago,2719457.0
2947,Emp2947,Diaz,F,,,10.0,IC3,Full-time,Chile,Antofagasta,2420815.0
2948,Emp2948,Soto,M,,,4.0,IC3,Full-time,Chile,Santiago,2123974.0
2949,Emp2949,Diaz,M,,,9.0,IC1,Part-time,Chile,Santiago,825852.0
2950,Emp2950,Diaz,F,,,10.0,IC3,Contractor,Chile,Santiago,2546774.0
2951,Emp2951,Gonzalez,F,,,7.0,IC2,Full-time,Chile,Antofagasta,1652790.0
2952,Emp2952,Diaz,M,,,8.0,IC3,Full-time,Chile,Santiago,2420650.0
2953,Emp2953,Castillo,F,,,6.0,IC2,Full-time,Chile,Santiago,1606666.0
2954,Emp2954,Soto,M,,,4.0,IC1,Full-time,Chile,Santiago,849314.0
2955,Emp2955,Perez,F,,,6.0,IC3,Full-time,Chile,Santiago,2427154.0
2956,Emp2956,Castillo,M,,,10.0,IC2,Full-time,Chile,Valparaiso,1550616.0
2957,Emp2957,Gonzalez,F,,,1.0,IC3,Full-time,Chile,Santiago,2294577.0
2958,Emp2958,Soto,F,,,3.0,IC3,Full-time,Chile,Santiago,2894251.0
2959,Emp2959,Diaz,F,,,5.0,IC3,Full-time,Chile,Santiago,2517267.0
2960,Emp2960,Soto,F,,,4.0,IC3,Full-time,Chile,Antofagasta,2531691.0
2961,Emp2961,Castillo,F,,,7.0,IC1,Full-time,Chile,Santiago,1780131.0
2962,Emp2962,Soto,M,,,4.0,IC1,Contractor,Chile,Antofagasta,1196143.0
2963,Emp2963,Castillo,F,,,7.0,IC3,Full-time,Chile,Santiago,2329927.0
2964,Emp2964,Gonzalez,F,,,2.0,IC1,Full-time,Chile,Santiago,930198.0
2965,Emp2965,Silva,F,,,4.0,IC1,Full-time,Chile,Santiago,986862.0
2966,Emp2966,Diaz,F,,,7.0,IC1,Full-time,Chile,Valparaiso,588224.0
2967,Emp2967,Rojas,M,,,5.0,IC2,Full-time,Chile,Valparaiso,1797606.0
2968,Emp2968,Rojas,M,,,8.0,M2,Full-time,Chile,Santiago,4183270.0
2969,Emp2969,Silva,F,,,7.0,IC1,Full-time,Chile,Santiago,1325684.0
2970,Emp2970,Silva,M,,,4.0,IC2,Full-time,Chile,Santiago,$1.589.243
2971,Emp2971,Diaz,M,,,5.0,M1,Contractor,Chile,Santiago,3232015.0
2972,Emp2972,Gonzalez,M,,,10.0,M2,Part-time,Chile,Concepcion,4489408.0
2973,Emp2973,Diaz,F,,,10.0,IC1,Full-time,Chile,Santiago,1446519.0
2974,Emp2974,Castillo,F,,,1.0,M1,Full-time,Chile,Santiago,3502361.0
2975,Emp2975,Gonzalez,F,,,8.0,IC1,Full-time,Chile,Santiago,1092777.0
2976,Emp2976,Soto,M,,,5.0,IC3,Part-time,Chile,Santiago,2075249.0
2977,Emp2977,Soto,M,,,1.0,IC1,Full-time,Chile,Antofagasta,1330972.0
2978,Emp2978,Castillo,M,,,7.0,IC2,Full-time,Chile,Santiago,15000000
2979,Emp2979,Perez,F,,,1.0,IC1,Part-time,Chile,Concepcion,711285.0
2980,Emp2980,Soto,M,,,4.0,IC3,Full-time,Chile,Santiago,
2981,Emp2981,Silva,M,,,7.0,IC1,Full-time,Chile,Santiago,1404622.0
2982,Emp2982,Gonzalez,F,,,,IC2,Full-time,Chile,Santiago,1498729.0
2983,Emp2983,Munoz,M,,,5.0,IC3,Full-time,Chile,Santiago,2401129.0
2984,Emp2984,Munoz,F,,,9.0,IC1,Full-time,Chile,Santiago,996082.0
2985,Emp2985,Silva,M,,,9.0,M1,Full-time,Chile,Santiago,3380498.0
2986,Emp2986,Silva,M,,,5.0,IC2,Full-time,Chile,Concepcion,
2987,Emp2987,Silva,M,,,2.0,IC1,Contractor,Chile,Santiago,$1.034.284
2988,Emp2988,Munoz,M,,,7.0,IC1,Full-time,Chile,Santiago,843099.0
2989,Emp2989,Castillo,F,,,1.0,IC2,Full-time,Chile,Santiago,1235742.0
2990,Emp2990,Soto,F,,,9.0,IC1,Full-time,Chile,Santiago,1331422.0
2991,Emp2991,Soto,F,,,4.0,IC2,Full-time,Chile,Santiago,1315858.0
2992,Emp2992,Silva,F,,,8.0,IC3,Full-time,Chile,Santiago,2393006.0
2993,Emp2993,Rojas,F,,,8.0,IC2,Full-time,Chile,Santiago,1794352.0
2994,Emp2994,Munoz,F,,,5.0,IC2,Full-time,Chile,Santiago,1474675.0
2995,Emp2995,Munoz,F,,,10.0,IC3,Part-time,Chile,Santiago,2258447.0
2996,Emp2996,Silva,F,,,8.0,IC2,Full-time,Chile,Concepcion,1849761.0
2997,Emp2997,Perez,F,,,9.0,IC3,Full-time,Chile,Santiago,2097952.0
2998,Emp2998,Perez,M,,,1.0,M1,Full-time,Chile,Antofagasta,2972572.0
2999,Emp2999,Soto,F,,,5.0,IC1,Full-time,Chile,Santiago,1041402.0
3000,Emp3000,Silva,M,,,10.0,IC3,Part-time,Chile,Valparaiso,2619478.0
3001,Emp3001,Munoz,M,,,9.0,M1,Full-time,Chile,Concepcion,3602683.0
3002,Emp3002,Silva,M,,,5.0,IC2,Full-time,Chile,Santiago,1575304.0
3003,Emp3003,Castillo,F,,,1.0,M2,Full-time,Chile,Santiago,4321970.0
3004,Emp3004,Castillo,F,,,3.0,IC2,Full-time,Chile,Santiago,1866029.0
3005,Emp3005,Silva,M,,,6.0,IC3,Full-time,Chile,Santiago,1882676.0
3006,Emp3006,Perez,M,,,7.0,IC2,Full-time,Chile,Santiago,1661903.0
3007,Emp3007,Diaz,F,,,10.0,IC1,Full-time,Chile,Santiago,1089022.0
3008,Emp3008,Soto,F,,,1.0,M2,Full-time,Chile,Concepcion,4823457.0
3009,Emp3009,Silva,M,,,4.0,IC1,Full-time,Chile,Santiago,1448755.0
3010,Emp3010,Munoz,F,,,3.0,M2,Full-time,Chile,Valparaiso,4264368.0
3011,Emp3011,Perez,M,,,10.0,IC3,Full-time,Chile,Santiago,2341920.0
3012,Emp3012,Diaz,F,,,2.0,M1,Full-time,Chile,Santiago,3057349.0
3013,Emp3013,Gonzalez,F,,,,M2,Full-time,Chile,Santiago,4426668.0
3014,Emp3014,Silva,M,,,3.0,IC3,Full-time,Chile,Santiago,2454347.0
3015,Emp3015,Soto,F,,,2.0,M2,Full-time,Chile,Santiago,4416276.0
3016,Emp3016,Soto,M,,,7.0,IC3,Full-time,Chile,Santiago,2348481.0
3017,Emp3017,Diaz,F,,,6.0,IC2,Full-time,Chile,Santiago,1839318.0
3018,Emp3018,Rojas,F,,,6.0,IC3,Full-time,Chile,Santiago,2678790.0
3019,Emp3019,Diaz,M,,,10.0,IC1,Full-time,Chile,Concepcion,1172170.0
3020,Emp3020,Silva,F,,,5.0,IC1,Full-time,Chile,Santiago,1129441.0
3021,Emp3021,Perez,F,,,4.0,IC2,Full-time,Chile,Valparaiso,1323177.0
3022,Emp3022,Rojas,M,,,4.0,IC2,Full-time,Chile,Santiago,1996450.0
3023,Emp3023,Soto,M,,,9.0,IC1,Full-time,Chile,Santiago,1223925.0
3024,Emp3024,Rojas,M,,,6.0,IC2,Full-time,Chile,Santiago,1634056.0
3025,Emp3025,Perez,F,,,2.0,IC3,Full-time,Chile,Concepcion,2321262.0
3026,Emp3026,Silva,F,,,7.0,IC3,Full-time,Chile,Santiago,2390163.0
3027,Emp3027,Gonzalez,M,,,8.0,M1,Part-time,Chile,Santiago,3392948.0
3028,Emp3028,Silva,F,,,3.0,M2,Full-time,Chile,Concepcion,4723888.0
3029,Emp3029,Rojas,F,,,6.0,M1,Part-time,Chile,Concepcion,3602700.0
3030,Emp3030,Castillo,M,,,6.0,IC3,Full-time,Chile,Valparaiso,2360672.0
3031,Emp3031,Silva,F,,,2.0,IC1,Full-time,Chile,Concepcion,1538550.0
3032,Emp3032,Perez,F,,,1.0,M1,Full-time,Chile,Santiago,3464431.0
3033,Emp3033,Diaz,F,,,8.0,IC1,Full-time,Chile,Valparaiso,1084967.0
3034,Emp3034,Gonzalez,F,,,7.0,IC1,Full-time,Chile,Santiago,683157.0
3035,Emp3035,Gonzalez,M,,,8.0,IC2,Full-time,Chile,Concepcion,1621391.0
3036,Emp3036,Castillo,M,,,4.0,IC3,Contractor,Chile,Santiago,2689619.0
3037,Emp3037,Munoz,F,,,6.0,IC3,Full-time,Chile,Santiago,2106184.0
3038,Emp3038,Rojas,F,,,10.0,IC1,Contractor,Chile,Santiago,1120616.0
3039,Emp3039,Perez,M,,,3.0,IC3,Part-time,Chile,Valparaiso,2341305.0
3040,Emp3040,Rojas,F,,,7.0,IC1,Full-time,Chile,Santiago,1335532.0
3041,Emp3041,Soto,M,,,2.0,IC2,Full-time,Chile,Valparaiso,1503047.0
3042,Emp3042,Perez,M,,,1.0,IC2,Full-time,Chile,Santiago,1382654.0
3043,Emp3043,Perez,M,,,10.0,IC2,Part-time,Chile,Santiago,1742501.0
3044,Emp3044,Diaz,F,,,2.0,IC3,Full-time,Chile,Santiago,2114153.0
3045,Emp3045,Rojas,M,,,7.0,IC1,Full-time,Chile,Santiago,641124.0
3046,Emp3046,Castillo,F,,,6.0,IC1,Full-time,Chile,Santiago,1560093.0
3047,Emp3047,Silva,M,,,9.0,IC1,Full-time,Chile,Antofagasta,1331758.0
3048,Emp3048,Munoz,M,,,6.0,IC3,Contractor,Chile,Santiago,2770847.0
3049,Emp3049,Rojas,M,,,7.0,M2,Full-time,Chile,Santiago,4718503.0
3050,Emp3050,Silva,M,,,9.0,IC3,Full-time,Chile,Santiago,2470091.0
3051,Emp3051,Munoz,M,,,9.0,IC3,Full-time,Chile,Concepcion,2392384.0
3052,Emp3052,Rojas,F,,,8.0,M1,Full-time,Chile,Santiago,3153493.0
3053,Emp3053,Munoz,F,,,2.0,IC2,Full-time,Chile,Concepcion,1728027.0
3054,Emp3054,Perez,M,,,2.0,IC1,Full-time,Chile,Santiago,961692.0
3055,Emp3055,Munoz,M,,,5.0,IC2,Full-time,Chile,Valparaiso,1332693.0
3056,Emp3056,Soto,F,,,7.0,IC2,Full-time,Chile,Santiago,1516944.0
3057,Emp3057,Munoz,M,,,7.0,IC2,Full-time,Chile,Valparaiso,1922873.0
3058,Emp3058,Rojas,M,,,8.0,IC2,Full-time,Chile,Concepcion,1291898.0
3059,Emp3059,Soto,F,,,2.0,IC2,Full-time,Chile,Concepcion,$1.295.871
3060,Emp3060,Perez,F,,,2.0,IC2,Part-time,Chile,Santiago,1747827.0
3061,Emp3061,Rojas,F,,,2.0,IC2,Part-time,Chile,Concepcion,1496230.0
3062,Emp3062,Perez,F,,,6.0,IC1,Full-time,Chile,Santiago,1221374.0
3063,Emp3063,Soto,F,,,7.0,M1,Full-time,Chile,Santiago,3447464.0
3064,Emp3064,Rojas,F,,,2.0,IC3,Full-time,Chile,Santiago,2415383.0
3065,Emp3065,Silva,F,,,9.0,IC1,Part-time,Chile,Santiago,941939.0
3066,Emp3066,Diaz,F,,,4.0,IC1,Contractor,Chile,Santiago,1420733.0
3067,Emp3067,Munoz,M,,,7.0,IC1,Full-time,Chile,Santiago,1285531.0
3068,Emp3068,Silva,F,,,8.0,IC1,Full-time,Chile,Santiago,1106707.0
3069,Emp3069,Rojas,M,,,1.0,IC1,Full-time,Chile,Santiago,1094604.0
3070,Emp3070,Gonzalez,M,,,9.0,IC1,Full-time,Chile,Santiago,1193498.0
3071,Emp3071,Soto,M,,,10.0,M1,Contractor,Chile,Valparaiso,3122004.0
3072,Emp3072,Soto,M,,,10.0,M1,Part-time,Chile,Santiago,2792199.0
3073,Emp3073,Rojas,M,,,2.0,IC3,Contractor,Chile,Santiago,2487539.0
3074,Emp3074,Munoz,F,,,4.0,IC3,Full-time,Chile,Santiago,2472686.0
3075,Emp3075,Diaz,M,,,3.0,IC3,Full-time,Chile,Valparaiso,
3076,Emp3076,Silva,F,,,5.0,IC3,Part-time,Chile,Santiago,2427669.0
3077,Emp3077,Gonzalez,M,,,10.0,M1,Full-time,Chile,Santiago,3639121.0
3078,Emp3078,Munoz,M,,,8.0,IC3,Full-time,Chile,Concepcion,2018090.0
3079,Emp3079,Rojas,F,,,8.0,IC3,Full-time,Chile,Concepcion,2281677.0
3080,Emp3080,Soto,F,,,5.0,M1,Full-time,Chile,Santiago,3154504.0
3081,Emp3081,Soto,M,,,10.0,IC3,Full-time,Chile,Valparaiso,2715103.0
3082,Emp3082,Munoz,F,,,10.0,IC1,Part-time,Chile,Antofagasta,1380237.0
3083,Emp3083,Perez,F,,,9.0,IC1,Full-time,Chile,Santiago,880396.0
3084,Emp3084,Rojas,F,,,9.0,IC2,Full-time,Chile,Santiago,1685530.0
3085,Emp3085,Perez,M,,,7.0,IC1,Full-time,Chile,Santiago,1675668.0
3086,Emp3086,Perez,M,,,1.0,IC1,Full-time,Chile,Concepcion,943823.0
3087,Emp3087,Rojas,M,,,3.0,IC1,Full-time,Chile,Santiago,1097212.0
3088,Emp3088,Rojas,F,,,8.0,IC2,Full-time,Chile,Santiago,1728377.0
3089,Emp3089,Rojas,F,,,4.0,M2,Full-time,Chile,Concepcion,4347486.0
3090,Emp3090,Soto,F,,,2.0,IC2,Full-time,Chile,Valparaiso,2040801.0
3091,Emp3091,Perez,M,,,10.0,IC1,Full-time,Chile,Santiago,981833.0
3092,Emp3092,Soto,M,,,5.0,IC2,Full-time,Chile,Antofagasta,1252741.0
3093,Emp3093,Silva,M,,,9.0,IC2,Full-time,Chile,Valparaiso,1468754.0
3094,Emp3094,Rojas,F,,,3.0,IC3,Full-time,Chile,Concepcion,2463255.0
3095,Emp3095,Castillo,M,,,4.0,IC3,Full-time,Chile,Concepcion,2100456.0
3096,Emp3096,Munoz,F,,,4.0,IC1,Full-time,Chile,Santiago,1175550.0
3097,Emp3097,Rojas,M,,,4.0,IC2,Full-time,Chile,Valparaiso,1740638.0
3098,Emp3098,Perez,M,,,5.0,IC1,Full-time,Chile,Santiago,797766.0
3099,Emp3099,Rojas,M,,,3.0,IC3,Full-time,Chile,Concepcion,2159074.0
3100,Emp3100,Perez,M,,,9.0,M1,Full-time,Chile,Concepcion,3287243.0
3101,Emp3101,Perez,M,,,4.0,M1,Full-time,Chile,Concepcion,3375603.0
3102,Emp3102,Rojas,F,,,5.0,IC1,Full-time,Chile,Valparaiso,965304.0
3103,Emp3103,Gonzalez,F,,,9.0,IC3,Full-time,Chile,Valparaiso,2337943.0
3104,Emp3104,Soto,F,,,5.0,IC3,Full-time,Chile,Santiago,2229016.0
3105,Emp3105,Silva,M,,,1.0,M1,Full-time,Chile,Santiago,3381963.0
3106,Emp3106,Perez,M,,,1.0,IC2,Part-time,Chile,Santiago,1729853.0
3107,Emp3107,Munoz,M,,,5.0,IC2,Full-time,Chile,Concepcion,1506629.0
3108,Emp3108,Perez,M,,,7.0,IC1,Full-time,Chile,Santiago,1219611.0
3109,Emp3109,Castillo,F,,,10.0,IC1,Full-time,Chile,Santiago,996850.0
3110,Emp3110,Rojas,M,,,2.0,IC3,Full-time,Chile,Santiago,2414340.0
3111,Emp3111,Diaz,M,,,6.0,IC2,Part-time,Chile,Santiago,1717824.0
3112,Emp3112,Munoz,F,,,3.0,IC1,Part-time,Chile,Santiago,1692762.0
3113,Emp3113,Gonzalez,F,,,5.0,M1,Part-time,Chile,Antofagasta,3115934.0
3114,Emp3114,Castillo,F,,,5.0,IC2,Full-time,Chile,Concepcion,1564683.0
3115,Emp3115,Perez,F,,,4.0,M2,Part-time,Chile,Santiago,4338192.0
3116,Emp3116,Soto,M,,,1.0,IC3,Full-time,Chile,Concepcion,2041794.0
3117,Emp3117,Silva,M,,,1.0,M1,Part-time,Chile,Santiago,3085885.0
3118,Emp3118,Silva,M,,,6.0,IC3,Full-time,Chile,Santiago,2466275.0
3119,Emp3119,Gonzalez,F,,,3.0,IC1,Part-time,Chile,Santiago,1284365.0
3120,Emp3120,Munoz,M,,,4.0,IC1,Full-time,Chile,Valparaiso,1173920.0
3121,Emp3121,Diaz,M,,,1.0,M1,Full-time,Chile,Santiago,3126059.0
3122,Emp3122,Castillo,F,,,1.0,IC1,Contractor,Chile,Santiago,976656.0
3123,Emp3123,Soto,M,,,2.0,IC2,Full-time,Chile,Santiago,1370792.0
3124,Emp3124,Diaz,F,,,4.0,IC3,Part-time,Chile,Santiago,2160778.0
3125,Emp3125,Soto,F,,,2.0,IC1,Full-time,Chile,Santiago,776218.0
3126,Emp3126,Castillo,F,,,3.0,IC1,Full-time,Chile,Santiago,1439465.0
3127,Emp3127,Munoz,F,,,4.0,IC2,Full-time,Chile,Concepcion,2059288.0
3128,Emp3128,Castillo,M,,,3.0,IC2,Full-time,Chile,Santiago,1116034.0
3129,Emp3129,Diaz,F,,,1.0,IC3,Full-time,Chile,Santiago,2372316.0
3130,Emp3130,Munoz,F,,,2.0,IC1,Full-time,Chile,Santiago,1168173.0
3131,Emp3131,Perez,F,,,10.0,IC2,Full-time,Chile,Santiago,1652202.0
3132,Emp3132,Soto,F,,,7.0,IC1,Full-time,Chile,Valparaiso,951814.0
3133,Emp3133,Munoz,F,,,2.0,IC3,Full-time,Chile,Santiago,2555628.0
3134,Emp3134,Gonzalez,F,,,3.0,IC1,Part-time,Chile,Santiago,1202619.0
3135,Emp3135,Silva,M,,,4.0,IC1,Part-time,Chile,Concepcion,1358530.0
3136,Emp3136,Gonzalez,F,,,10.0,M1,Full-time,Chile,Valparaiso,3015622.0
3137,Emp3137,Diaz,M,,,9.0,IC1,Full-time,Chile,Santiago,754204.0
3138,Emp3138,Soto,F,,,8.0,IC3,Full-time,Chile,Santiago,2408726.0
3139,Emp3139,Soto,M,,,2.0,IC2,Full-time,Chile,Concepcion,1359264.0
3140,Emp3140,Soto,M,,,5.0,IC1,Part-time,Chile,Santiago,1363650.0
3141,Emp3141,Soto,F,,,5.0,IC2,Full-time,Chile,Concepcion,1068345.0
3142,Emp3142,Soto,F,,,7.0,M1,Full-time,Chile,Santiago,3082865.0
3143,Emp3143,Soto,M,,,9.0,IC2,Full-time,Chile,Valparaiso,1446020.0
3144,Emp3144,Diaz,M,,,4.0,IC1,Full-time,Chile,Santiago,1016906.0
3145,Emp3145,Munoz,M,,,6.0,IC2,Full-time,Chile,Santiago,1665275.0
3146,Emp3146,Diaz,F,,,3.0,IC2,Full-time,Chile,Valparaiso,1699059.0
3147,Emp3147,Silva,F,,,3.0,IC3,Full-time,Chile,Valparaiso,2459934.0
3148,Emp3148,Munoz,M,,,4.0,M2,Full-time,Chile,Santiago,4688747.0
3149,Emp3149,Castillo,M,,,8.0,IC2,Full-time,Chile,Santiago,1557119.0
3150,Emp3150,Gonzalez,F,,,5.0,IC2,Full-time,Chile,Valparaiso,2127176.0
3151,Emp3151,Silva,M,,,7.0,IC2,Full-time,Chile,Santiago,1946773.0
3152,Emp3152,Rojas,M,,,7.0,M2,Full-time,Chile,Santiago,4422003.0
3153,Emp3153,Rojas,F,,,4.0,IC2,Full-time,Chile,Santiago,1565782.0
3154,Emp3154,Munoz,F,,,10.0,IC1,Full-time,Chile,Santiago,1016738.0
3155,Emp3155,Gonzalez,F,,,1.0,M2,Full-time,Chile,Concepcion,4590825.0
3156,Emp3156,Munoz,F,,,9.0,M2,Full-time,Chile,Santiago,4257016.0
3157,Emp3157,Munoz,M,,,1.0,IC2,Full-time,Chile,Santiago,1402616.0
3158,Emp3158,Castillo,F,,,4.0,IC2,Full-time,Chile,Santiago,1058158.0
3159,Emp3159,Silva,F,,,9.0,IC3,Full-time,Chile,Santiago,2200335.0
3160,Emp3160,Munoz,M,,,7.0,M1,Full-time,Chile,Santiago,3466190.0
3161,Emp3161,Gonzalez,M,,,4.0,IC2,Full-time,Chile,Santiago,1561975.0
3162,Emp3162,Castillo,M,,,9.0,IC2,Part-time,Chile,Concepcion,1575960.0
3163,Emp3163,Rojas,M,,,2.0,IC2,Full-time,Chile,Valparaiso,1669540.0
3164,Emp3164,Perez,F,,,7.0,IC2,Full-time,Chile,Valparaiso,1349441.0
3165,Emp3165,Rojas,M,,,6.0,IC1,Part-time,Chile,Santiago,1106322.0
3166,Emp3166,Soto,F,,,3.0,IC3,Full-time,Chile,Concepcion,2522582.0
3167,Emp3167,Silva,F,,,10.0,IC1,Full-time,Chile,Santiago,1176641.0
3168,Emp3168,Perez,F,,,8.0,IC2,Full-time,Chile,Santiago,1844541.0
3169,Emp3169,Munoz,M,,,1.0,M1,Full-time,Chile,Santiago,3516033.0
3170,Emp3170,Diaz,M,,,1.0,IC2,Full-time,Chile,Santiago,1765647.0
3171,Emp3171,Silva,F,,,1.0,IC2,Contractor,Chile,Santiago,1421658.0
3172,Emp3172,Castillo,M,,,5.0,M1,Full-time,Chile,Santiago,3113966.0
3173,Emp3173,Soto,M,,,5.0,IC1,Full-time,Chile,Concepcion,1582872.0
3174,Emp3174,Perez,F,,,8.0,M1,Contractor,Chile,Antofagasta,3278542.0
3175,Emp3175,Castillo,M,,,7.0,IC1,Full-time,Chile,Santiago,1145239.0
3176,Emp3176,Diaz,F,,,1.0,IC2,Full-time,Chile,Concepcion,1385010.0
3177,Emp3177,Diaz,M,,,5.0,IC3,Full-time,Chile,Valparaiso,2277135.0
3178,Emp3178,Perez,F,,,8.0,IC2,Full-time,Chile,Santiago,1779093.0
3179,Emp3179,Rojas,F,,,9.0,IC2,Full-time,Chile,Antofagasta,1603711.0
3180,Emp3180,Rojas,F,,,3.0,IC1,Full-time,Chile,Valparaiso,970155.0
3181,Emp3181,Rojas,F,,,1.0,IC3,Full-time,Chile,Santiago,2228153.0
3182,Emp3182,Rojas,M,,,2.0,IC1,Full-time,Chile,Santiago,1397956.0
3183,Emp3183,Silva,M,,,4.0,IC3,Full-time,Chile,Santiago,2466945.0
3184,Emp3184,Gonzalez,F,,,5.0,IC3,Full-time,Chile,Concepcion,2433510.0
3185,Emp3185,Silva,M,,,4.0,IC2,Full-time,Chile,Santiago,1710221.0
3186,Emp3186,Castillo,M,,,1.0,IC1,Full-time,Chile,Santiago,804243.0
3187,Emp3187,Munoz,M,,,4.0,IC2,Full-time,Chile,Santiago,1668087.0
3188,Emp3188,Soto,M,,,3.0,IC3,Part-time,Chile,Santiago,2567002.0
3189,Emp3189,Gonzalez,F,,,5.0,IC2,Full-time,Chile,Santiago,1534770.0
3190,Emp3190,Munoz,F,,,1.0,IC3,Full-time,Chile,Concepcion,2544357.0
3191,Emp3191,Gonzalez,M,,,8.0,IC1,Full-time,Chile,Santiago,1236307.0
3192,Emp3192,Silva,M,,,5.0,IC1,Full-time,Chile,Concepcion,1306918.0
3193,Emp3193,Silva,M,,,4.0,IC3,Full-time,Chile,Santiago,2312734.0
3194,Emp3194,Rojas,M,,,10.0,IC1,Full-time,Chile,Santiago,1321646.0
3195,Emp3195,Silva,F,,,8.0,IC1,Full-time,Chile,Santiago,733830.0
3196,Emp3196,Rojas,M,,,2.0,IC3,Full-time,Chile,Santiago,2308286.0
3197,Emp3197,Rojas,F,,,2.0,IC3,Full-time,Chile,Concepcion,2478254.0
3198,Emp3198,Munoz,F,,,1.0,IC1,Contractor,Chile,Valparaiso,1174075.0
3199,Emp3199,Castillo,M,,,6.0,IC1,Part-time,Chile,Santiago,1373906.0
3200,Emp3200,Perez,F,,,4.0,IC2,Full-time,Chile,Concepcion,1560725.0
3201,Emp3201,Castillo,M,,,4.0,IC3,Full-time,Chile,Concepcion,2163136.0
3202,Emp3202,Castillo,F,,,6.0,IC2,Full-time,Chile,Santiago,1190231.0
3203,Emp3203,Munoz,M,,,6.0,IC3,Full-time,Chile,Santiago,2231758.0
3204,Emp3204,Rojas,M,,,1.0,IC3,Part-time,Chile,Valparaiso,2429219.0
3205,Emp3205,Perez,M,,,2.0,M1,Full-time,Chile,Concepcion,3390252.0
3206,Emp3206,Silva,M,,,8.0,IC2,Full-time,Chile,Santiago,1250204.0
3207,Emp3207,Castillo,F,,,10.0,IC1,Full-time,Chile,Santiago,1393831.0
3208,Emp3208,Munoz,F,,,9.0,IC2,Part-time,Chile,Santiago,1356395.0
3209,Emp3209,Soto,F,,,10.0,IC1,Full-time,Chile,Santiago,1069713.0
3210,Emp3210,Rojas,F,,,5.0,IC2,Full-time,Chile,Santiago,1457796.0
3211,Emp3211,Castillo,M,,,9.0,M1,Full-time,Chile,Santiago,3304312.0
3212,Emp3212,Perez,M,,,9.0,IC2,Full-time,Chile,Santiago,1623519.0
3213,Emp3213,Perez,F,,,9.0,IC1,Full-time,Chile,Santiago,1269492.0
3214,Emp3214,Castillo,F,,,2.0,IC2,Full-time,Chile,Santiago,2060951.0
3215,Emp3215,Diaz,M,,,2.0,M2,Full-time,Chile,Santiago,4599463.0
3216,Emp3216,Perez,M,,,5.0,IC1,Full-time,Chile,Santiago,955830.0
3217,Emp3217,Gonzalez,F,,,6.0,IC3,Full-time,Chile,Valparaiso,2415267.0
3218,Emp3218,Soto,M,,,10.0,M1,Full-time,Chile,Concepcion,3686285.0
3219,Emp3219,Castillo,M,,,4.0,IC2,Full-time,Chile,Santiago,1764085.0
3220,Emp3220,Soto,M,,,9.0,IC3,Full-time,Chile,Concepcion,2536423.0
3221,Emp3221,Silva,F,,,9.0,IC2,Full-time,Chile,Concepcion,1201606.0
3222,Emp3222,Perez,M,,,10.0,IC2,Full-time,Chile,Santiago,1696720.0
3223,Emp3223,Munoz,F,,,2.0,IC2,Full-time,Chile,Antofagasta,1532996.0
3224,Emp3224,Munoz,F,,,3.0,IC1,Full-time,Chile,Santiago,929969.0
3225,Emp3225,Diaz,M,,,3.0,IC3,Full-time,Chile,Santiago,2294421.0
3226,Emp3226,Munoz,M,,,8.0,M1,Contractor,Chile,Concepcion,3227158.0
3227,Emp3227,Diaz,F,,,7.0,IC2,Contractor,Chile,Santiago,1443902.0
3228,Emp3228,Soto,M,,,5.0,IC3,Full-time,Chile,Santiago,2347116.0
3229,Emp3229,Silva,F,,,1.0,IC1,Full-time,Chile,Santiago,1056628.0
3230,Emp3230,Munoz,M,,,6.0,IC1,Full-time,Chile,Santiago,1275610.0
3231,Emp3231,Munoz,M,,,8.0,IC3,Part-time,Chile,Santiago,2356894.0
3232,Emp3232,Rojas,M,,,5.0,IC1,Full-time,Chile,Santiago,1193981.0
3233,Emp3233,Silva,M,,,3.0,IC3,Full-time,Chile,Antofagasta,2544847.0
3234,Emp3234,Gonzalez,M,,,6.0,IC2,Full-time,Chile,Santiago,1738739.0
3235,Emp3235,Diaz,M,,,7.0,M1,Full-time,Chile,Concepcion,3198479.0
3236,Emp3236,Diaz,M,,,6.0,IC2,Full-time,Chile,Santiago,1078269.0
3237,Emp3237,Perez,M,,,9.0,IC2,Full-time,Chile,Santiago,1728432.0
3238,Emp3238,Castillo,F,,,4.0,IC3,Full-time,Chile,Concepcion,2072019.0
3239,Emp3239,Castillo,M,,,7.0,IC2,Part-time,Chile,Santiago,1578441.0
3240,Emp3240,Gonzalez,F,,,9.0,IC1,Full-time,Chile,Santiago,1192762.0
3241,Emp3241,Rojas,M,,,3.0,M1,Part-time,Chile,Concepcion,3533257.0
3242,Emp3242,Rojas,F,,,3.0,IC2,Full-time,Chile,Santiago,2060581.0
3243,Emp3243,Castillo,F,,,1.0,IC1,Full-time,Chile,Santiago,869695.0
3244,Emp3244,Diaz,M,,,4.0,IC2,Contractor,Chile,Antofagasta,1271034.0
3245,Emp3245,Silva,F,,,1.0,IC3,Part-time,Chile,Santiago,2381429.0
3246,Emp3246,Munoz,F,,,8.0,IC3,Part-time,Chile,Santiago,2360607.0
3247,Emp3247,Munoz,M,,,1.0,M1,Part-time,Chile,Santiago,2899531.0
3248,Emp3248,Gonzalez,F,,,7.0,IC2,Full-time,Chile,Santiago,1595849.0
3249,Emp3249,Rojas,F,,,6.0,IC1,Full-time,Chile,Santiago,1249385.0
3250,Emp3250,Soto,M,,,10.0,IC2,Full-time,Chile,Santiago,1292462.0
3251,Emp3251,Perez,F,,,4.0,IC1,Part-time,Chile,Santiago,851354.0
3252,Emp3252,Silva,F,,,4.0,IC3,Part-time,Chile,Concepcion,2138960.0
3253,Emp3253,Rojas,F,,,3.0,IC1,Contractor,Chile,Valparaiso,1046935.0
3254,Emp3254,Perez,F,,,6.0,IC3,Part-time,Chile,Santiago,2473493.0
3255,Emp3255,Rojas,F,,,3.0,IC3,Full-time,Chile,Santiago,2218380.0
3256,Emp3256,Rojas,F,,,2.0,IC3,Full-time,Chile,Santiago,2313829.0
3257,Emp3257,Rojas,M,,,10.0,IC1,Full-time,Chile,Valparaiso,1661544.0
3258,Emp3258,Rojas,M,,,7.0,IC1,Full-time,Chile,Santiago,860922.0
3259,Emp3259,Diaz,F,,,2.0,M1,Full-time,Chile,Concepcion,3036752.0
3260,Emp3260,Soto,F,,,7.0,IC3,Full-time,Chile,Santiago,2469522.0
3261,Emp3261,Soto,M,,,4.0,IC2,Part-time,Chile,Concepcion,1847011.0
3262,Emp3262,Soto,M,,,2.0,IC3,Full-time,Chile,Antofagasta,2403700.0
3263,Emp3263,Silva,F,,,5.0,M1,Full-time,Chile,Santiago,3652242.0
3264,Emp3264,Munoz,M,,,8.0,IC2,Part-time,Chile,Santiago,1679364.0
3265,Emp3265,Diaz,F,,,1.0,M1,Full-time,Chile,Santiago,2705974.0
3266,Emp3266,Silva,M,,,4.0,IC1,Full-time,Chile,Santiago,1124249.0
3267,Emp3267,Silva,M,,,10.0,M2,Full-time,Chile,Concepcion,4357254.0
3268,Emp3268,Silva,M,,,4.0,IC1,Full-time,Chile,Santiago,1445953.0
3269,Emp3269,Rojas,F,,,1.0,IC2,Full-time,Chile,Santiago,1841156.0
3270,Emp3270,Castillo,F,,,5.0,IC1,Full-time,Chile,Concepcion,702577.0
3271,Emp3271,Rojas,F,,,7.0,M1,Full-time,Chile,Antofagasta,3537580.0
3272,Emp3272,Soto,F,,,10.0,M2,Contractor,Chile,Santiago,4734842.0
3273,Emp3273,Silva,F,,,7.0,IC2,Part-time,Chile,Antofagasta,1518884.0
3274,Emp3274,Soto,M,,,1.0,IC2,Full-time,Chile,Santiago,1580390.0
3275,Emp3275,Rojas,F,,,9.0,IC2,Contractor,Chile,Santiago,1948044.0
3276,Emp3276,Castillo,M,,,8.0,IC1,Full-time,Chile,Santiago,607122.0
3277,Emp3277,Gonzalez,F,,,7.0,IC3,Full-time,Chile,Santiago,2411350.0
3278,Emp3278,Rojas,F,,,9.0,IC1,Full-time,Chile,Santiago,1373352.0
3279,Emp3279,Castillo,M,,,8.0,M2,Part-time,Chile,Santiago,4477822.0
3280,Emp3280,Silva,M,,,3.0,M1,Contractor,Chile,Santiago,3361977.0
3281,Emp3281,Gonzalez,F,,,5.0,IC1,Part-time,Chile,Concepcion,1125789.0
3282,Emp3282,Munoz,M,,,6.0,IC2,Full-time,Chile,Santiago,1403990.0
3283,Emp3283,Castillo,F,,,5.0,M2,Full-time,Chile,Valparaiso,4297742.0
3284,Emp3284,Gonzalez,F,,,7.0,M1,Full-time,Chile,Santiago,3377982.0
3285,Emp3285,Soto,M,,,8.0,IC3,Full-time,Chile,Santiago,2141073.0
3286,Emp3286,Soto,F,,,2.0,IC1,Full-time,Chile,Santiago,718855.0
3287,Emp3287,Rojas,M,,,6.0,IC1,Full-time,Chile,Santiago,1130600.0
3288,Emp3288,Rojas,F,,,1.0,IC3,Full-time,Chile,Santiago,2171730.0
3289,Emp3289,Rojas,M,,,6.0,IC2,Full-time,Chile,Concepcion,1300223.0
3290,Emp3290,Rojas,M,,,5.0,IC3,Full-time,Chile,Santiago,2317937.0
3291,Emp3291,Soto,F,,,3.0,IC3,Full-time,Chile,Santiago,2491819.0
3292,Emp3292,Soto,F,,,10.0,IC2,Full-time,Chile,Concepcion,1605038.0
3293,Emp3293,Rojas,F,,,3.0,IC1,Full-time,Chile,Concepcion,833440.0
3294,Emp3294,Perez,M,,,1.0,IC2,Full-time,Chile,Santiago,1720451.0
3295,Emp3295,Rojas,M,,,4.0,M1,Full-time,Chile,Concepcion,3458789.0
3296,Emp3296,Munoz,M,,,8.0,IC2,Full-time,Chile,Santiago,2153259.0
3297,Emp3297,Rojas,F,,,1.0,IC1,Contractor,Chile,Santiago,1460461.0
3298,Emp3298,Castillo,F,,,5.0,M2,Full-time,Chile,Valparaiso,4248660.0
3299,Emp3299,Diaz,M,,,5.0,IC3,Full-time,Chile,Santiago,2514521.0
3300,Emp3300,Munoz,F,,,9.0,IC2,Full-time,Chile,Concepcion,1664131.0
3301,Emp3301,Silva,M,,,1.0,M1,Full-time,Chile,Santiago,2911975.0
3302,Emp3302,Perez,F,,,1.0,IC2,Full-time,Chile,Valparaiso,1670949.0
3303,Emp3303,Diaz,F,,,6.0,M2,Full-time,Chile,Concepcion,4979669.0
3304,Emp3304,Perez,M,,,2.0,M1,Contractor,Chile,Santiago,3498966.0
3305,Emp3305,Gonzalez,M,,,8.0,IC2,Full-time,Chile,Santiago,1346638.0
3306,Emp3306,Perez,M,,,3.0,IC2,Full-time,Chile,Santiago,1603429.0
3307,Emp3307,Perez,F,,,6.0,IC2,Full-time,Chile,Concepcion,1722919.0
3308,Emp3308,Rojas,M,,,1.0,IC3,Full-time,Chile,Santiago,1867524.0
3309,Emp3309,Gonzalez,M,,,7.0,IC3,Full-time,Chile,Concepcion,1876141.0
3310,Emp3310,Castillo,M,,,6.0,IC2,Full-time,Chile,Santiago,1638657.0
3311,Emp3311,Diaz,M,,,1.0,M2,Full-time,Chile,Santiago,4541919.0
3312,Emp3312,Soto,M,,,3.0,IC2,Full-time,Chile,Concepcion,1140295.0
3313,Emp3313,Castillo,M,,,1.0,IC3,Contractor,Chile,Valparaiso,2396993.0
3314,Emp3314,Rojas,F,,,1.0,IC3,Full-time,Chile,Santiago,2571741.0
3315,Emp3315,Soto,F,,,11.0,IC2,Part-time,Chile,Santiago,1545425.0
3316,Emp3316,Munoz,M,,,5.0,IC1,Full-time,Chile,Concepcion,1114953.0
3317,Emp3317,Silva,F,,,9.0,IC3,Full-time,Chile,Valparaiso,2442853.0
3318,Emp3318,Soto,F,,,3.0,IC3,Full-time,Chile,Santiago,2409757.0
3319,Emp3319,Perez,M,,,8.0,IC1,Full-time,Chile,Santiago,682844.0
3320,Emp3320,Gonzalez,F,,,7.0,IC3,Full-time,Chile,Santiago,2073720.0
3321,Emp3321,Gonzalez,M,,,7.0,IC2,Full-time,Chile,Santiago,1501037.0
3322,Emp3322,Rojas,M,,,9.0,IC2,Full-time,Chile,Santiago,1384793.0
3323,Emp3323,Munoz,F,,,8.0,M1,Full-time,Chile,Santiago,3566742.0
3324,Emp3324,Silva,M,,,8.0,IC2,Full-time,Chile,Concepcion,1758619.0
3325,Emp3325,Soto,F,,,8.0,IC3,Full-time,Chile,Santiago,2022569.0
3326,Emp3326,Munoz,M,,,5.0,IC3,Full-time,Chile,Concepcion,2246416.0
3327,Emp3327,Rojas,M,,,8.0,IC1,Part-time,Chile,Santiago,1382598.0
3328,Emp3328,Rojas,F,,,9.0,IC2,Full-time,Chile,Santiago,1438440.0
3329,Emp3329,Soto,F,,,8.0,IC1,Full-time,Chile,Santiago,1312896.0
3330,Emp3330,Castillo,F,,,7.0,IC1,Part-time,Chile,Santiago,1445795.0
3331,Emp3331,Diaz,F,,,1.0,IC3,Full-time,Chile,Santiago,2604035.0
3332,Emp3332,Munoz,F,,,5.0,IC1,Full-time,Chile,Concepcion,1145101.0
3333,Emp3333,Rojas,M,,,1.0,M2,Full-time,Chile,Valparaiso,4812756.0
3334,Emp3334,Munoz,F,,,2.0,IC2,Full-time,Chile,Valparaiso,1469440.0
3335,Emp3335,Gonzalez,M,,,4.0,IC2,Full-time,Chile,Concepcion,2221470.0
3336,Emp3336,Rojas,F,,,5.0,M1,Full-time,Chile,Valparaiso,3260212.0
3337,Emp3337,Diaz,M,,,6.0,IC2,Contractor,Chile,Santiago,1886699.0
3338,Emp3338,Gonzalez,F,,,10.0,IC3,Full-time,Chile,Valparaiso,2209498.0
3339,Emp3339,Munoz,F,,,8.0,IC3,Full-time,Chile,Santiago,2424854.0
3340,Emp3340,Munoz,M,,,5.0,M1,Full-time,Chile,Santiago,3335866.0
3341,Emp3341,Diaz,F,,,4.0,IC1,Full-time,Chile,Valparaiso,867792.0
3342,Emp3342,Perez,M,,,8.0,IC1,Full-time,Chile,Valparaiso,860389.0
3343,Emp3343,Gonzalez,F,,,3.0,M2,Full-time,Chile,Santiago,4448874.0
3344,Emp3344,Diaz,M,,,9.0,IC1,Full-time,Chile,Antofagasta,1376333.0
3345,Emp3345,Diaz,M,,,8.0,IC3,Full-time,Chile,Santiago,1842143.0
3346,Emp3346,Munoz,M,,,7.0,IC3,Contractor,Chile,Valparaiso,2209288.0
3347,Emp3347,Diaz,F,,,3.0,IC3,Full-time,Chile,Antofagasta,2627468.0
3348,Emp3348,Rojas,F,,,7.0,IC3,Part-time,Chile,Santiago,1991968.0
3349,Emp3349,Gonzalez,F,,,9.0,M2,Full-time,Chile,Concepcion,4813475.0
3350,Emp3350,Munoz,F,,,1.0,IC1,Full-time,Chile,Concepcion,818052.0
3351,Emp3351,Rojas,F,,,2.0,IC3,Full-time,Chile,Valparaiso,2070865.0
3352,Emp3352,Castillo,M,,,6.0,IC3,Full-time,Chile,Antofagasta,2263195.0
3353,Emp3353,Gonzalez,M,,,,IC2,Full-time,Chile,Santiago,2068365.0
3354,Emp3354,Silva,M,,,8.0,M1,Full-time,Chile,Santiago,3039998.0
3355,Emp3355,Castillo,F,,,5.0,IC2,Full-time,Chile,Santiago,1166759.0
3356,Emp3356,Soto,F,,,10.0,IC1,Full-time,Chile,Santiago,749516.0
3357,Emp3357,Gonzalez,M,,,3.0,M1,Part-time,Chile,Santiago,3432987.0
3358,Emp3358,Castillo,F,,,4.0,M1,Part-time,Chile,Santiago,2861315.0
3359,Emp3359,Rojas,F,,,1.0,IC1,Full-time,Chile,Santiago,1396991.0
3360,Emp3360,Diaz,F,,,3.0,IC3,Full-time,Chile,Concepcion,2317448.0
3361,Emp3361,Castillo,M,,,3.0,IC1,Contractor,Chile,Concepcion,1091932.0
3362,Emp3362,Silva,M,,,8.0,IC1,Full-time,Chile,Antofagasta,1174326.0
3363,Emp3363,Gonzalez,F,,,4.0,IC2,Full-time,Chile,Santiago,1399770.0
3364,Emp3364,Munoz,M,,,3.0,M1,Full-time,Chile,Santiago,3234468.0
3365,Emp3365,Rojas,F,,,4.0,IC1,Part-time,Chile,Santiago,200000
3366,Emp3366,Silva,F,,,6.0,IC1,Full-time,Chile,Santiago,1437223.0
3367,Emp3367,Diaz,M,,,8.0,IC3,Full-time,Chile,Santiago,2043176.0
3368,Emp3368,Perez,F,,,10.0,IC2,Full-time,Chile,Santiago,1709720.0
3369,Emp3369,Soto,M,,,1.0,IC1,Full-time,Chile,Concepcion,841312.0
3370,Emp3370,Gonzalez,F,,,9.0,IC1,Full-time,Chile,Santiago,966699.0
3371,Emp3371,Castillo,F,,,4.0,IC3,Contractor,Chile,Concepcion,2206542.0
3372,Emp3372,Rojas,M,,,9.0,IC3,Full-time,Chile,Concepcion,3045337.0
3373,Emp3373,Perez,F,,,1.0,IC3,Full-time,Chile,Valparaiso,2296388.0
3374,Emp3374,Diaz,M,,,7.0,IC1,Full-time,Chile,Santiago,894618.0
3375,Emp3375,Silva,F,,,10.0,IC2,Full-time,Chile,Santiago,1488861.0
3376,Emp3376,Diaz,M,,,1.0,IC3,Full-time,Chile,Antofagasta,1923832.0
3377,Emp3377,Diaz,F,,,8.0,IC2,Full-time,Chile,Santiago,1559304.0
3378,Emp3378,Diaz,F,,,2.0,IC1,Full-time,Chile,Santiago,1562772.0
3379,Emp3379,Munoz,M,,,10.0,IC2,Part-time,Chile,Antofagasta,1684010.0
3380,Emp3380,Soto,F,,,8.0,IC2,Full-time,Chile,Valparaiso,$1.825.850
3381,Emp3381,Munoz,F,,,10.0,IC1,Full-time,Chile,Valparaiso,872514.0
3382,Emp3382,Munoz,M,,,9.0,M2,Full-time,Chile,Santiago,4449164.0
3383,Emp3383,Castillo,M,,,4.0,IC2,Full-time,Chile,Santiago,1650976.0
3384,Emp3384,Castillo,M,,,5.0,IC3,Part-time,Chile,Concepcion,2118673.0
3385,Emp3385,Munoz,M,,,7.0,IC1,Part-time,Chile,Santiago,1200002.0
3386,Emp3386,Rojas,M,,,2.0,IC3,Full-time,Chile,Santiago,2453857.0
3387,Emp3387,Munoz,M,,,4.0,IC3,Full-time,Chile,Santiago,2435712.0
3388,Emp3388,Silva,M,,,1.0,M1,Full-time,Chile,Santiago,3162229.0
3389,Emp3389,Perez,F,,,9.0,IC2,Full-time,Chile,Santiago,1872728.0
3390,Emp3390,Silva,F,,,3.0,IC3,Full-time,Chile,Concepcion,2235596.0
3391,Emp3391,Perez,M,,,5.0,IC2,Full-time,Chile,Santiago,1512795.0
3392,Emp3392,Diaz,M,,,5.0,IC3,Part-time,Chile,Santiago,2660385.0
3393,Emp3393,Munoz,F,,,4.0,M1,Full-time,Chile,Antofagasta,2923258.0
3394,Emp3394,Rojas,F,,,8.0,IC3,Full-time,Chile,Antofagasta,1874258.0
3395,Emp3395,Perez,F,,,10.0,IC3,Part-time,Chile,Santiago,2083046.0
3396,Emp3396,Munoz,M,,,6.0,M1,Full-time,Chile,Concepcion,3296810.0
3397,Emp3397,Soto,M,,,9.0,M1,Full-time,Chile,Santiago,3520898.0
3398,Emp3398,Castillo,F,,,2.0,IC1,Full-time,Chile,Santiago,$934.870
3399,Emp3399,Gonzalez,M,,,10.0,IC1,Part-time,Chile,Santiago,1553709.0
3400,Emp3400,Silva,M,,,2.0,IC3,Contractor,Chile,Santiago,2306799.0
3401,Emp3401,Munoz,M,,,1.0,M2,Full-time,Chile,Valparaiso,4471118.0
3402,Emp3402,Castillo,F,,,1.0,IC2,Full-time,Chile,Concepcion,1387515.0
3403,Emp3403,Rojas,M,,,3.0,IC2,Part-time,Chile,Santiago,2087839.0
3404,Emp3404,Castillo,M,,,9.0,IC2,Contractor,Chile,Santiago,1562428.0
3405,Emp3405,Soto,M,,,4.0,IC1,Full-time,Chile,Antofagasta,767003.0
3406,Emp3406,Perez,F,,,8.0,IC1,Full-time,Chile,Santiago,1714417.0
3407,Emp3407,Perez,M,,,5.0,IC1,Part-time,Chile,Santiago,1198418.0
3408,Emp3408,Silva,M,,,2.0,IC1,Full-time,Chile,Santiago,1299708.0
3409,Emp3409,Silva,F,,,5.0,IC3,Full-time,Chile,Santiago,2720390.0
3410,Emp3410,Soto,F,,,3.0,IC2,Full-time,Chile,Santiago,1753616.0
3411,Emp3411,Gonzalez,M,,,3.0,IC1,Full-time,Chile,Santiago,1343722.0
3412,Emp3412,Castillo,M,,,6.0,IC2,Full-time,Chile,Santiago,1613581.0
3413,Emp3413,Rojas,F,,,8.0,IC2,Full-time,Chile,Santiago,1783433.0
3414,Emp3414,Gonzalez,F,,,6.0,IC2,Full-time,Chile,Santiago,1591461.0
3415,Emp3415,Diaz,F,,,3.0,IC2,Full-time,Chile,Santiago,1594947.0
3416,Emp3416,Soto,M,,,8.0,IC1,Part-time,Chile,Santiago,1129929.0
3417,Emp3417,Diaz,M,,,7.0,IC3,Full-time,Chile,Santiago,2200796.0
3418,Emp3418,Castillo,F,,,3.0,IC1,Full-time,Chile,Concepcion,1226094.0
3419,Emp3419,Gonzalez,F,,,11.0,IC1,Contractor,Chile,Valparaiso,1225461.0
3420,Emp3420,Perez,F,,,9.0,IC1,Full-time,Chile,Santiago,1304729.0
3421,Emp3421,Diaz,M,,,7.0,IC2,Full-time,Chile,Santiago,1759902.0
3422,Emp3422,Munoz,M,,,3.0,IC1,Full-time,Chile,Santiago,1600011.0
3423,Emp3423,Diaz,M,,,4.0,IC2,Full-time,Chile,Santiago,1863157.0
3424,Emp3424,Soto,F,,,5.0,IC1,Contractor,Chile,Santiago,1048187.0
3425,Emp3425,Diaz,F,,,2.0,IC1,Full-time,Chile,Antofagasta,1213268.0
791,emp0791,Gonzalez,M,,,7.0,IC2,Full-time,Chile,Santiago,1356696.0
1412,emp1412,Diaz,F,,,5.0,IC1,Full-time,Chile,Santiago,1081807.0
2081,emp2081,Munoz,F,,,7.0,IC2,Full-time,Chile,Valparaiso,1323854.0
1053,emp1053,Diaz,M,,,6.0,IC1,Full-time,Chile,Santiago,1211599.0
444,emp0444,Soto,F,,,5.0,IC1,Full-time,Chile,Santiago,1008043.0
2145,emp2145,Perez,F,,,7.0,IC1,Part-time,Chile,Santiago,1129624.0
1341,emp1341,Diaz,M,,,6.0,IC1,Full-time,Chile,Santiago,663322.0
2383,emp2383,Castillo,F,,,1.0,IC3,Full-time,Chile,Santiago,2442289.0
193,emp0193,Diaz,F,,,6.0,IC1,Part-time,Chile,Santiago,735253.0
2923,emp2923,Gonzalez,F,,,10.0,M1,Full-time,Chile,Santiago,3329001.0
3082,emp3082,Munoz,F,,,10.0,IC1,Part-time,Chile,Antofagasta,1380237.0
1042,emp1042,Munoz,M,,,9.0,IC2,Full-time,Chile,Antofagasta,1202356.0
