survey_id,employee_id,survey_month,enps_score,satisfaction_1_5
1,2558,2025-05,50,3
2,884,2024-08,16,5
3,2620,2025-03,99,1
4,798,2024-10,76,5
5,3009,2024-09,92,1
6,2401,2025-12,45,1
7,1867,2024-06,-51,1
8,340,2024-04,93,2
9,732,2025-04,84,5
10,2165,2025-04,-41,2
11,1962,2025-12,77,3
12,353,2024-02,4,5
13,341,2025-10,45,5
14,2078,2025-09,-32,3
15,1289,2024-06,-49,2
16,1623,2025-08,-20,3
17,2091,2025-09,-63,3
18,2910,2024-03,-72,2
19,863,2024-01,-13,4
20,2377,2025-04,90,5
21,2963,2025-03,-93,1
22,3130,2025-09,-35,5
23,3343,2025-11,-43,4
24,16,2024-03,-59,1
25,260,2025-12,-86,4
26,2976,2025-09,-65,3
27,706,2025-03,5,1
28,994,2024-09,-15,1
29,1621,2025-04,23,1
30,2246,2025-02,72,3
31,130,2024-10,-78,3
32,2223,2024-02,-34,2
33,319,2025-06,75,5
34,1268,2024-08,-53,1
35,3085,2024-06,-81,5
36,431,2024-10,-52,1
37,156,2024-01,-21,1
38,1629,2024-10,-49,3
39,848,2025-09,0,4
40,842,2025-06,-59,4
41,1451,2024-02,17,4
42,584,2024-08,73,3
43,71,2025-04,-36,5
44,3170,2025-11,9,4
45,2777,2024-11,43,1
46,1410,2025-12,-87,3
47,2843,2024-02,-32,5
48,3411,2025-10,27,4
49,1352,2024-04,-50,5
50,536,2025-06,-18,4
51,692,2024-03,-9,4
52,3292,2025-12,88,2
53,3057,2024-06,-78,1
54,2398,2024-09,27,2
55,2325,2025-04,94,2
56,1049,2024-02,81,4
57,1795,2025-02,10,2
58,1262,2024-08,-22,2
59,1344,2024-11,-72,5
60,2491,2024-08,-48,1
61,1848,2025-09,60,4
62,1468,2024-11,-95,2
63,855,2025-07,44,5
64,2245,2024-01,86,5
65,1540,2025-05,-14,3
66,172,2024-10,62,4
67,2350,2025-03,97,5
68,1148,2025-09,53,4
69,1409,2025-05,0,5
70,3387,2024-09,13,4
71,2346,2024-06,-58,1
72,231,2025-10,-74,4
73,2531,2024-07,59,2
74,1000,2024-01,4,3
75,2582,2024-08,86,4
76,1198,2024-01,49,1
77,1950,2025-06,-48,4
78,2379,2025-10,93,3
79,632,2024-11,-99,2
80,466,2025-03,-81,4
81,2400,2025-12,22,4
82,247,2025-11,21,1
83,2807,2024-01,47,2
84,1484,2024-02,30,1
85,323,2024-10,-48,4
86,2617,2024-07,-71,5
87,3069,2024-04,93,5
88,231,2024-04,-33,2
89,3224,2025-08,-67,2
90,1420,2024-05,-87,2
91,2289,2024-12,61,1
92,913,2024-02,69,2
93,381,2025-03,76,4
94,3381,2025-06,71,1
95,2239,2025-03,-66,4
96,874,2024-07,-98,5
97,1220,2024-02,0,2
98,2596,2024-10,2,4
99,1040,2025-07,-95,3
100,2357,2024-03,76,5
101,126,2025-08,29,3
102,3381,2025-10,37,3
103,2483,2025-03,9,5
104,1153,2025-09,99,2
105,1941,2024-07,56,4
106,596,2025-03,16,5
107,1544,2025-06,0,2
108,1211,2025-06,67,5
109,1332,2025-05,-29,2
110,2786,2024-05,73,4
111,1411,2025-10,-73,2
112,22,2025-05,-93,4
113,1552,2024-03,-90,1
114,179,2025-04,-27,5
115,1636,2025-10,6,1
116,2327,2024-01,80,2
117,335,2025-10,84,5
118,218,2024-08,-94,1
119,1303,2024-08,53,5
120,1653,2024-12,-60,3
121,220,2025-06,-21,2
122,1115,2024-03,72,5
123,2658,2024-07,97,5
124,1956,2025-08,59,5
125,1789,2024-06,-64,3
126,359,2024-09,-93,1
127,2739,2025-04,100,4
128,2028,2024-07,-53,4
129,1471,2024-02,-54,5
130,2105,2025-01,4,4
131,525,2024-03,-67,2
132,2321,2024-10,33,3
133,1027,2025-04,72,4
134,141,2025-06,-31,4
135,801,2025-11,-6,2
136,1252,2025-09,80,2
137,1507,2024-01,79,5
138,784,2024-12,-82,5
139,2703,2024-01,50,2
140,905,2025-08,-96,1
141,400,2024-02,-69,4
142,762,2025-07,26,1
143,1371,2024-01,-76,1
144,154,2024-03,-64,3
145,315,2025-11,-11,2
146,539,2024-05,-17,1
147,1341,2024-12,12,2
148,3261,2025-01,85,4
149,1996,2025-05,-15,4
150,281,2025-11,-39,4
151,237,2024-10,-58,2
152,355,2025-03,76,4
153,229,2025-12,-57,2
154,1731,2024-03,-100,4
155,2502,2024-12,2,1
156,1489,2024-08,47,3
157,1396,2025-11,-98,2
158,2037,2025-03,27,4
159,1204,2025-04,-12,2
160,2771,2024-05,56,2
161,2351,2025-11,-94,3
162,3369,2024-02,80,4
163,291,2024-12,75,3
164,1485,2025-05,37,5
165,2945,2025-10,24,5
166,2304,2024-07,41,4
167,2656,2024-09,-68,3
168,1604,2024-01,80,3
169,1335,2025-04,54,1
170,2579,2024-05,51,3
171,1606,2025-03,-1,5
172,1395,2024-03,-72,4
173,1363,2024-12,2,1
174,424,2024-12,9,1
175,2690,2025-01,-49,5
176,2917,2024-08,85,4
177,100,2024-05,-21,3
178,1379,2025-07,91,5
179,2300,2025-10,76,1
180,514,2024-07,-85,4
181,1037,2024-11,-71,5
182,3294,2024-03,-22,3
183,2670,2024-04,25,3
184,3005,2024-09,-78,2
185,3370,2025-05,-57,5
186,2334,2025-05,72,4
187,956,2025-06,-11,3
188,3265,2024-03,11,2
189,1528,2024-02,7,3
190,1847,2024-07,94,3
191,1876,2024-08,-76,2
192,1879,2025-01,4,5
193,1888,2025-03,-85,2
194,2662,2024-05,-91,1
195,537,2025-08,-3,4
196,1511,2025-06,81,4
197,1998,2024-08,-18,1
198,1909,2025-04,44,4
199,2480,2024-08,85,3
200,1146,2024-02,-99,4
201,3234,2025-06,40,2
202,51,2024-03,80,1
203,2485,2024-06,80,3
204,581,2024-08,47,1
205,2067,2025-10,86,2
206,81,2025-03,20,1
207,799,2025-07,-97,2
208,1341,2025-10,97,5
209,336,2025-10,76,3
210,1124,2025-03,-62,4
211,2173,2024-09,92,4
212,555,2024-10,30,1
213,2142,2024-04,-10,5
214,1603,2025-03,64,1
215,2875,2025-03,27,2
216,2185,2025-12,58,4
217,1528,2024-05,-31,3
218,2827,2025-07,-22,2
219,590,2024-07,-81,2
220,1943,2024-02,78,3
221,770,2024-10,-48,4
222,1544,2025-12,-73,4
223,1632,2024-12,-84,2
224,2050,2024-05,-23,2
225,1069,2024-08,-3,1
226,2268,2025-05,67,5
227,618,2024-07,31,4
228,573,2024-06,62,2
229,370,2024-06,-99,1
230,1648,2024-02,-95,5
231,1413,2025-05,-54,1
232,2828,2024-08,-23,1
233,1157,2024-08,-86,5
234,1990,2024-08,74,2
235,3307,2025-05,94,5
236,2110,2025-09,-3,3
237,2934,2025-06,61,3
238,1746,2025-02,-62,5
239,629,2025-06,-94,1
240,1540,2024-06,80,2
241,2581,2025-10,63,2
242,396,2025-03,52,4
243,1645,2025-11,66,2
244,1774,2024-07,42,5
245,3172,2024-04,61,4
246,3348,2025-06,94,N/A
247,2084,2024-08,76,5
248,726,2024-05,78,4
249,699,2025-07,-6,2
250,2051,2025-01,64,4
251,672,2025-07,-52,3
252,2307,2024-06,-37,2
253,3313,2024-02,74,2
254,641,2024-10,-27,5
255,3146,2025-12,67,4
256,133,2025-03,-1,1
257,1654,2025-09,-45,2
258,1322,2025-09,-18,3
259,1932,2025-10,16,4
260,1657,2024-12,-88,2
261,1874,2024-05,11,4
262,413,2025-10,-79,2
263,2615,2025-01,-3,1
264,3234,2024-08,-36,1
265,1626,2024-11,22,5
266,2935,2025-07,68,4
267,421,2024-09,-84,5
268,2508,2025-08,-83,3
269,1111,2024-06,-9,3
270,2294,2024-08,51,2
271,1947,2024-04,-44,1
272,151,2025-09,57,4
273,1203,2025-09,-100,1
274,1489,2024-05,-41,5
275,2787,2025-01,4,1
276,377,2025-07,25,5
277,3247,2025-03,-27,3
278,165,2025-04,77,2
279,829,2024-07,-14,2
280,488,2024-01,27,4
281,3046,2025-11,-78,5
282,1944,2025-10,86,3
283,2452,2025-11,1,3
284,2357,2024-02,-6,5
285,2011,2025-05,-46,3
286,1026,2024-07,22,2
287,447,2024-08,-100,5
288,1494,2024-10,-10,5
289,1408,2024-06,56,3
290,1497,2025-03,56,1
291,3410,2025-03,26,2
292,440,2025-11,-25,5
293,2221,2025-08,6,5
294,535,2025-05,-67,4
295,2027,2025-12,25,3
296,2317,2024-11,-57,5
297,122,2024-02,-35,3
298,1578,2025-10,47,1
299,1100,2024-09,-76,2
300,1671,2024-11,-34,2
301,1672,2024-10,-29,4
302,1618,2025-10,90,2
303,2198,2024-09,58,4
304,689,2025-05,-26,2
305,2936,2025-05,22,4
306,2882,2025-02,-52,2
307,1569,2025-02,59,2
308,3111,2024-02,-31,4
309,941,2025-10,81,5
310,704,2024-09,79,4
311,964,2024-06,-50,3
312,2675,2024-06,-18,5
313,473,2024-10,83,5
314,1044,2025-03,-81,5
315,499,2025-01,33,1
316,1522,2025-09,3,5
317,1046,2025-08,12,3
318,2799,2024-09,15,4
319,2626,2025-08,1,5
320,3031,2025-05,-32,3
321,1416,2025-09,-6,4
322,1820,2024-01,96,5
323,2945,2025-01,-86,1
324,2442,2025-04,-68,4
325,3251,2024-06,-90,4
326,3360,2025-04,25,1
327,259,2025-06,-34,1
328,806,2024-04,-91,4
329,2435,2025-11,-60,2
330,337,2025-11,-48,2
331,293,2024-07,-83,2
332,471,2024-05,54,3
333,246,2024-05,-96,2
334,2280,2024-01,77,1
335,945,2024-01,96,1
336,3229,2024-08,84,2
337,348,2025-04,-58,4
338,1564,2025-05,-55,3
339,2271,2025-02,97,4
340,1234,2025-04,25,3
341,2453,2024-04,9,2
342,2879,2025-12,73,5
343,2190,2024-05,-62,3
344,2079,2024-09,-19,4
345,1971,2025-04,-71,3
346,3403,2024-04,60,3
347,2676,2024-11,-60,5
348,207,2025-11,-74,2
349,2647,2024-06,-27,5
350,565,2025-03,13,1
351,2981,2025-03,-59,5
352,1112,2024-02,80,4
353,2375,2024-02,66,5
354,2531,2024-04,84,2
355,1219,2024-01,-27,4
356,3300,2025-01,-22,4
357,1798,2024-07,5,1
358,1448,2025-03,82,4
359,1681,2024-07,0,5
360,1055,2024-09,-22,5
361,370,2024-03,32,4
362,3363,2025-08,-74,5
363,2781,2024-03,100,2
364,2789,2025-10,38,4
365,3127,2024-05,-11,2
366,2097,2025/12,-82,5
367,3372,2025-06,-36,3
368,3375,2025-08,15,5
369,850,2025-08,95,2
370,1509,2024-11,-3,2
371,328,2024-05,100,5
372,2406,2025-05,4,5
373,381,2025-04,56,1
374,2614,2025-08,-81,2
375,2755,2024-06,60,1
376,1409,2025-08,-52,4
377,2164,2025-10,-19,1
378,3251,2025-06,-35,1
379,2590,2024-07,8,3
380,1510,2024-06,23,5
381,3101,2024-04,-30,4
382,138,2025-08,-89,4
383,775,2024-11,24,3
384,1122,2024-08,-16,1
385,1247,2024-04,65,2
386,2303,2024-12,39,4
387,2714,2024-05,-25,5
388,183,2025-09,-90,1
389,889,2024-09,7,2
390,2802,2024-11,59,1
391,1734,2025-04,55,1
392,1063,2025-05,-33,2
393,1519,2024-03,-59,1
394,2076,2024-02,-86,2
395,2039,2024-07,22,3
396,2841,2025-06,-48,4
397,3385,2025-09,55,3
398,2768,2025-12,20,3
399,356,2024-07,-90,4
400,1444,2025-07,38,2
401,1660,2024-05,-50,1
402,2156,2024-05,75,1
403,3285,2025-01,-95,5
404,1531,2024-03,-27,5
405,1192,2024-01,-99,2
406,3083,2025-12,27,4
407,2537,2025-08,-4,N/A
408,1572,2025-05,7,2
409,3183,2024-06,40,4
410,1037,2024-02,80,5
411,825,2024-04,-24,4
412,74,2024-11,14,5
413,279,2025-08,24,5
414,2962,2025-03,77,1
415,260,2025-09,-62,3
416,2620,2025-10,5,3
417,251,2025-06,68,1
418,789,2024-03,-44,2
419,1201,2024-06,-28,5
420,736,2024-09,-10,1
421,433,2025-01,42,3
422,3387,2025-08,34,3
423,1388,2025-12,-74,4
424,1450,2025-12,-59,3
425,2583,2024-12,64,1
426,3131,2025-12,35,3
427,1022,2025-11,4,2
428,1553,2024-04,-16,1
429,1643,2025-05,95,5
430,893,2024-11,77,3
431,437,2025-09,-19,5
432,3155,2025-09,-30,5
433,2392,2024-05,75,5
434,2327,2025-03,-31,2
435,1089,2025-11,-18,5
436,2263,2025-05,84,1
437,464,2025-09,-79,3
438,405,2025-06,41,5
439,3270,2025-07,38,3
440,784,2025-09,-24,2
441,2636,2025-11,-64,1
442,953,2024-05,73,3
443,2235,2025-07,60,4
444,2097,2024-10,72,5
445,2477,2025-02,-33,4
446,3267,2025-04,93,3
447,1458,2025-04,52,4
448,2966,2024-05,-52,4
449,1022,2025-08,-4,2
450,3301,2025-06,-37,2
451,1713,2025-06,7,2
452,2892,2025-03,-63,4
453,2827,2025-03,47,5
454,2174,2024-07,-8,1
455,3301,2025-03,33,5
456,2313,2024-07,28,1
457,2074,2025-10,33,3
458,868,2024-02,52,3
459,1290,2024-01,32,1
460,22,2025-06,3,4
461,2460,2025-06,17,5
462,2079,2025-02,26,2
463,2388,2025-02,62,4
464,2154,2024-01,-5,5
465,848,2025-09,-40,4
466,3425,2025-09,-50,3
467,1492,2024-05,-64,5
468,2396,2024-01,21,3
469,459,2025-01,47,4
470,2044,2024-07,-37,4
471,1378,2024-04,8,4
472,3178,2024-03,-26,2
473,2613,2025-04,81,4
474,3202,2024-09,82,2
475,1076,2025-07,93,3
476,2261,2024-08,73,3
477,2169,2025-03,74,2
478,860,2024-07,12,4
479,1123,2025-02,10,2
480,2312,2025-05,-40,1
481,504,2024-09,51,4
482,1371,2025-10,-36,5
483,2540,2025-04,-33,2
484,2881,2024-05,90,3
485,2019,2025-10,-98,5
486,2293,2024-12,-77,2
487,2828,2025-06,56,3
488,792,2024-09,37,4
489,2326,2024-01,57,4
490,2521,2025-02,-7,1
491,2799,2025-01,-99,1
492,2084,2025-06,-41,2
493,531,2025-06,73,3
494,173,2025-05,33,4
495,2105,2025-01,77,2
496,949,2024-01,-99,1
497,1259,2025-03,-36,4
498,1582,2025-11,38,3
499,2557,2025-10,-97,1
500,1214,2024-02,-10,3
501,1987,2025-09,76,3
502,1706,2024-04,-68,3
503,186,2024-02,-86,5
504,2369,2024-01,28,1
505,1828,2025-01,-54,4
506,757,2024-05,-64,1
507,2550,2025-03,9,4
508,342,2024-12,21,2
509,901,2025-09,64,4
510,819,2024-06,-80,1
511,2242,2024/07,57,4
512,3391,2025-01,34,2
513,2881,2024-04,36,2
514,474,2024-11,-53,2
515,224,2025-03,66,2
516,2703,2025-03,-76,4
517,1980,2024-12,37,1
518,1229,2024-03,-73,4
519,3041,2024-07,28,1
520,611,2024-02,-10,2
521,433,2025-11,-67,3
522,1712,2025-02,-61,1
523,923,2024-08,-12,5
524,796,2024-08,-27,4
525,2144,2024-02,-10,4
526,1044,2024-12,-13,5
527,2005,2024-02,-97,2
528,1942,2025-05,-14,1
529,2718,2024-05,-19,5
530,3343,2024-03,-22,4
531,2155,2024-03,-55,3
532,983,2024-01,-62,1
533,1973,2024-10,-82,2
534,1653,2024-02,25,3
535,1548,2024-02,9,1
536,1182,2024-06,63,3
537,269,2025-02,-53,5
538,845,2024-06,-19,3
539,2025,2024-10,-62,4
540,242,2024-11,89,2
541,537,2025-03,58,3
542,1954,2024-02,-71,1
543,3411,2025-12,62,4
544,572,2024-03,85,3
545,269,2025-12,32,4
546,1198,2024-07,99,2
547,260,2024-11,-62,2
548,3070,2024-02,-42,4
549,2697,2024-09,27,4
550,400,2025-10,8,4
551,347,2025-05,43,1
552,1853,2025-03,94,1
553,1388,2024-09,-54,2
554,2375,2025-11,75,2
555,3177,2025-07,-74,3
556,1145,2024-07,-8,3
557,2699,2025-03,-13,1
558,1141,2024-10,62,1
559,798,2024-05,-15,5
560,3325,2025-04,66,3
561,860,2024-10,-70,1
562,491,2024-03,99,5
563,2029,2025-09,-62,2
564,2041,2025-03,18,4
565,1667,2025-02,0,3
566,299,2025-12,-82,1
567,400,2025-06,6,4
568,2596,2025-12,75,2
569,544,2025-06,8,1
570,946,2024-05,41,2
571,2750,2024-12,97,5
572,1159,2025-01,-40,3
573,1181,2024-08,-93,3
574,3139,2024-08,38,4
575,2737,2025-03,58,2
576,2427,2024-10,-72,1
577,651,2024-03,-30,1
578,975,2025-02,-28,1
579,2054,2025-03,51,5
580,2873,2025-08,76,5
581,1730,2024-03,47,3
582,2548,2024-11,-41,3
583,1118,2025-10,24,2
584,1252,2024-07,-46,3
585,2085,2025-06,26,1
586,1942,2024-09,93,4
587,427,2024-05,33,3
588,1331,2025-06,57,5
589,2934,2025-07,50,2
590,1828,2025-10,-5,4
591,2547,2025-06,-74,1
592,2831,2024-08,96,1
593,983,2025-06,-28,4
594,805,2024-01,78,5
595,1988,2024-09,69,5
596,1643,2024-06,37,1
597,3090,2025-01,10,2
598,626,2025-05,-45,3
599,1447,2025-03,-73,2
600,167,2024-05,75,2
601,1245,2024-10,93,2
602,2012,2024-03,35,1
603,2737,2025-02,98,5
604,2892,2025-06,-57,2
605,5,2024-06,3,3
606,2988,2025-01,-65,4
607,2351,2025-09,7,1
608,691,2024-03,79,2
609,740,2025-12,-42,4
610,2662,2024-08,-16,5
611,2378,2024-08,3,3
612,706,2025-06,-7,5
613,1500,2024-09,94,1
614,2941,2024-10,-15,4
615,70,2024-06,-49,5
616,1752,2024-04,-35,4
617,2995,2025-09,-39,1
618,14,2024-03,-37,1
619,1872,2024-04,80,3
620,1914,2025-08,3,3
621,1075,2025-08,-23,4
622,1848,2024-06,-72,5
623,2410,2025-08,95,3
624,972,2025-06,-70,2
625,1699,2024-08,-30,1
626,1838,2024-02,40,5
627,120,2025-07,-100,4
628,729,2025-05,-37,4
629,2228,2024-11,91,4
630,1675,2024-07,-96,5
631,3321,2024-09,-53,5
632,2912,2024-07,-83,5
633,761,2025-10,39,1
634,3416,2024-05,-98,2
635,2956,2024-11,-91,1
636,1441,2025-04,-6,1
637,2127,2024-02,50,5
638,959,2025-01,81,3
639,267,2025-04,-56,4
640,814,2025-01,14,3
641,2501,2025-04,60,3
642,1956,2024-12,46,1
643,1513,2025-04,94,4
644,1648,2025-12,-85,4
645,2719,2024-09,-91,1
646,2384,2024-09,37,2
647,2178,2025-05,-27,5
648,1718,2024-03,48,5
649,10,2024-07,43,4
650,1143,2024-04,-12,5
651,433,2024-12,100,5
652,2652,2024-03,77,4
653,1208,2024-06,-28,3
654,840,2024-11,-99,4
655,1651,2025-03,99,5
656,1644,2024-11,94,5
657,3193,2025-08,80,2
658,613,2025-08,-89,2
659,2816,2024-03,44,1
660,740,2025-05,93,1
661,2746,2024-01,-24,2
662,1844,2024-05,51,2
663,1849,2025-07,7,5
664,2415,2025-02,-7,3
665,319,2024-08,44,4
666,2731,2024-04,16,2
667,2555,2024-08,37,3
668,680,2025-07,-56,5
669,297,2025-02,-43,2
670,2478,2024-04,28,2
671,314,2024-12,12,3
672,1987,2024-05,-23,2
673,874,2024-03,67,3
674,2460,2024-03,-32,4
675,3160,2025-07,-5,3
676,2883,2024-04,-37,1
677,2569,2024-05,13,4
678,2202,2025-09,13,5
679,263,2025-08,-35,2
680,3254,2025-01,55,1
681,3148,2025-07,-68,3
682,214,2024-01,54,1
683,2684,2024-05,-87,2
684,367,2024-09,-50,4
685,2068,2025-07,-19,2
686,856,2024-03,-15,2
687,435,2025-04,26,2
688,790,2024-02,88,4
689,1097,2025-12,52,5
690,1197,2024-06,9,5
691,1030,2025-06,-84,1
692,1586,2025-03,99,4
693,2193,2024-10,-36,2
694,1590,2025-07,24,5
695,2014,2025-03,62,3
696,1319,2024-11,40,5
697,950,2025-04,-78,3
698,508,2024-07,-48,2
699,1066,2025-06,99,5
700,659,2025-05,54,2
701,1776,2024-12,27,4
702,2242,2025-04,-11,1
703,2896,2025-08,88,4
704,1010,2025-04,46,5
705,433,2024-07,46,2
706,2793,2024-07,84,5
707,2486,2025-12,93,1
708,1085,2025-08,72,1
709,3411,2024-08,33,2
710,2198,2025-06,-55,2
711,2568,2024-01,-47,4
712,1204,2025-05,-70,5
713,1513,2024-05,60,1
714,1196,2024-08,-33,4
715,2506,2025-11,-55,5
716,2792,2024-04,45,3
717,2948,2025-07,13,5
718,1139,2024-10,-51,1
719,2633,2024-11,-26,4
720,2342,2024-12,-4,3
721,44,2025-10,60,3
722,2723,2025-01,-99,4
723,451,2024-06,52,4
724,441,2024-01,-85,3
725,367,2024-06,73,2
726,1881,2024-04,-77,2
727,110,2024-04,-51,5
728,1729,2025-12,-26,3
729,2448,2024-11,100,2
730,1835,2025-12,-20,3
731,916,2025-01,61,4
732,1144,2024-06,-49,N/A
733,2473,2024-04,-23,1
734,1163,2025-07,3,3
735,2282,2024-03,-75,4
736,2356,2024-02,-94,3
737,1794,2024-10,-30,2
738,1275,2024-08,58,4
739,205,2024-06,-79,1
740,2550,2025-01,64,4
741,1046,2025-02,23,3
742,1558,2024-11,-45,2
743,93,2025-01,-78,1
744,2542,2025-05,10,4
745,3117,2024-04,-14,1
746,3009,2024-09,-79,3
747,1058,2024-01,34,5
748,305,2025-12,68,4
749,326,2025-04,-9,1
750,1302,2025-08,-10,5
751,9,2025-07,77,4
752,614,2024-01,-23,5
753,2095,2024-12,-52,1
754,144,2025-09,70,5
755,2127,2025-02,5,4
756,2973,2025-03,88,5
757,3408,2025-12,83,5
758,3328,2025-06,62,5
759,989,2025-07,-30,3
760,2212,2025-08,44,5
761,160,2024-09,-5,5
762,817,2025/12,53,5
763,2670,2025-09,87,4
764,703,2024-01,47,5
765,1044,2025-02,0,3
766,1406,2024-06,99,3
767,1133,2025-01,73,1
768,2533,2025-08,-51,3
769,3109,2025-05,89,5
770,1845,2025-08,-4,1
771,1971,2024-11,-49,5
772,2507,2024-02,-41,4
773,1372,2025-10,57,1
774,1557,2024-02,-23,2
775,3256,2024-05,31,1
776,1320,2025-06,-11,4
777,909,2024-11,98,2
778,73,2024-12,-73,1
779,74,2024-02,17,1
780,2634,2024-05,-29,3
781,791,2025-05,59,2
782,2536,2025-02,89,5
783,152,2024-07,-31,5
784,2724,2024-10,82,2
785,1397,2024-11,21,5
786,2795,2025-11,-89,1
787,2847,2025-10,56,3
788,1954,2024-12,10,3
789,3340,2024-05,94,2
790,3240,2025-02,-8,4
791,2399,2024-01,-50,3
792,1686,2025-04,-66,5
793,3172,2025-02,-85,5
794,3321,2025-10,41,5
795,1400,2024-11,96,4
796,1112,2025-02,30,2
797,1037,2024-02,21,5
798,3204,2025-08,-95,2
799,529,2024-08,-97,4
800,11,2025-07,0,3
801,1716,2024-06,4,3
802,3259,2024-09,-15,5
803,1120,2024-07,88,1
804,1728,2025-10,-34,5
805,369,2025-07,97,5
806,2810,2025-05,-48,3
807,3192,2024-08,-35,4
808,2172,2025-06,-40,2
809,424,2024-12,57,4
810,336,2025-06,-34,1
811,2534,2024-07,-8,4
812,440,2025-01,-78,4
813,234,2025-11,-21,2
814,3049,2024-02,-60,5
815,1806,2025-07,52,2
816,2039,2025-05,63,3
817,2312,2024-11,-46,5
818,1181,2025-10,98,1
819,804,2025-06,-15,3
820,1779,2025-01,67,4
821,260,2024-08,-51,1
822,1011,2025-05,72,3
823,2033,2024-02,-72,4
824,3230,2024-07,-28,5
825,2065,2024-11,-24,2
826,2574,2024-06,-63,5
827,1069,2025-02,92,4
828,196,2025-09,-41,3
829,1289,2024-09,-16,3
830,2368,2024-10,-97,5
831,157,2024-10,37,4
832,2967,2025-06,-64,3
833,1014,2025-06,-43,5
834,2356,2024-06,84,4
835,3023,2025-10,73,2
836,2095,2025-04,-77,4
837,587,2025-10,25,5
838,876,2025-10,50,4
839,1604,2025-02,91,4
840,3354,2025-05,-52,4
841,2319,2025-04,-35,5
842,2112,2025-03,-53,1
843,2750,2025-01,8,5
844,485,2024-06,21,5
845,278,2024-09,-62,1
846,1998,2025-05,-96,4
847,2028,2025-06,-73,3
848,882,2024-12,-59,2
849,2149,2024-03,17,1
850,525,2024-04,-60,2
851,677,2025-10,61,4
852,3062,2024-04,29,3
853,106,2024-07,-60,1
854,1911,2024-02,99,2
855,2892,2024-06,41,1
856,2442,2025-09,74,2
857,1508,2024-07,34,5
858,1077,2025-09,32,4
859,209,2025-08,-4,5
860,426,2025-05,31,1
861,1980,2024-07,54,4
862,1811,2025-12,98,2
863,1291,2025-03,19,3
864,1002,2025-07,51,5
865,275,2024-09,90,5
866,422,2025-04,22,4
867,984,2025-04,53,5
868,3164,2025-03,-63,3
869,1120,2025-03,78,1
870,397,2025-05,96,5
871,1970,2025-12,-28,1
872,434,2025-09,78,2
873,1382,2024-08,63,5
874,2494,2025-10,-54,5
875,367,2024-09,99,1
876,3161,2024-06,17,5
877,2177,2024-05,-68,4
878,3132,2025-05,-79,1
879,2497,2024-12,2,3
880,3309,2025-08,4,2
881,1738,2025-09,73,3
882,56,2025-01,2,1
883,217,2024-06,-21,1
884,628,2024-03,-37,4
885,354,2025-12,2,4
886,2767,2024-08,-47,1
887,3236,2024-01,50,4
888,2130,2024-10,-73,3
889,649,2025-08,65,5
890,3354,2024-03,-57,3
891,1054,2025-05,-60,3
892,3022,2024-10,95,1
893,2355,2025-10,-22,5
894,1500,2024-11,36,4
895,2713,2025-01,-21,1
896,2274,2024-11,97,1
897,3121,2025-05,-70,2
898,2082,2024-02,-7,3
899,1354,2024-02,-82,5
900,325,2025-02,14,4
901,3399,2024-10,49,1
902,2673,2024-05,-6,1
903,356,2025-07,71,2
904,2079,2025-06,54,1
905,2831,2024-03,91,1
906,2398,2024-05,100,1
907,932,2025-07,92,4
908,474,2024-12,-13,4
909,3210,2024-08,99,4
910,1269,2025-01,32,1
911,2977,2024-09,-84,5
912,1595,2024-03,-84,2
913,2611,2025-04,-21,1
914,833,2025-05,11,1
915,2068,2024-02,-84,2
916,1919,2024-06,15,1
917,735,2025-03,36,2
918,2333,2025-07,39,4
919,1583,2025-10,95,5
920,2239,2025-03,-27,1
921,120,2024-03,-93,3
922,422,2024-09,92,2
923,2430,2024-07,5,2
924,3412,2025-12,26,4
925,397,2024-01,7,2
926,87,2024-10,-3,3
927,885,2025-01,-68,2
928,147,2024-08,13,2
929,840,2025-06,67,4
930,2371,2024-04,-78,2
931,2699,2025-11,-21,3
932,2161,2024-10,87,4
933,1373,2024-09,-16,4
934,531,2025-11,-68,4
935,1831,2024-04,93,3
936,3305,2024-12,-73,3
937,715,2024-01,-51,1
938,1859,2025-01,-7,4
939,1145,2024-08,-23,4
940,1226,2025-06,-17,3
941,1754,2025-01,54,4
942,580,2025-04,11,4
943,666,2025-10,-4,1
944,141,2025-11,41,2
945,2363,2024-06,21,4
946,3114,2025-01,26,1
947,1539,2025-07,-4,5
948,2125,2024-04,11,2
949,3370,2024-12,-44,4
950,2601,2025-02,-17,3
951,845,2025-09,-68,4
952,2658,2024-03,-84,2
953,1357,2025-09,70,4
954,3286,2024-06,62,1
955,3167,2025-09,-45,2
956,142,2025-04,-8,1
957,3035,2024-10,100,1
958,823,2024-04,6,1
959,1659,2024-09,-98,3
960,2566,2025-06,16,1
961,424,2024-05,77,2
962,55,2025-05,-54,3
963,1401,2024-06,90,4
964,1993,2024-02,53,1
965,2012,2025-03,-89,4
966,3262,2025-08,98,3
967,871,2025-12,26,1
968,2440,2025-01,-57,1
969,655,2025-03,57,5
970,1541,2025-05,65,3
971,1821,2024-10,23,5
972,1471,2024-01,93,3
973,603,2024-06,76,1
974,653,2024-10,-38,4
975,2996,2025-04,-74,3
976,3256,2024-08,62,2
977,255,2024-06,90,2
978,797,2025-10,-41,3
979,3382,2024-03,10,5
980,400,2025-07,2,2
981,1843,2024-03,-31,3
982,992,2024-08,8,1
983,3369,2025-09,5,4
984,2551,2025-09,98,5
985,2574,2024-10,-32,5
986,225,2024-01,-71,5
987,524,2025-11,-9,4
988,2723,2025-10,-72,3
989,779,2024-12,-69,5
990,1488,2024-01,27,1
991,367,2025-05,69,2
992,77,2025-07,-77,1
993,2498,2025-08,-22,2
994,608,2025-06,-64,2
995,578,2025-09,-7,3
996,2888,2025-01,18,4
997,2448,2024-04,82,5
998,733,2025-05,79,3
999,2944,2024-06,82,1
1000,3324,2025-04,-16,1
1001,1411,2024-04,58,3
1002,1557,2024-01,-42,4
1003,2265,2024-11,-94,5
1004,504,2025/03,86,2
1005,3067,2024-04,82,1
1006,429,2025-07,-64,1
1007,2580,2025-04,-63,4
1008,1977,2025-08,82,5
1009,448,2024-09,-12,1
1010,1514,2025-04,58,1
1011,1002,2025-12,81,1
1012,3211,2024-05,9,3
1013,1835,2025-08,-81,2
1014,1261,2025-04,20,5
1015,906,2025-06,-74,5
1016,489,2025-04,38,3
1017,1733,2025-05,15,1
1018,1746,2025-07,-13,3
1019,3264,2024-01,-6,2
1020,2220,2024-01,93,5
1021,1553,2024-03,-22,4
1022,1276,2025-11,70,5
1023,897,2024-11,62,2
1024,2216,2025-12,100,2
1025,503,2025-10,79,3
1026,21,2024-09,24,5
1027,3087,2024-03,99,3
1028,115,2025-09,40,2
1029,788,2024-11,-76,5
1030,1913,2024-08,-81,2
1031,664,2025-08,35,5
1032,2296,2024-12,6,4
1033,1888,2024-08,75,1
1034,258,2024-10,8,3
1035,1582,2025-11,-52,4
1036,2845,2024-08,72,5
1037,1321,2025-11,-4,3
1038,2321,2025-03,91,1
1039,1982,2024-02,-99,2
1040,1578,2024-03,-97,5
1041,1951,2025-03,-73,3
1042,1669,2024-04,92,N/A
1043,235,2024-04,-75,5
1044,1495,2024-12,43,3
1045,1422,2024-11,42,4
1046,2668,2025-11,76,1
1047,2470,2025-10,25,3
1048,1966,2025-11,-96,1
1049,1308,2024-02,-93,1
1050,2158,2025-08,-98,3
1051,3417,2025-11,19,4
1052,2867,2025-03,-14,1
1053,807,2025-12,-87,3
1054,961,2025-08,-96,3
1055,1701,2025-05,-60,3
1056,2262,2024-10,-4,5
1057,2309,2024-09,81,5
1058,2683,2024-10,66,1
1059,1877,2024-07,-11,5
1060,2824,2025-02,-43,1
1061,134,2024-11,57,5
1062,745,2024-08,88,4
1063,1760,2024-05,-37,4
1064,1790,2025-01,0,2
1065,3311,2024-01,-78,3
1066,2259,2024-09,-74,3
1067,1393,2024-02,78,2
1068,2010,2024-09,-55,3
1069,398,2025-04,-68,5
1070,1341,2025-04,-36,1
1071,73,2024-01,-30,3
1072,515,2025-05,-60,2
1073,1413,2024-08,40,2
1074,18,2024-12,15,3
1075,635,2025-05,18,1
1076,3063,2024-01,98,1
1077,2859,2024-05,86,5
1078,1948,2024-04,-44,2
1079,3262,2024-08,98,2
1080,106,2024-01,36,4
1081,3222,2024-01,-71,4
1082,1700,2025-01,-36,5
1083,1283,2024-03,-55,4
1084,2709,2024-11,60,2
1085,1558,2024-06,28,2
1086,2060,2025-12,56,4
1087,1080,2024-04,-71,5
1088,1796,2024-12,3,5
1089,443,2024-12,8,5
1090,737,2025-06,36,4
1091,1915,2024-04,-26,N/A
1092,3233,2025-12,-88,3
1093,638,2024-08,78,1
1094,1982,2024-01,-15,3
1095,204,2025-06,84,4
1096,1734,2025-02,-17,4
1097,2910,2025-04,-48,2
1098,1163,2025-10,-7,4
1099,2735,2024-10,-81,2
1100,1347,2025-10,12,4
1101,3173,2025-11,99,5
1102,2154,2025-02,-49,2
1103,1122,2025-07,-70,1
1104,909,2024-01,-73,5
1105,2983,2025-03,-66,3
1106,1648,2024-02,-22,2
1107,1365,2024-11,-50,2
1108,2010,2025-06,43,3
1109,250,2024-02,-32,2
1110,630,2024-10,-28,5
1111,1569,2024-10,-71,2
1112,998,2024-06,15,3
1113,1897,2025-02,-36,2
1114,1194,2025-08,41,4
1115,1480,2025-12,-96,4
1116,2669,2025-10,29,3
1117,2691,2025-11,60,5
1118,1002,2024-05,43,2
1119,1206,2024-03,-48,3
1120,2192,2024-05,40,4
1121,3155,2025-12,64,5
1122,1865,2024-06,5,2
1123,255,2025-07,30,1
1124,2042,2024-10,63,4
1125,2468,2025-05,-4,3
1126,3208,2025-07,-71,1
1127,3182,2025-10,95,5
1128,2366,2024-03,-35,3
1129,1895,2024-08,-23,4
1130,574,2024-03,23,2
1131,3010,2024-10,-65,5
1132,1633,2024-09,-31,3
1133,2370,2025-09,16,3
1134,2518,2025-05,47,3
1135,50,2024-03,-72,5
1136,1279,2024-11,66,4
1137,2300,2025-06,-45,1
1138,1622,2025-06,83,5
1139,2249,2025-08,82,1
1140,1927,2024-06,42,3
1141,1,2025-10,79,2
1142,1048,2025-10,-68,3
1143,1402,2024-06,-7,5
1144,1318,2025-04,-72,1
1145,133,2025-05,-4,1
1146,64,2025-10,17,5
1147,1004,2024-03,13,2
1148,2916,2024-06,-85,3
1149,3380,2025-09,-84,5
1150,2866,2024-01,100,4
1151,3221,2024-12,-50,4
1152,3173,2024-08,-1,1
1153,2346,2025-03,16,2
1154,421,2024-12,-68,3
1155,1257,2025-09,-36,1
1156,2522,2024-02,20,4
1157,1358,2025-01,-58,4
1158,921,2025-01,59,2
1159,131,2025-01,30,5
1160,1160,2024-02,98,5
1161,1159,2024-12,13,4
1162,2787,2025-10,60,2
1163,2687,2025-03,-35,1
1164,388,2024-03,39,4
1165,1779,2025-06,88,3
1166,3093,2025-11,65,4
1167,1633,2025-08,56,3
1168,3276,2024-03,-10,1
1169,313,2024-01,19,5
1170,1104,2024-05,19,5
1171,3148,2024-09,-58,4
1172,2453,2025-11,-48,1
1173,970,2024-11,30,5
1174,3055,2025-12,27,5
1175,1312,2024-03,38,3
1176,2715,2025-07,21,3
1177,1133,2025-07,16,1
1178,1161,2025-12,4,4
1179,1126,2025-01,28,4
1180,1251,2025-03,-28,2
1181,2053,2024-01,-68,4
1182,2772,2025-10,36,2
1183,2148,2025-04,-33,1
1184,89,2025-05,52,1
1185,2051,2024-09,79,4
1186,1478,2024-02,-22,2
1187,235,2025-06,-73,1
1188,1132,2025-06,-100,5
1189,3321,2024-05,18,4
1190,1195,2025-08,77,2
1191,2446,2024-01,80,4
1192,684,2025-04,80,3
1193,3024,2024-03,-98,1
1194,2788,2025-07,-90,2
1195,547,2024-11,94,4
1196,2368,2024-08,35,4
1197,3193,2025-06,77,3
1198,3099,2025-08,96,5
1199,2472,2025-03,43,3
1200,2500,2025-06,-20,1
1201,1715,2024-01,42,5
1202,512,2025-08,25,1
1203,80,2025-03,74,5
1204,1005,2024-04,73,1
1205,868,2024-12,-66,2
1206,3130,2025-04,77,1
1207,2873,2025-08,40,4
1208,1112,2025-01,47,2
1209,1299,2024-07,-31,3
1210,2546,2024-07,-3,1
1211,2324,2025-06,76,5
1212,3037,2025-09,-73,3
1213,2503,2025-04,7,2
1214,2370,2025-08,94,1
1215,2657,2025-03,53,3
1216,3062,2024-12,-71,4
1217,1310,2024-10,-67,1
1218,861,2024-12,1,3
1219,3117,2024-01,-52,5
1220,554,2025-02,77,5
1221,1001,2024-05,68,5
1222,467,2025-10,91,5
1223,2864,2025-09,-21,2
1224,3141,2024-12,-43,1
1225,1455,2025-03,6,3
1226,341,2024-01,-77,4
1227,803,2025-02,45,2
1228,1983,2025-09,74,2
1229,1177,2025-01,-66,1
1230,2570,2025-09,-61,3
1231,2739,2024-02,-40,1
1232,1496,2025-12,60,4
1233,2106,2024-09,-35,5
1234,219,2024-01,46,5
1235,469,2025-03,84,2
1236,1151,2025-03,-12,1
1237,425,2024-04,-73,3
1238,51,2024-09,84,4
1239,2354,2025-11,-26,5
1240,81,2024-05,20,1
1241,821,2024-02,92,1
1242,2471,2025-08,80,1
1243,715,2025-05,67,3
1244,780,2024-12,-29,1
1245,2568,2024-08,34,5
1246,76,2025-09,-33,2
1247,1106,2025-09,10,5
1248,1836,2024-01,-33,2
1249,234,2025-08,68,2
1250,2234,2024-12,50,1
1251,1456,2024-08,90,2
1252,1064,2024-09,-47,4
1253,1950,2024-12,85,4
1254,133,2025-02,-51,4
1255,2061,2025-12,28,1
1256,1588,2024-01,-66,2
1257,201,2025-03,46,3
1258,2691,2024-02,55,5
1259,1554,2024-01,55,2
1260,235,2024-08,-45,1
1261,1232,2025-07,62,5
1262,2553,2024-09,-69,3
1263,1538,2024-09,47,2
1264,1327,2025-10,-6,2
1265,143,2024-07,-64,3
1266,222,2025-07,95,3
1267,1013,2025-08,52,4
1268,930,2025-04,-71,4
1269,2204,2025-12,-22,1
1270,1612,2025-12,48,1
1271,432,2024-02,-60,4
1272,2232,2024-05,-5,5
1273,3286,2024-10,-80,5
1274,2941,2025-04,-96,5
1275,3405,2024-07,-52,4
1276,1645,2025-04,42,2
1277,1235,2025-10,2,1
1278,191,2024-01,-38,4
1279,2333,2025-09,-51,5
1280,1508,2024-12,61,3
1281,2177,2025-10,33,1
1282,1032,2025-05,73,4
1283,573,2024-02,93,2
1284,2364,2025-10,27,4
1285,1330,2024-02,-92,1
1286,1812,2024-07,88,2
1287,3359,2025-02,-74,4
1288,964,2025-10,42,5
1289,438,2024-05,-51,2
1290,2439,2025-01,54,4
1291,1970,2024-03,61,2
1292,1364,2024-09,59,4
1293,2053,2024-07,-46,3
1294,3162,2024-11,28,4
1295,574,2025-06,-62,2
1296,2709,2025-06,78,1
1297,1834,2025-05,-70,4
1298,2759,2024-01,69,1
1299,3143,2025-07,-70,3
1300,548,2025-04,-42,1
1301,397,2024-02,44,3
1302,14,2025-11,92,1
1303,650,2025-07,42,1
1304,1188,2025-05,-32,5
1305,876,2024-12,-38,5
1306,2821,2025-08,26,3
1307,2573,2024-08,-10,2
1308,1205,2025-06,-59,4
1309,1978,2025-03,26,2
1310,1072,2025-03,-13,1
1311,1725,2025-08,95,2
1312,996,2024-05,-95,4
1313,2713,2024-03,49,5
1314,781,2025-02,60,4
1315,3351,2025-08,61,4
1316,3194,2024-07,40,4
1317,672,2025-02,96,1
1318,1956,2025-11,-38,4
1319,2782,2025-03,-24,1
1320,2891,2024-02,87,3
1321,1268,2025-10,-87,3
1322,1876,2025-12,66,4
1323,501,2025-06,50,1
1324,862,2025-03,18,5
1325,879,2025-03,-76,4
1326,979,2025-03,22,2
1327,1368,2024-09,-12,2
1328,2356,2025-04,-83,1
1329,3080,2025-01,48,2
1330,1992,2025-08,63,1
1331,1639,2025-09,12,4
1332,2408,2025-06,-68,4
1333,2104,2025-12,-27,3
1334,1530,2024-11,8,5
1335,114,2025-07,3,1
1336,1856,2024-09,18,5
1337,220,2025-07,-51,2
1338,2092,2024-07,60,4
1339,3214,2025-05,-86,5
1340,2732,2024-01,98,1
1341,2872,2025-07,-18,5
1342,1582,2024-07,66,5
1343,1678,2024-06,-89,4
1344,1800,2024-09,34,1
1345,687,2024-11,96,5
1346,3359,2024-04,93,2
1347,138,2025-02,-11,1
1348,3392,2024-03,-25,4
1349,3341,2025-02,77,1
1350,3220,2024-09,28,3
1351,20,2025-03,91,1
1352,3269,2024-04,-53,4
1353,814,2025-12,-10,1
1354,894,2024-01,-38,4
1355,2343,2025-09,-16,5
1356,1363,2024-09,75,1
1357,3213,2025-08,79,1
1358,1701,2025-03,19,5
1359,401,2025-08,-94,3
1360,821,2025-02,-12,3
1361,2651,2025-08,-3,2
1362,1972,2025-04,43,3
1363,1137,2025-05,-47,5
1364,752,2025-02,16,5
1365,2329,2024-07,51,5
1366,914,2025-09,14,2
1367,331,2025-09,68,4
1368,1906,2025-06,-50,3
1369,2962,2024-07,24,2
1370,1057,2024-10,-9,2
1371,2423,2025-06,-19,5
1372,1530,2024-05,-15,1
1373,3273,2024-03,11,5
1374,2080,2024-10,3,5
1375,1721,2025-02,15,4
1376,781,2025-10,92,1
1377,3041,2024-08,27,4
1378,157,2024-06,9,1
1379,1851,2025-05,85,2
1380,912,2025-10,-53,1
1381,1757,2025-09,-50,4
1382,3368,2025-04,-77,3
1383,325,2024-01,-60,5
1384,180,2025-04,-85,4
1385,2789,2024-03,-62,2
1386,2392,2025-07,31,4
1387,1412,2025-11,40,2
1388,762,2025-03,30,2
1389,2056,2024-06,81,2
1390,881,2024-08,72,4
1391,2229,2025-06,-35,5
1392,1388,2025-07,-62,5
1393,2654,2025-08,-16,3
1394,2255,2024-03,86,1
1395,1971,2025-06,94,5
1396,335,2025-12,-59,2
1397,2124,2024-01,-71,4
1398,2392,2024-11,48,3
1399,1784,2025-06,76,2
1400,2031,2025-01,90,2
1401,2103,2025-12,92,3
1402,801,2025-05,-44,3
1403,1522,2024-09,60,1
1404,432,2025-03,35,2
1405,2660,2025-06,-33,3
1406,499,2025-07,-97,4
1407,2776,2024-07,31,3
1408,2180,2025-10,-28,1
1409,1772,2025-12,-42,3
1410,1730,2024-06,-99,5
1411,503,2024-06,-76,2
1412,2233,2024-10,-62,4
1413,1280,2024-08,-79,3
1414,2684,2024-05,90,2
1415,2877,2024-05,-99,5
1416,3143,2025-06,-22,5
1417,3140,2025-11,96,1
1418,2610,2024-03,-77,4
1419,915,2025-02,31,5
1420,938,2024-07,-50,3
1421,3224,2024-06,-36,3
1422,3301,2025-02,-11,5
1423,948,2024-04,16,4
1424,2220,2024-02,52,5
1425,3148,2025-09,24,1
1426,2904,2024-11,-96,3
1427,3204,2024-02,-64,1
1428,1205,2025-10,26,2
1429,1730,2025-04,-42,4
1430,2050,2025-06,-88,5
1431,3256,2025-03,10,5
1432,3367,2024-12,-37,4
1433,1882,2025-07,68,3
1434,2920,2024-09,78,3
1435,1298,2025-05,-74,1
1436,2069,2025-10,56,4
1437,2775,2025-09,72,4
1438,3039,2025-02,28,1
1439,372,2024-01,22,5
1440,251,2024-01,-7,2
1441,743,2024-11,-2,4
1442,350,2025-04,-85,1
1443,731,2024-02,-72,1
1444,3250,2024-10,37,4
1445,2131,2024-10,10,3
1446,333,2024-12,-66,1
1447,2428,2025-02,-29,5
1448,3217,2024-07,29,5
1449,2869,2025-03,-63,1
1450,2931,2024-11,-58,4
1451,3083,2025-11,76,1
1452,2573,2024-08,-8,4
1453,2998,2025-11,-8,4
1454,2731,2025-12,-86,4
1455,2336,2024-08,-84,3
1456,684,2024-10,30,1
1457,3134,2025-05,-40,2
1458,308,2024-12,-44,5
1459,944,2025-06,-64,4
1460,2474,2024-07,51,2
1461,2485,2025-11,88,5
1462,3025,2025-05,-48,3
1463,263,2024-03,-52,5
1464,2698,2024-06,56,5
1465,429,2025-03,1,1
1466,2086,2024-08,59,5
1467,775,2024-10,49,5
1468,1948,2025-04,59,5
1469,352,2024-09,-69,4
1470,117,2025-10,7,4
1471,3308,2025-03,-13,2
1472,1751,2024-11,74,1
1473,1597,2024-07,31,1
1474,1346,2024-08,49,1
1475,3106,2024-01,77,5
1476,2683,2024-03,38,2
1477,1633,2025-07,31,1
1478,421,2025-07,6,4
1479,2397,2024-03,-84,1
1480,699,2025-02,44,3
1481,1102,2024-08,-36,4
1482,2264,2025-05,-76,3
1483,3257,2025-03,-30,4
1484,760,2025-08,-31,1
1485,120,2025-03,-22,2
1486,1455,2024-05,-44,3
1487,2389,2025-04,89,4
1488,2254,2025-09,77,3
1489,3256,2025-12,-93,4
1490,713,2025-05,-1,4
1491,2700,2024-10,-40,5
1492,2651,2025-01,70,4
1493,2835,2024-04,-2,4
1494,3091,2025-04,27,4
1495,1025,2024-04,-83,1
1496,1061,2024-07,43,2
1497,1548,2025-01,-3,5
1498,1199,2024-12,75,1
1499,467,2024-10,-79,3
1500,1129,2025-04,-40,4
1501,1290,2025-10,68,3
1502,2598,2025-11,-53,1
1503,29,2025-01,-46,1
1504,2572,2025-02,-40,4
1505,2668,2024-11,5,3
1506,456,2025-10,-90,4
1507,3265,2025-09,24,1
1508,2479,2024-02,62,3
1509,2401,2025-08,-39,3
1510,2627,2024-01,-66,5
1511,2776,2025-06,-30,1
1512,1379,2024-09,29,4
1513,1759,2025-01,2,4
1514,2091,2025-07,21,3
1515,657,2024-06,61,1
1516,210,2024-04,90,1
1517,2469,2025-02,-10,4
1518,855,2025-09,52,4
1519,1026,2024-03,-2,4
1520,354,2024-10,-73,4
1521,1574,2025-01,19,2
1522,1947,2024-06,91,2
1523,3085,2025-09,-15,5
1524,1684,2025-03,8,4
1525,1278,2025-01,45,3
1526,2721,2024-04,66,3
1527,992,2024-02,-100,4
1528,39,2024-04,-89,2
1529,109,2024-01,-3,3
1530,2893,2025-01,-78,1
1531,2403,2025-09,85,4
1532,617,2025-07,41,3
1533,738,2024-06,23,5
1534,2867,2024-05,17,2
1535,2191,2025-01,-3,3
1536,1651,2025-07,-91,1
1537,1256,2025-07,55,5
1538,1307,2025-01,-4,2
1539,2698,2024-07,-22,1
1540,676,2024-12,-13,4
1541,3048,2025-06,-7,N/A
1542,816,2025-10,89,1
1543,808,2024-02,-61,3
1544,1293,2025-07,-65,3
1545,2714,2025-06,-76,1
1546,18,2024-06,24,2
1547,524,2024-02,-95,4
1548,1286,2024-08,59,5
1549,483,2024-07,47,1
1550,1313,2024-03,42,4
1551,1468,2024-07,-6,5
1552,2119,2024-05,-18,4
1553,1112,2025-10,88,5
1554,1844,2024-03,66,5
1555,3382,2025-01,-65,4
1556,1582,2024-08,-48,1
1557,2754,2025-09,-51,2
1558,938,2024-12,-5,3
1559,3050,2025-02,28,5
1560,1948,2024-10,-56,2
1561,466,2025-08,-90,5
1562,3105,2025-05,-23,4
1563,2446,2025-02,1,4
1564,1175,2024-10,35,1
1565,2070,2024-11,-76,2
1566,3245,2024-07,38,3
1567,340,2025-04,-68,3
1568,135,2024-08,-42,5
1569,2719,2024-07,2,2
1570,987,2024-12,-79,5
1571,2925,2025-11,14,5
1572,2641,2024-11,-93,4
1573,3131,2025-10,-58,2
1574,2601,2025-01,13,1
1575,3219,2024-02,-46,2
1576,2123,2025-03,-14,4
1577,370,2025-11,-43,2
1578,717,2025-10,0,5
1579,3022,2024-05,-72,3
1580,999,2024-07,-69,2
1581,3238,2025-05,94,4
1582,2994,2024-11,-34,1
1583,2366,2025-08,39,5
1584,467,2025-01,-99,3
1585,630,2024-06,-78,5
1586,2548,2024-08,58,5
1587,1373,2024-03,-29,1
1588,1376,2024-07,-40,5
1589,309,2025-07,-66,1
1590,1573,2024-06,-47,4
1591,15,2024-11,-53,2
1592,486,2024-05,60,2
1593,3152,2024-12,88,5
1594,2585,2025-12,-93,2
1595,3331,2025-07,-73,5
1596,3122,2025-07,26,1
1597,3149,2024-07,76,1
1598,1396,2024-08,-37,2
1599,870,2024-03,69,2
1600,2347,2025-11,-100,5
1601,2128,2025-11,49,5
1602,1483,2024-09,89,3
1603,1712,2025-05,-1,3
1604,689,2024-06,17,2
1605,1699,2025-04,-49,3
1606,3303,2024-03,57,2
1607,1468,2024-08,67,2
1608,1773,2024-10,67,4
1609,3224,2025-12,67,1
1610,2923,2024-12,-85,2
1611,2709,2024-06,5,1
1612,19,2024-02,2,3
1613,2901,2024-05,-91,4
1614,264,2024-06,61,3
1615,119,2024-08,-62,4
1616,1210,2024-04,-15,3
1617,1411,2025-06,-89,2
1618,414,2024-10,58,5
1619,2049,2024-06,-64,4
1620,3154,2025-01,3,1
1621,2257,2024-08,2,1
1622,3291,2025-05,-81,4
1623,3065,2025-01,71,1
1624,2793,2025-11,-99,1
1625,572,2025-04,31,1
1626,2186,2024-09,-66,5
1627,309,2024-04,20,1
1628,2646,2024-03,-55,2
1629,3060,2025-04,50,5
1630,410,2024-01,13,1
1631,1736,2024-10,28,2
1632,437,2024-01,98,5
1633,1847,2024-09,-11,1
1634,1547,2025-10,52,2
1635,3049,2024-02,63,4
1636,933,2025-12,-35,1
1637,2569,2025-12,-38,2
1638,2253,2025-09,41,2
1639,2503,2025-05,86,2
1640,3293,2024-05,-97,2
1641,638,2024-03,-77,2
1642,47,2025-11,-67,4
1643,2129,2024-09,28,1
1644,420,2024-11,-16,2
1645,1542,2024-02,0,1
1646,1786,2024-02,-37,1
1647,2093,2025-01,-15,4
1648,42,2024-10,55,3
1649,1972,2025-05,-14,3
1650,2668,2025-09,-22,2
1651,91,2024-02,-92,1
1652,1353,2025-12,-24,5
1653,1178,2025-11,51,4
1654,1167,2025-02,-73,3
1655,1568,2024-09,-30,1
1656,485,2024-04,-43,5
1657,1714,2024-06,-5,3
1658,264,2025-05,65,1
1659,341,2024-04,70,1
1660,1839,2025-12,-23,5
1661,3078,2024-04,15,1
1662,2425,2025-07,64,2
1663,1146,2025-09,71,3
1664,1185,2024-08,21,2
1665,1677,2024-12,-73,1
1666,119,2025-02,-25,4
1667,2274,2025-08,-44,1
1668,459,2024-02,36,5
1669,2463,2024-06,-55,3
1670,1281,2024-04,-94,4
1671,1295,2024-08,78,5
1672,1508,2025-05,-78,4
1673,443,2024-10,57,3
1674,821,2024-12,91,1
1675,711,2024-11,67,1
1676,2902,2024-01,-2,2
1677,566,2024-03,14,2
1678,442,2024-06,44,5
1679,837,2024-02,-56,3
1680,1455,2025-08,-15,5
1681,2068,2025-12,-25,2
1682,1451,2024-12,-46,5
1683,1835,2025-04,10,2
1684,1773,2024-02,-16,5
1685,578,2024-02,-97,3
1686,26,2025-03,-82,1
1687,2335,2025-07,28,5
1688,3233,2025-11,10,2
1689,219,2024-09,71,5
1690,3145,2024-11,-86,5
1691,3116,2025-08,-35,2
1692,2701,2024-04,-23,3
1693,1940,2025-11,36,4
1694,1165,2024-08,-13,5
1695,2023,2024-01,-3,2
1696,39,2025-07,85,3
1697,980,2025-12,-100,5
1698,1349,2024-12,79,3
1699,1753,2024-04,-43,4
1700,934,2024-04,-92,1
1701,1460,2024-08,6,4
1702,2484,2025-01,-58,2
1703,3257,2025-04,45,2
1704,2818,2025-05,52,5
1705,262,2025-06,-20,4
1706,2019,2024-06,56,3
1707,1572,2024-05,-63,3
1708,1789,2025-11,-33,5
1709,2711,2024-04,-88,4
1710,1120,2025-01,28,2
1711,1866,2024-07,43,3
1712,3039,2025-06,53,4
1713,1936,2024-08,-27,1
1714,1902,2024-03,68,1
1715,3121,2024-08,30,3
1716,100,2024-03,15,3
1717,1287,2024-05,-56,1
1718,1688,2024-12,69,3
1719,8,2025-12,51,1
1720,1626,2024-05,76,4
1721,3171,2025-08,-31,3
1722,2700,2025-01,10,1
1723,114,2025-12,-90,3
1724,3002,2025-01,20,5
1725,2732,2024-03,2,1
1726,3005,2024-10,64,3
1727,479,2024-02,47,1
1728,3072,2024-06,99,5
1729,71,2025-01,87,3
1730,120,2025-10,-67,4
1731,1215,2025-03,95,5
1732,2793,2024-09,-94,1
1733,2960,2025-04,-9,3
1734,2170,2024-06,87,1
1735,127,2024-03,22,4
1736,2994,2025-06,99,3
1737,900,2025-09,12,3
1738,2551,2025-03,36,2
1739,956,2024-12,7,1
1740,1938,2024-11,86,5
1741,325,2024-09,-77,1
1742,3418,2025-12,-22,1
1743,318,2025-01,34,2
1744,3275,2025-09,-1,2
1745,3111,2024-01,94,5
1746,515,2024-09,17,2
1747,2382,2024-06,-75,2
1748,1178,2024-03,23,2
1749,1066,2025-12,-38,2
1750,1122,2024-02,-6,2
1751,817,2025-02,-85,4
1752,3293,2024-06,74,4
1753,147,2024-02,-20,4
1754,1214,2025-12,62,5
1755,1229,2024-08,-4,4
1756,1435,2024-09,90,4
1757,1032,2024-05,-29,2
1758,2274,2025-05,-79,5
1759,3141,2025-11,-5,5
1760,2284,2024-09,-94,1
1761,756,2025-08,61,2
1762,3415,2024-10,84,4
1763,1388,2025-02,-58,2
1764,1063,2025-08,-90,3
1765,2336,2025-11,52,5
1766,3339,2025-03,38,5
1767,1101,2024-09,59,5
1768,688,2024-12,14,4
1769,2678,2025-09,16,5
1770,1635,2024-09,-46,4
1771,2488,2024-12,-37,3
1772,1555,2025-07,26,2
1773,122,2025-09,88,5
1774,1239,2024-11,-38,2
1775,2932,2025-10,-27,1
1776,3207,2025-09,18,4
1777,1247,2024-12,-90,5
1778,2375,2024-07,31,5
1779,329,2024-05,-73,4
1780,745,2024-03,37,5
1781,2392,2024-05,79,2
1782,143,2024-02,84,1
1783,2559,2024-07,-70,2
1784,3299,2025-12,20,1
1785,244,2024-06,-11,4
1786,1994,2024-10,-2,3
1787,1213,2024-10,39,3
1788,2203,2025-01,99,5
1789,3068,2025-01,15,5
1790,277,2025-02,11,1
1791,2293,2024-03,31,5
1792,627,2024-08,1,4
1793,1829,2025-10,-30,4
1794,1515,2025-12,65,5
1795,1727,2024-01,33,2
1796,2623,2025-04,13,5
1797,2084,2024-04,-99,4
1798,1187,2025-01,-45,4
1799,2237,2024-01,-48,4
1800,2046,2025-07,30,4
1801,236,2025-12,-76,3
1802,2101,2024-03,-24,5
1803,1145,2024-10,-9,1
1804,502,2024-05,48,1
1805,1804,2024-05,-71,4
1806,1770,2025-08,21,3
1807,2502,2024-03,10,2
1808,1482,2024-03,48,3
1809,2545,2024-09,-64,N/A
1810,967,2024-08,20,1
1811,2074,2025-12,-17,1
1812,3298,2024-10,-48,5
1813,2009,2025-02,-86,2
1814,2334,2024-03,-24,5
1815,1260,2024-09,-12,3
1816,2314,2024-05,-90,2
1817,2859,2024-09,62,1
1818,2991,2024-08,38,1
1819,3139,2024-03,-37,3
1820,1051,2025-02,-91,4
1821,2899,2025-01,41,5
1822,1194,2025-01,-96,1
1823,2987,2024-11,-15,3
1824,21,2025-01,-59,1
1825,3113,2025-06,-53,3
1826,741,2024-07,51,1
1827,693,2024-05,-40,2
1828,1917,2025-05,-51,3
1829,1761,2024-04,-40,3
1830,539,2024-09,-71,1
1831,1831,2025-02,49,4
1832,2745,2025-03,-1,3
1833,1663,2025-06,-60,5
1834,1991,2024-12,-39,4
1835,2907,2024-12,96,5
1836,617,2024-02,16,1
1837,1114,2025-07,38,3
1838,3063,2024-06,72,5
1839,553,2025-09,-20,1
1840,870,2025-04,-31,2
1841,940,2025-10,100,4
1842,2824,2025-10,13,1
1843,491,2024-10,-57,5
1844,1283,2024-10,72,5
1845,1387,2025-10,53,5
1846,279,2025-10,-20,4
1847,401,2025-06,-46,5
1848,1289,2025-11,32,5
1849,300,2025-03,9,2
1850,3354,2024-01,-53,1
1851,1545,2025/02,-90,5
1852,24,2024-09,64,3
1853,2059,2024-01,70,1
1854,2587,2025-02,82,N/A
1855,2082,2025-02,-27,1
1856,1957,2025-06,41,3
1857,317,2025-07,17,4
1858,2500,2024-08,-47,1
1859,3328,2025-12,86,1
1860,1248,2024-11,-33,5
1861,417,2024-11,-94,2
1862,733,2024-05,-67,1
1863,2263,2025-12,94,1
1864,2201,2024-10,-87,2
1865,3044,2024-05,5,1
1866,1391,2025-09,-3,1
1867,3031,2025-11,56,2
1868,944,2024-06,65,4
1869,1755,2025-03,-5,3
1870,2255,2025-10,26,4
1871,951,2025-04,63,2
1872,1264,2024-11,62,1
1873,2836,2025-02,76,3
1874,1980,2024-03,42,5
1875,2099,2025-12,-24,4
1876,2136,2025-01,12,2
1877,2710,2024-02,45,1
1878,3328,2024-09,-41,1
1879,1370,2024-10,100,5
1880,1215,2025-12,-11,2
1881,3129,2025-10,52,1
1882,1642,2024-08,1,2
1883,3184,2024-05,92,5
1884,3020,2024-02,34,3
1885,2526,2025-02,48,5
1886,2467,2024-11,55,3
1887,3229,2025-01,-34,5
1888,938,2024-07,-30,2
1889,1554,2025-08,66,3
1890,1870,2025-01,-8,3
1891,667,2025-11,33,4
1892,1773,2024-06,4,1
1893,2247,2024-07,-94,1
1894,1724,2025-03,-6,2
1895,2238,2025-05,-66,5
1896,348,2024-08,-83,5
1897,1683,2025-02,-48,1
1898,3183,2025-01,-42,3
1899,893,2025-04,49,3
1900,1561,2025-04,-50,5
1901,2139,2024-05,60,3
1902,2143,2024-03,-58,4
1903,620,2024-07,66,4
1904,387,2024-04,5,3
1905,2581,2025-02,-87,4
1906,1827,2025-01,-78,1
1907,3106,2024-01,-86,2
1908,3392,2025-08,-18,5
1909,571,2025-06,-40,1
1910,1237,2024-12,-91,3
1911,2810,2024-04,36,4
1912,1009,2024-04,71,3
1913,680,2025-11,69,5
1914,535,2024-06,-70,5
1915,1714,2025-09,74,1
1916,1309,2025-04,-15,3
1917,3183,2025-03,-59,4
1918,3305,2025-09,-74,4
1919,284,2025-10,54,3
1920,3094,2024-07,-49,3
1921,308,2025-12,28,2
1922,2463,2024-04,11,2
1923,3284,2025-07,86,1
1924,1184,2024-10,43,5
1925,545,2025-04,55,4
1926,226,2025-09,-1,2
1927,1172,2024-11,6,1
1928,3263,2024-02,-70,3
1929,1573,2025-08,57,5
1930,1432,2024-04,51,5
1931,23,2025-05,-39,2
1932,2283,2024-11,-72,3
1933,645,2024-12,58,3
1934,2360,2024-07,54,3
1935,2838,2025-01,57,2
1936,2653,2024-05,-94,5
1937,1778,2024-06,71,4
1938,2227,2024-12,-28,5
1939,1350,2025-07,-52,1
1940,2429,2025-01,5,4
1941,2336,2025-10,70,2
1942,645,2024-07,63,4
1943,1113,2024-01,-67,3
1944,2656,2024-08,96,3
1945,1502,2024-03,55,3
1946,808,2025-01,87,2
1947,3404,2025-12,86,3
1948,2973,2024-12,5,5
1949,2652,2024-05,-93,1
1950,1445,2025-03,-86,1
1951,1898,2025-06,25,1
1952,3239,2025-09,-82,3
1953,1805,2024-12,32,2
1954,2826,2024-11,-80,3
1955,2892,2025-01,63,1
1956,2756,2024-06,-47,1
1957,2058,2024-03,-80,2
1958,1182,2025-07,-32,4
1959,1163,2024-04,82,1
1960,2779,2025-05,10,3
1961,1431,2025-02,99,3
1962,847,2024-12,-49,2
1963,629,2024-10,35,1
1964,2109,2025-12,-63,4
1965,3287,2025-08,-14,3
1966,1297,2024-04,-25,3
1967,2234,2025-12,27,4
1968,1058,2024-04,35,1
1969,1366,2025-08,-90,4
1970,1399,2024-11,39,1
1971,1233,2024-10,51,3
1972,2903,2025-01,-24,1
1973,3107,2024-12,-86,1
1974,922,2024-04,-16,3
1975,1235,2024-04,-36,3
1976,69,2025-06,59,2
1977,2591,2025-05,-72,2
1978,2425,2024-10,-41,1
1979,2862,2024-11,45,3
1980,1918,2024-10,89,3
1981,3117,2025-09,19,5
1982,484,2024-02,-100,3
1983,1278,2025-04,40,3
1984,1535,2024-08,-94,5
1985,2622,2024-05,-88,5
1986,752,2024-04,34,3
1987,1120,2024-10,-26,2
1988,323,2024-04,-95,2
1989,3234,2025-05,-19,2
1990,1553,2024-08,-24,3
1991,39,2025-09,21,1
1992,806,2024-04,89,3
1993,1953,2024-09,-80,1
1994,1683,2024-10,33,5
1995,1747,2025-05,30,1
1996,214,2024-08,96,5
1997,3006,2024-05,-21,5
1998,2841,2024-10,-68,5
1999,741,2025-10,82,3
2000,1256,2025-08,-90,4
2001,299,2025-02,-10,5
2002,438,2025-12,31,5
2003,2900,2025-07,-80,5
2004,390,2025-07,-41,3
2005,1200,2024-10,-80,4
2006,3403,2024-12,69,2
2007,1113,2025-11,-49,5
2008,2353,2025-11,21,3
2009,361,2025-06,-52,2
2010,2993,2024-03,39,2
2011,3152,2024-04,60,5
2012,3127,2024-11,-92,1
2013,2168,2025-02,45,4
2014,3330,2025-03,32,2
2015,2371,2024-07,-85,3
2016,1289,2025-07,-47,3
2017,3076,2025-09,71,4
2018,936,2024-06,-11,2
2019,2891,2025-07,-81,5
2020,3188,2024-04,29,5
2021,1548,2024-12,57,5
2022,796,2025-10,-13,3
2023,548,2024-08,-78,1
2024,1841,2025-05,-74,3
2025,2303,2025-09,-25,1
2026,2021,2024-12,-3,4
2027,2229,2025-09,50,2
2028,87,2025-04,36,1
2029,162,2025-01,-50,5
2030,902,2024-03,38,4
2031,3081,2025-06,-78,1
2032,1727,2024-08,-63,5
2033,1149,2024-07,58,4
2034,2280,2025-11,81,2
2035,1469,2024-09,38,2
2036,492,2024-09,-9,3
2037,1760,2025-11,79,5
2038,2389,2024-07,-29,3
2039,3124,2025-06,28,5
2040,1261,2025-01,37,1
2041,584,2024-02,-86,3
2042,2965,2025-02,92,1
2043,1263,2024-11,28,2
2044,541,2025-06,-52,3
2045,1718,2024-10,65,5
2046,205,2024-06,-24,2
2047,3398,2024-06,-84,2
2048,2671,2025-01,35,5
2049,1507,2025-12,-73,3
2050,1868,2024-11,19,4
2051,1365,2024-04,36,5
2052,1606,2025-08,-69,1
2053,3203,2024-08,59,4
2054,2488,2024-11,-9,1
2055,2266,2025-09,-30,5
2056,3346,2024-03,-80,3
2057,561,2024-04,47,3
2058,3111,2024-05,-67,1
2059,603,2024-10,-67,4
2060,889,2025-09,-47,3
2061,2208,2025-04,-11,5
2062,468,2025-07,76,1
2063,1600,2024-09,50,4
2064,1151,2024-10,48,5
2065,31,2024-10,-61,5
2066,629,2024-03,30,4
2067,1537,2025-02,-30,5
2068,289,2024-08,-5,1
2069,3219,2025-11,26,1
2070,1470,2025-05,-67,4
2071,2560,2025-09,-31,2
2072,701,2024-05,-21,4
2073,1914,2024-03,75,4
2074,389,2024-11,94,4
2075,669,2025-02,92,5
2076,2344,2025-02,6,2
2077,1150,2025-04,29,5
2078,3366,2025-08,43,5
2079,3414,2024-08,57,2
2080,452,2024-07,35,2
2081,2258,2024-07,82,4
2082,2682,2024-09,-24,5
2083,947,2025-03,41,4
2084,2882,2025-08,22,1
2085,2528,2024-10,55,3
2086,1112,2024-11,86,2
2087,313,2025-10,-84,3
2088,1519,2024-09,71,3
2089,1270,2024-04,65,5
2090,1809,2024-09,74,5
2091,785,2024-01,-45,3
2092,1068,2024-09,16,1
2093,3069,2025-10,-86,1
2094,2885,2025-08,-88,1
2095,2518,2025-10,18,3
2096,1209,2024-08,95,1
2097,1704,2024-11,-55,1
2098,1004,2025-09,58,1
2099,1397,2025-07,-84,4
2100,1772,2024-05,-88,2
2101,2941,2025-09,22,5
2102,2727,2024-03,-44,3
2103,670,2024-07,-81,4
2104,3239,2025-01,83,3
2105,257,2025-04,78,5
2106,164,2025-08,-98,1
2107,2918,2025-06,94,4
2108,971,2024-07,-97,3
2109,2934,2024-09,48,3
2110,237,2025-06,57,4
2111,833,2025-11,-43,3
2112,2827,2025-09,-73,4
2113,669,2025-12,13,3
2114,1779,2025-05,78,1
2115,2471,2024-12,-94,2
2116,1195,2025-07,71,5
2117,492,2024-02,24,1
2118,2854,2025-11,98,2
2119,2131,2025-11,-47,4
2120,3124,2025-01,29,1
2121,2402,2025-01,-9,1
2122,2550,2025-01,27,4
2123,2131,2024-04,-65,2
2124,2295,2024-05,0,2
2125,1463,2025-06,98,3
2126,3175,2024-01,69,5
2127,2796,2025-05,-59,5
2128,831,2024-08,-89,2
2129,3186,2024-04,-17,2
2130,802,2025-03,-55,3
2131,2418,2024-07,-49,4
2132,3154,2024-11,-64,1
2133,1435,2025-09,8,3
2134,634,2025-05,-82,1
2135,3411,2025-12,81,2
2136,2719,2024-10,-94,4
2137,1540,2024-10,-68,1
2138,3395,2025-05,12,5
2139,399,2024-04,-72,1
2140,1806,2025-09,1,5
2141,626,2024-09,-86,3
2142,634,2024-12,74,3
2143,1192,2025-01,18,3
2144,1967,2024-02,-39,2
2145,587,2024-08,21,4
2146,1783,2024-04,8,2
2147,2666,2025-03,65,1
2148,503,2025-05,46,1
2149,49,2024-01,68,2
2150,2559,2024-01,73,2
2151,1391,2025-08,-80,1
2152,652,2024-09,54,1
2153,3008,2025-09,83,5
2154,1463,2025-04,-61,3
2155,404,2025-07,66,2
2156,1058,2024-10,22,5
2157,1974,2024-08,30,3
2158,998,2025-06,43,1
2159,3199,2025-04,-31,4
2160,2149,2025-02,80,4
2161,246,2024-09,49,2
2162,1189,2025-03,-12,4
2163,1198,2024-10,24,1
2164,500,2025-10,91,5
2165,129,2025-06,-30,3
2166,385,2024-10,79,2
2167,2337,2025-09,-98,5
2168,851,2024-02,59,3
2169,1430,2025-08,19,5
2170,489,2024-10,42,1
2171,3245,2024-06,15,2
2172,3379,2025-08,-4,3
2173,2368,2025-04,-69,2
2174,1136,2024-02,-52,3
2175,2062,2024-07,82,2
2176,1322,2024-11,-19,5
2177,3118,2025-04,-68,2
2178,2073,2025-08,-75,1
2179,445,2024-09,-43,5
2180,332,2025-08,47,4
2181,2684,2025-07,-26,1
2182,2493,2024-10,-14,5
2183,2500,2025-11,37,1
2184,1141,2025-11,21,4
2185,2306,2024-07,-84,1
2186,929,2025-02,-22,2
2187,2186,2025-09,41,5
2188,1126,2025-01,42,1
2189,426,2025-06,-17,3
2190,2851,2025-08,-57,2
2191,2789,2025-02,-64,2
2192,2684,2024-09,-82,1
2193,2176,2025-01,-78,2
2194,2189,2025-08,94,2
2195,2643,2024-08,-18,1
2196,1931,2025-09,-36,4
2197,3001,2024-05,-11,1
2198,2625,2024-12,4,2
2199,1858,2024-03,-73,5
2200,2011,2025-09,81,2
2201,3278,2025-06,-4,4
2202,1729,2024-03,13,3
2203,375,2024-06,0,4
2204,2889,2025-01,88,4
2205,14,2024-12,97,3
2206,846,2024-03,-75,4
2207,1131,2025-10,43,3
2208,89,2024-12,-68,2
2209,742,2025-05,-98,4
2210,603,2025-07,10,2
2211,1897,2024-05,-5,1
2212,3016,2024-09,-2,2
2213,961,2025-06,-96,4
2214,1339,2025-07,29,4
2215,2357,2024-06,2,3
2216,2310,2024-08,-89,3
2217,3238,2025-07,-33,2
2218,1790,2024-09,-73,1
2219,2635,2024-02,81,2
2220,2896,2024-12,49,5
2221,1440,2024-04,-1,5
2222,2866,2025-03,-83,1
2223,3376,2025-11,70,N/A
2224,410,2024-03,-29,4
2225,2642,2024-07,17,1
2226,2135,2025-02,44,3
2227,2778,2024-04,-21,1
2228,1882,2025-01,95,4
2229,702,2024-06,-54,4
2230,1469,2025-04,-31,2
2231,2353,2024-09,-64,4
2232,3071,2025-11,-31,2
2233,242,2025-09,59,3
2234,643,2025-12,-6,1
2235,806,2024-04,77,5
2236,2026,2025-11,78,1
2237,57,2024-01,-35,5
2238,3262,2024-06,59,5
2239,2416,2025-09,-1,1
2240,3101,2025-09,-15,1
2241,72,2024-08,-43,1
2242,941,2025-09,-87,5
2243,1539,2024-02,-9,1
2244,2640,2024-09,34,4
2245,2223,2024-01,74,5
2246,1432,2025-01,-18,2
2247,1045,2025-10,-73,3
2248,1133,2025-03,-6,1
2249,1258,2025-01,-42,5
2250,2362,2024-05,84,4
2251,2974,2025-03,39,4
2252,1632,2024-08,82,2
2253,3088,2025-03,-38,4
2254,1028,2024-04,-11,4
2255,2942,2025-01,-84,1
2256,4,2024-12,-73,3
2257,2569,2025-07,-25,1
2258,3253,2025-10,-21,4
2259,951,2025-10,35,5
2260,2335,2024-09,-57,5
2261,256,2025-04,97,3
2262,2916,2025-04,56,5
2263,1674,2025-09,79,5
2264,1455,2025-08,-39,3
2265,3167,2024-01,12,2
2266,3171,2025-08,4,1
2267,766,2024-12,56,4
2268,3287,2025-11,70,2
2269,718,2025-03,14,3
2270,2782,2024-10,95,5
2271,2671,2024-05,-1,1
2272,1726,2025-11,-45,2
2273,2028,2024-04,-66,3
2274,1350,2024-03,-25,4
2275,1385,2024-04,-42,5
2276,1765,2025-02,-60,5
2277,2955,2024-07,-10,3
2278,1654,2025-02,-48,3
2279,1996,2025-08,98,3
2280,2424,2024-07,-39,1
2281,3152,2024-01,22,4
2282,2948,2024-09,51,5
2283,1261,2025-03,89,4
2284,2958,2025-06,38,2
2285,1521,2024-02,-49,5
2286,322,2025-10,11,2
2287,255,2025-03,-87,3
2288,704,2024-12,-46,2
2289,1260,2024-07,96,3
2290,1371,2025-12,-100,5
2291,616,2024-04,-34,3
2292,611,2024-11,-90,4
2293,113,2024-12,7,5
2294,3123,2025-02,50,1
2295,876,2024-06,-86,5
2296,2223,2025-11,-75,1
2297,1681,2024-10,72,4
2298,1235,2025-06,-44,3
2299,848,2025-04,-100,2
2300,220,2024-05,-81,4
2301,374,2025-11,82,5
2302,2320,2024-12,85,1
2303,1547,2025-03,-67,1
2304,3316,2025-04,-44,3
2305,507,2025-01,-64,1
2306,3187,2025-04,-2,2
2307,295,2025-02,65,3
2308,2510,2025-06,52,3
2309,3289,2024-12,-23,4
2310,528,2025-08,39,3
2311,1631,2025-02,-49,1
2312,3153,2025-12,82,4
2313,2748,2025-02,19,2
2314,748,2025-03,84,1
2315,585,2024-12,-49,4
2316,1157,2024-10,90,3
2317,1581,2025-07,-43,4
2318,1007,2025-04,37,4
2319,308,2024-10,-91,1
2320,1705,2025-08,-54,5
2321,1411,2024-03,8,2
2322,1047,2024-02,1,4
2323,2831,2025-04,-74,4
2324,994,2024-11,-98,1
2325,3058,2025-08,68,1
2326,39,2025-04,-51,5
2327,1778,2025-07,50,1
2328,3255,2024-07,-66,2
2329,981,2024-07,-43,5
2330,2244,2024-07,-97,1
2331,2513,2025-04,7,4
2332,1173,2025-05,3,2
2333,2189,2025-12,16,3
2334,2235,2024-06,50,1
2335,1612,2024-03,33,3
2336,1290,2025-11,-60,2
2337,1629,2025-01,-16,4
2338,511,2024-09,-85,4
2339,1690,2024-08,31,3
2340,1114,2025-10,-21,1
2341,1162,2025-07,-66,4
2342,842,2024-05,76,3
2343,1778,2024-08,-6,4
2344,26,2025-09,-90,4
2345,197,2025-06,-82,1
2346,716,2025-08,-42,1
2347,1953,2024-04,89,3
2348,881,2025-02,-81,5
2349,1700,2024-02,-20,2
2350,507,2024-11,-21,3
2351,1441,2024-03,24,4
2352,1554,2024-07,20,5
2353,1110,2024-07,-2,4
2354,171,2024-05,62,5
2355,2130,2025-09,-95,5
2356,698,2024-09,-21,1
2357,1662,2024-04,-88,3
2358,2430,2025-12,-40,4
2359,346,2024-01,-47,3
2360,2325,2024-04,77,1
2361,1283,2025-09,35,4
2362,1725,2024-11,-52,1
2363,263,2024-09,28,2
2364,1711,2024-08,67,5
2365,1299,2025-03,-63,5
2366,611,2024-09,13,1
2367,1825,2024-03,-2,2
2368,2229,2025-12,83,2
2369,1340,2025-10,-27,3
2370,2173,2024-05,36,5
2371,1171,2025-01,14,5
2372,2845,2024-11,-36,1
2373,963,2024-03,-33,4
2374,2735,2024-10,73,1
2375,1308,2025-04,80,3
2376,1912,2024-03,-48,3
2377,238,2024-09,-6,3
2378,255,2024-07,-72,5
2379,3405,2024-09,-15,4
2380,27,2025-04,74,5
2381,1903,2024-10,41,3
2382,1567,2025-07,-3,3
2383,2179,2025-01,56,3
2384,13,2025-05,11,2
2385,628,2025-03,-13,4
2386,1161,2025-08,-97,2
2387,3163,2024-04,-79,1
2388,1198,2025-12,8,3
2389,1957,2025-07,-83,4
2390,1964,2024-05,-98,3
2391,1420,2024-01,-35,1
2392,2840,2024-01,11,1
2393,2443,2025-05,47,4
2394,1521,2024/11,94,5
2395,1043,2024-05,31,2
2396,952,2024-08,96,5
2397,3202,2024-11,-43,3
2398,432,2024-01,32,1
2399,580,2025-02,-100,2
2400,897,2024-01,-73,5
2401,2854,2025-04,29,2
2402,2357,2024-02,-37,5
2403,3311,2025-07,13,4
2404,2473,2024-07,89,5
2405,1685,2025-01,55,3
2406,138,2024-10,-30,1
2407,3003,2025-10,37,3
2408,2294,2025-08,85,5
2409,246,2025-11,-51,5
2410,3325,2025-06,11,3
2411,2126,2025-12,47,1
2412,2123,2024-06,32,2
2413,1221,2024-08,-3,2
2414,1133,2025-08,-13,5
2415,1248,2024/01,15,3
2416,172,2024-05,-1,3
2417,1543,2025/06,-29,5
2418,214,2024-10,75,1
2419,2044,2024-07,58,2
2420,710,2024-08,28,4
2421,2110,2025-07,-61,2
2422,1279,2024-12,3,3
2423,954,2024-01,-59,5
2424,496,2025-01,-68,4
2425,1316,2025-07,-53,3
2426,237,2024-04,-69,1
2427,855,2024-02,58,5
2428,1589,2025-04,3,1
2429,2167,2025-10,46,1
2430,1575,2024-02,96,2
2431,350,2025-04,-46,2
2432,2470,2025-07,-61,4
2433,1451,2024-04,-72,3
2434,2147,2024-07,-97,5
2435,3352,2025-01,-95,1
2436,167,2025-03,19,5
2437,3387,2025-01,37,3
2438,3260,2024-05,-42,3
2439,1775,2025-10,8,1
2440,93,2024-11,-59,4
2441,848,2025-01,41,3
2442,775,2025-01,42,4
2443,1999,2025-02,42,5
2444,2369,2024-07,2,2
2445,1673,2024-08,69,5
2446,1219,2024-04,-84,3
2447,146,2025-06,-17,2
2448,3217,2024-08,-88,4
2449,3388,2024-02,66,1
2450,113,2024-02,-86,4
2451,1121,2025-12,-13,5
2452,3367,2024-11,-63,2
2453,1368,2025-03,42,3
2454,2133,2025-01,-20,4
2455,1759,2025-09,10,3
2456,2169,2025-10,93,5
2457,3016,2025-07,85,5
2458,1301,2025-12,-14,2
2459,2737,2024-06,-26,2
2460,1564,2024-11,-40,4
2461,705,2024-07,38,3
2462,257,2025-08,99,2
2463,2454,2024-07,20,5
2464,2064,2025-08,13,1
2465,2996,2024-06,100,3
2466,807,2025-05,-62,2
2467,2447,2024-01,-85,4
2468,81,2025-07,-81,5
2469,477,2025-08,20,5
2470,2036,2025-02,80,2
2471,1846,2025-01,-54,2
2472,2029,2024-12,45,1
2473,2873,2025-03,77,5
2474,2856,2025-02,84,2
2475,670,2024-12,59,2
2476,694,2025-01,-27,2
2477,1845,2024-03,33,5
2478,3280,2024-12,11,5
2479,2294,2024-11,-4,2
2480,501,2025-10,42,4
2481,2177,2024-08,36,2
2482,1159,2025-12,62,3
2483,366,2025-10,11,4
2484,2440,2025-07,32,3
2485,951,2025-05,-43,5
2486,2658,2024-08,-5,3
2487,1892,2024-04,64,4
2488,1531,2025-07,55,3
2489,716,2025-05,3,4
2490,1002,2025-08,13,5
2491,1143,2025-02,-49,5
2492,2375,2025-10,-24,2
2493,1422,2024-02,33,3
2494,117,2024-03,-77,4
2495,47,2024-02,-97,5
2496,941,2024-08,20,1
2497,1749,2024-04,44,1
2498,1142,2024-01,97,1
2499,3408,2025-08,-6,1
2500,793,2024-04,-76,2
2501,1399,2025-08,27,2
2502,1363,2025-04,-39,1
2503,940,2025-03,-69,5
2504,3024,2024-03,24,5
2505,867,2024-01,44,1
2506,37,2024-04,-89,2
2507,1765,2024-08,45,2
2508,2175,2025-11,15,5
2509,1562,2024-10,49,1
2510,1443,2024-06,26,5
2511,2953,2024-07,-7,1
2512,1281,2024-09,-33,3
2513,2190,2025-02,28,3
2514,2869,2025-08,-60,2
2515,1366,2024-02,10,1
2516,1852,2025-07,51,3
2517,1322,2024-01,-54,5
2518,2105,2024-08,-83,3
2519,1875,2025-03,-96,5
2520,2919,2024-03,11,2
2521,868,2024-07,-17,4
2522,554,2025-04,31,5
2523,1449,2025-05,63,2
2524,2098,2024-02,96,5
2525,977,2025-07,-36,5
2526,3419,2024-10,-78,3
2527,1766,2025-03,50,3
2528,2781,2024-06,-97,1
2529,1873,2025-12,28,1
2530,1346,2025-07,-45,5
2531,2901,2025-04,-29,2
2532,540,2024-05,-76,5
2533,861,2025-07,-100,2
2534,2621,2024-10,-62,2
2535,3099,2025-04,-14,3
2536,997,2025-04,-41,2
2537,1834,2025-08,-22,3
2538,1666,2025-09,-78,3
2539,2490,2024-10,-73,5
2540,1711,2024-02,50,5
2541,2095,2024-11,64,4
2542,2292,2024-10,48,5
2543,2840,2024-09,92,2
2544,476,2024-12,47,4
2545,2272,2025-02,-76,3
2546,620,2025-03,48,3
2547,38,2024-09,-54,4
2548,2454,2025-03,56,2
2549,1337,2025-12,27,2
2550,2455,2025-04,70,3
2551,3214,2025-03,91,1
2552,442,2024-07,38,3
2553,1547,2024-09,87,4
2554,339,2024-02,8,1
2555,2838,2025-01,87,3
2556,3424,2024-02,-83,2
2557,2977,2025-07,-12,1
2558,3404,2025-11,53,1
2559,1140,2025-08,98,3
2560,953,2024-04,74,3
2561,2938,2025-04,-27,3
2562,2233,2024-11,26,1
2563,1293,2024-01,-83,1
2564,721,2025-06,-77,1
2565,87,2025-09,41,4
2566,131,2024-12,-38,4
2567,2379,2025-10,11,3
2568,904,2024-02,-59,1
2569,2810,2025-09,60,1
2570,2899,2025-05,-83,2
2571,1547,2025-05,24,5
2572,1028,2025-01,36,1
2573,594,2024-01,64,3
2574,879,2024-11,-49,3
2575,2108,2025-11,-31,5
2576,2590,2024-12,11,2
2577,2529,2024-02,-43,2
2578,3284,2024-12,48,4
2579,2243,2024-04,52,3
2580,1740,2024-11,51,1
2581,1219,2025-04,0,4
2582,1152,2024-02,26,5
2583,1262,2024-12,-64,5
2584,3013,2025-01,-61,1
2585,1881,2025-07,-25,4
2586,757,2024-02,-59,4
2587,663,2025-04,60,4
2588,98,2025-03,-49,3
2589,2899,2024-01,85,4
2590,753,2024-03,-18,3
2591,351,2025-04,52,1
2592,992,2025-09,-85,1
2593,1667,2025-09,44,4
2594,3287,2025-07,-9,3
2595,2944,2025-09,63,3
2596,586,2025-03,-64,5
2597,1814,2024-04,-60,2
2598,2823,2025-01,73,5
2599,2607,2024-09,16,2
2600,1609,2024-07,13,3
2601,821,2024-03,19,2
2602,2690,2024-01,-29,4
2603,1526,2025-07,90,1
2604,812,2024-05,11,2
2605,2443,2025-04,-97,2
2606,3023,2024-08,-43,4
2607,3043,2024-12,95,1
2608,3211,2024-10,-3,4
2609,2203,2024-08,45,4
2610,2631,2024-12,-97,4
2611,832,2025-07,-96,3
2612,1110,2025-01,-59,4
2613,502,2025-07,4,1
2614,278,2025-10,22,3
2615,2883,2024-12,-86,4
2616,1566,2025-08,84,2
2617,1898,2024-03,21,1
2618,300,2025-02,-30,2
2619,630,2024-12,-10,3
2620,262,2024-01,1,1
2621,1664,2025-10,55,5
2622,1990,2025-06,-82,4
2623,433,2025-03,16,4
2624,2427,2025-05,5,5
2625,361,2025-07,58,3
2626,2873,2025-07,-28,4
2627,3151,2024-08,-26,3
2628,2193,2024-11,62,4
2629,1866,2024-09,72,1
2630,2507,2025-10,65,5
2631,853,2024-03,74,3
2632,3156,2025-10,-80,3
2633,3019,2024-09,31,2
2634,2383,2025-07,38,3
2635,3422,2024-05,-47,3
2636,1038,2025-09,-9,2
2637,3029,2025-01,99,5
2638,117,2025-12,-73,3
2639,2561,2024-10,64,4
2640,992,2025-12,-37,5
2641,3296,2025-09,71,4
2642,1943,2024-01,7,2
2643,677,2024-10,-98,4
2644,1079,2024-10,-79,1
2645,3007,2024-06,66,4
2646,2756,2025-10,59,1
2647,1229,2024-03,-57,3
2648,900,2024-07,28,2
2649,111,2024-07,2,5
2650,423,2024-11,-90,4
2651,111,2025-05,41,4
2652,1131,2024-01,-68,4
2653,644,2025-04,-18,4
2654,70,2024-10,-99,1
2655,2670,2025-03,-52,1
2656,3012,2024-02,88,5
2657,3072,2025-09,0,3
2658,2867,2025-02,45,4
2659,439,2024-07,-40,2
2660,564,2025-07,-92,5
2661,2896,2024-12,23,1
2662,52,2024-10,-52,3
2663,2588,2024-05,-78,4
2664,432,2024-12,-1,3
2665,179,2024-06,-18,5
2666,2673,2025-06,-77,1
2667,2506,2024-09,18,4
2668,292,2024-03,-11,5
2669,132,2025-05,99,1
2670,3026,2025-09,-83,4
2671,900,2025-09,-1,1
2672,3320,2024-12,59,4
2673,1819,2024-08,-15,2
2674,3353,2024-06,-59,5
2675,3115,2024-10,98,2
2676,2110,2024-03,-35,2
2677,361,2025-10,86,1
2678,3073,2024-06,69,4
2679,1193,2025-07,35,1
2680,864,2024-10,55,4
2681,1976,2025-05,9,2
2682,1224,2025-10,34,5
2683,2536,2024-10,-46,1
2684,908,2025-12,-89,4
2685,3136,2024-09,25,1
2686,342,2024-07,61,1
2687,1606,2025-06,67,5
2688,3290,2024-04,53,5
2689,2881,2024-03,97,5
2690,2810,2024-09,19,1
2691,2114,2025-02,-66,5
2692,1951,2024-12,-59,3
2693,699,2024-02,-45,2
2694,1021,2025-02,96,2
2695,1986,2025-03,77,1
2696,1051,2024-07,45,4
2697,1075,2025-02,73,3
2698,2326,2024-09,-32,1
2699,2410,2024-02,44,4
2700,1700,2025-06,-67,3
2701,975,2024-11,-80,4
2702,604,2025-12,29,1
2703,901,2024-05,41,5
2704,1130,2024-01,19,2
2705,3238,2025-08,-6,3
2706,1105,2025-09,21,1
2707,3113,2025-10,-26,5
2708,1845,2025-12,-41,3
2709,1548,2024-08,-50,4
2710,917,2025-05,-27,4
2711,2622,2024-01,-37,1
2712,2886,2024-11,-69,4
2713,3364,2025-10,7,2
2714,2810,2025-04,-18,3
2715,304,2025-09,-68,3
2716,3012,2025-11,82,4
2717,2077,2025-08,2,2
2718,1758,2025-05,-72,5
2719,869,2024-09,-91,3
2720,1735,2025-01,-83,4
2721,2741,2024-02,-18,4
2722,2018,2025-02,-52,3
2723,348,2025-12,92,3
2724,2588,2024-04,-6,4
2725,2702,2024-12,48,5
2726,2303,2025-10,-51,2
2727,688,2024-09,-87,2
2728,1012,2025-03,-33,5
2729,1562,2025-07,38,5
2730,2978,2025-07,53,2
2731,2788,2025-05,-61,2
2732,327,2024-02,-41,4
2733,232,2024-02,-5,5
2734,171,2025-07,-31,5
2735,3179,2025-12,-41,2
2736,2959,2024-07,97,2
2737,745,2025-02,87,3
2738,3138,2024-02,-29,1
2739,1715,2024-05,-90,5
2740,1073,2024-12,-28,2
2741,2516,2024-01,77,2
2742,237,2025-03,80,5
2743,423,2025-02,40,5
2744,878,2024-03,35,5
2745,2085,2025-03,-28,3
2746,2872,2024-11,-12,4
2747,1766,2024-03,76,3
2748,1506,2024-06,-57,1
2749,2007,2025-02,-19,4
2750,41,2025-08,76,1
2751,2270,2024-11,40,1
2752,2758,2025-04,-79,2
2753,1441,2024-11,58,4
2754,2219,2025-09,-87,4
2755,1024,2025-12,-43,1
2756,3208,2024-11,84,4
2757,630,2024-08,-86,4
2758,472,2025-02,-63,3
2759,3217,2025-10,74,4
2760,1737,2025-03,34,3
2761,1375,2024-09,-54,1
2762,2795,2025-07,-31,1
2763,967,2024-05,87,1
2764,1013,2024-07,21,3
2765,180,2024-04,-37,4
2766,1775,2025-10,-71,1
2767,2573,2025-11,-17,1
2768,3379,2025-12,-37,4
2769,1808,2024-01,-14,4
2770,257,2025-10,-91,5
2771,655,2024-06,-6,5
2772,964,2025-11,-51,5
2773,3060,2024-09,93,1
2774,1989,2024-08,-45,2
2775,3199,2025-04,-51,3
2776,2892,2025-07,-40,4
2777,3017,2024-10,22,5
2778,959,2025-08,46,5
2779,1922,2024-01,-41,5
2780,207,2025-10,39,1
2781,1279,2025-01,-74,1
2782,1073,2025-01,-62,3
2783,555,2025-10,-42,5
2784,212,2024-02,40,2
2785,1293,2025-10,11,2
2786,241,2024-05,-8,2
2787,2097,2025-12,22,4
2788,951,2025-06,-61,4
2789,776,2024-09,-47,2
2790,380,2024-02,41,1
2791,1590,2024-03,98,2
2792,579,2024-03,-100,2
2793,1963,2024-02,-28,3
2794,3378,2025-03,77,2
2795,2506,2025-09,67,1
2796,398,2025-08,-48,5
2797,313,2025-06,-93,3
2798,2998,2025-12,14,2
2799,2970,2025-04,39,2
2800,1242,2024-03,-49,4
2801,1563,2024-12,-40,5
2802,1292,2025-07,35,3
2803,1994,2024-11,7,3
2804,715,2024-08,-44,2
2805,3221,2024-12,68,4
2806,1384,2025-07,81,4
2807,576,2024-09,45,1
2808,1031,2024-09,90,3
2809,3030,2024-12,-28,5
2810,990,2024-11,-78,2
2811,2756,2024-06,47,3
2812,2624,2024-07,12,4
2813,3405,2024-03,-17,1
2814,525,2025-07,-48,3
2815,1347,2024-06,-88,4
2816,2882,2025-12,-66,3
2817,435,2025-12,33,2
2818,118,2025-05,-55,5
2819,49,2025-12,88,2
2820,282,2025-09,-5,3
2821,2715,2025-07,-84,2
2822,1196,2024-09,31,5
2823,468,2025-09,38,3
2824,2411,2024-09,-64,2
2825,1049,2024-03,68,2
2826,476,2025-02,48,3
2827,3382,2024-03,19,4
2828,2001,2024-03,-76,4
2829,1515,2024-03,-3,1
2830,3156,2025-10,95,1
2831,792,2024-02,-53,1
2832,2020,2024-10,88,5
2833,2580,2025-06,-62,1
2834,21,2025-08,21,1
2835,931,2024-02,-21,3
2836,329,2025-10,-87,1
2837,1819,2025-11,28,1
2838,2331,2025-12,-5,1
2839,539,2025-04,-37,1
2840,487,2025-01,-54,3
2841,1579,2024-05,-2,2
2842,1361,2024-03,-79,2
2843,373,2025-08,20,5
2844,2334,2025-09,-82,5
2845,2648,2025-08,-58,1
2846,1468,2025-03,2,5
2847,1251,2025-02,49,1
2848,549,2024-05,-21,3
2849,1092,2024-03,26,3
2850,1738,2024-05,87,4
2851,3404,2024-10,18,3
2852,636,2024-08,50,4
2853,2842,2025-02,-4,1
2854,1720,2025-07,-48,3
2855,1898,2025-06,-27,5
2856,1028,2025-08,-30,3
2857,3234,2024-08,10,4
2858,221,2025-11,-70,1
2859,725,2025-09,53,3
2860,1086,2024-09,-70,1
2861,1965,2024-07,41,3
2862,1450,2025-10,-6,2
2863,3183,2025-12,48,4
2864,633,2024-12,-65,4
2865,1952,2024-03,-58,1
2866,1659,2025-03,-50,2
2867,1055,2025-08,56,5
2868,80,2024-12,-47,1
2869,2780,2024-04,-33,1
2870,687,2025-06,-72,5
2871,476,2025-07,-54,3
2872,1954,2025-09,72,4
2873,521,2025-09,-76,2
2874,2190,2024-12,83,3
2875,2505,2024-08,66,4
2876,787,2024-04,90,2
2877,238,2024-03,25,5
2878,332,2025-08,37,5
2879,174,2025-12,69,4
2880,1659,2025-04,42,2
2881,1299,2025-12,12,2
2882,2664,2024-08,-16,1
2883,1363,2025-07,72,4
2884,2230,2024-10,-37,5
2885,1609,2024-10,11,5
2886,1467,2025-04,-88,5
2887,2538,2024-04,29,1
2888,1742,2024-10,-74,4
2889,1949,2024-11,-89,2
2890,1542,2024-11,-41,1
2891,2444,2025-06,34,3
2892,1044,2024-07,65,4
2893,171,2024-04,20,4
2894,1451,2025-03,31,3
2895,1082,2024-01,-52,1
2896,3072,2025-12,-79,1
2897,3310,2025-10,-78,1
2898,746,2024-10,-85,4
2899,1466,2025-05,-31,3
2900,1481,2025-01,50,2
2901,763,2025-05,-88,4
2902,35,2024-06,-31,2
2903,3398,2025-11,20,2
2904,2234,2025-10,-89,5
2905,1409,2025-01,9,3
2906,630,2025-10,-21,4
2907,1640,2024-08,84,5
2908,934,2025-07,-1,2
2909,767,2025-10,4,1
2910,3280,2025-05,70,4
2911,2249,2025-12,46,2
2912,1057,2024-06,10,5
2913,710,2024-01,33,2
2914,2634,2025-01,-19,4
2915,2089,2024-08,40,4
2916,2928,2025-04,-38,4
2917,2595,2024-09,-37,4
2918,1378,2025-09,66,1
2919,2235,2024-03,-17,5
2920,1304,2025-12,6,2
2921,310,2024-06,-76,3
2922,110,2024-08,-31,2
2923,274,2024-01,30,2
2924,3150,2025-05,6,2
2925,2886,2025-05,-40,3
2926,1340,2025-11,-95,5
2927,3099,2024-03,10,2
2928,2526,2024-12,-30,5
2929,465,2025-10,85,4
2930,774,2024-01,-92,4
2931,1286,2025-03,37,5
2932,2757,2024-06,-24,5
2933,2241,2024-09,-47,3
2934,1347,2025-07,43,2
2935,2862,2025-08,3,4
2936,1114,2024-01,-86,2
2937,3114,2025-04,21,1
2938,2471,2024-10,-65,2
2939,2393,2025-07,70,3
2940,301,2025-09,-52,5
2941,506,2025-10,59,4
2942,3369,2024-03,-34,2
2943,2632,2025-08,-37,4
2944,881,2025-12,-100,3
2945,2943,2025-07,84,5
2946,1055,2024-10,10,4
2947,1204,2025-06,-71,5
2948,1042,2024-02,-94,4
2949,1693,2024-10,-45,3
2950,2609,2025-08,-1,4
2951,570,2025-04,-94,5
2952,3314,2024-07,-28,2
2953,1043,2025-02,-38,4
2954,3318,2024-01,75,5
2955,2980,2025-12,-17,3
2956,1876,2025-02,-79,3
2957,305,2025-01,-52,1
2958,1966,2024-09,66,4
2959,2612,2024-06,-98,5
2960,3364,2024-08,-74,4
2961,335,2024-11,-98,5
2962,2551,2024-11,-91,1
2963,1003,2024-10,85,3
2964,2569,2025-01,99,4
2965,1995,2024-12,47,2
2966,2968,2024-08,-82,5
2967,12,2025-02,40,1
2968,1732,2024-06,55,5
2969,2314,2025-11,57,1
2970,1299,2025-05,50,1
2971,1083,2024-07,39,5
2972,1122,2025-05,-12,5
2973,2564,2025-12,-88,3
2974,712,2025-07,65,2
2975,3341,2025-07,86,3
2976,717,2024-06,0,2
2977,1427,2024-05,-14,2
2978,3402,2025-02,84,1
2979,103,2024-07,-9,4
2980,1153,2024-03,-26,1
2981,2908,2025-10,78,4
2982,1084,2024-09,86,2
2983,941,2025-08,-59,5
2984,4,2025-06,-45,4
2985,510,2024-04,-38,3
2986,672,2024-05,-68,3
2987,3012,2025-03,71,2
2988,1871,2025-03,95,1
2989,797,2024-07,4,1
2990,2772,2024-04,42,3
2991,2074,2025-04,-16,5
2992,1082,2024-06,100,4
2993,870,2024-05,91,5
2994,756,2024-10,50,4
2995,2441,2024-09,78,2
2996,2454,2024-10,-73,5
2997,2222,2024-10,78,2
2998,1532,2025-02,-15,2
2999,1744,2025-01,-58,4
3000,3076,2024-01,87,1
3001,1901,2024-06,69,4
3002,2105,2025-01,-73,2
3003,779,2025-06,31,4
3004,1560,2024-01,77,4
3005,76,2025-08,38,1
3006,1581,2024-03,-4,2
3007,2743,2025-04,-91,5
3008,2298,2024-06,-1,5
3009,3046,2025-10,11,3
3010,1166,2025-05,69,3
3011,2665,2025-07,-57,4
3012,2508,2025-08,-59,4
3013,2425,2024-02,86,1
3014,2738,2025-09,68,2
3015,1617,2024-03,12,1
3016,1171,2025-02,-11,3
3017,2000,2025-04,24,1
3018,1317,2025-10,-70,5
3019,2369,2025-06,-52,2
3020,2966,2025-06,8,5
3021,90,2025-12,-16,5
3022,2127,2024-01,-65,2
3023,1452,2024-01,6,4
3024,360,2024-05,31,1
3025,770,2024-06,63,5
3026,2828,2024-12,26,4
3027,1249,2025-08,22,4
3028,300,2024-10,11,3
3029,2567,2025-10,-78,1
3030,813,2025-04,-23,2
3031,1245,2024-12,-10,4
3032,672,2025-08,5,2
3033,2532,2024-12,-41,4
3034,3146,2024/02,49,5
3035,3329,2025-09,8,5
3036,257,2024-04,-39,1
3037,3163,2024-12,-6,3
3038,2175,2024-04,42,1
3039,2835,2025-07,-96,2
3040,257,2025-04,-32,5
3041,2922,2025-11,-59,4
3042,1123,2025-09,-36,4
3043,1350,2024-07,32,4
3044,3069,2024-07,-58,1
3045,2506,2024-07,9,3
3046,1755,2024-04,-25,2
3047,2285,2025-11,-90,1
3048,1219,2024-02,77,5
3049,3367,2024-11,20,3
3050,240,2024-07,-41,2
3051,1970,2024-01,1,5
3052,152,2025-08,98,4
3053,1472,2025-01,-70,2
3054,1742,2025-10,71,5
3055,2868,2025-03,-100,4
3056,3215,2024-12,73,2
3057,2568,2024-06,-33,2
3058,3303,2025-03,-41,1
3059,428,2025-06,56,2
3060,1802,2024-01,-68,2
3061,2043,2024-06,-74,2
3062,265,2024-09,-7,2
3063,2029,2024-03,89,1
3064,146,2024-03,-34,4
3065,2164,2024-06,9,2
3066,759,2024-09,-21,1
3067,3225,2025-01,52,4
3068,1119,2025-08,80,2
3069,2062,2025-09,96,N/A
3070,2087,2024-10,-46,5
3071,2980,2025-01,-48,2
3072,1155,2024-01,85,1
3073,1228,2025-09,17,4
3074,2340,2024-06,-35,1
3075,197,2024-02,-32,3
3076,1897,2025-03,-65,5
3077,1286,2024-09,-84,3
3078,3350,2024-10,-31,1
3079,1825,2024-11,59,4
3080,2642,2025-04,32,4
3081,2855,2025-08,-98,2
3082,502,2025/02,-92,1
3083,2165,2025-03,74,3
3084,2329,2025-08,59,4
3085,1515,2025-07,59,1
3086,680,2024-05,73,3
3087,1582,2024-09,28,2
3088,175,2024-12,-33,2
3089,3414,2025-11,18,2
3090,305,2025-03,29,4
3091,485,2025-08,69,5
3092,469,2025-08,6,1
3093,704,2025-10,-89,1
3094,630,2025-01,25,2
3095,2142,2024-07,48,4
3096,383,2024-10,90,1
3097,2403,2024-01,-64,4
3098,1396,2025-05,72,4
3099,1353,2025-03,-96,2
3100,1746,2024-04,46,2
3101,111,2024-12,-38,2
3102,1714,2025-06,-77,4
3103,1788,2025-07,-35,1
3104,2566,2025-07,10,2
3105,495,2024-03,-62,2
3106,176,2024-09,10,2
3107,192,2025-03,42,5
3108,3285,2024-03,76,1
3109,1181,2024-05,12,1
3110,809,2025-11,20,3
3111,465,2025-01,84,3
3112,878,2025-02,-94,5
3113,1504,2024-04,53,2
3114,3323,2025-04,96,3
3115,2609,2025-10,66,4
3116,2917,2025-12,85,4
3117,162,2024-05,81,2
3118,1968,2024-06,18,5
3119,1713,2025-02,62,2
3120,669,2025-10,-27,3
3121,1703,2024-01,-77,1
3122,2003,2024-06,-83,5
3123,7,2024-04,-63,5
3124,3360,2025-07,45,2
3125,2529,2024-12,-20,3
3126,3171,2025-06,63,5
3127,308,2024-01,-34,1
3128,206,2024-04,58,4
3129,3193,2025-02,77,4
3130,3196,2024-11,-35,4
3131,2190,2024-05,5,4
3132,687,2024-07,7,2
3133,986,2025-06,76,3
3134,2721,2024-01,-25,4
3135,3170,2025-09,-23,5
3136,2301,2024-04,55,1
3137,1372,2025-07,82,2
3138,2815,2025-04,-95,2
3139,892,2024-02,-86,5
3140,443,2025-07,87,4
3141,1317,2024-12,-11,5
3142,1602,2024-08,12,4
3143,2095,2024-03,81,3
3144,2358,2024-03,-21,3
3145,2479,2024-10,-10,3
3146,701,2024-08,70,1
3147,2267,2025-09,47,1
3148,154,2025-02,39,1
3149,3156,2024-01,-28,1
3150,1514,2025-10,41,2
3151,3275,2024-07,66,3
3152,2973,2025-03,83,5
3153,675,2025-08,26,5
3154,382,2025-05,75,4
3155,3126,2024-10,63,2
3156,1684,2024-01,47,3
3157,366,2024-06,7,3
3158,2086,2025-02,-13,4
3159,3278,2025-11,28,1
3160,2059,2024-01,77,1
3161,889,2024-04,6,2
3162,1155,2024-09,40,1
3163,911,2025-07,14,2
3164,1844,2025-11,30,2
3165,1444,2024-05,38,5
3166,1175,2025-02,-90,4
3167,623,2025-12,-76,1
3168,100,2025-12,-93,3
3169,2835,2025-07,54,1
3170,2751,2025-07,79,5
3171,428,2024-07,-29,1
3172,781,2024-08,-85,2
3173,1505,2025-12,-98,3
3174,2041,2025-03,-11,4
3175,3108,2024-03,29,3
3176,2389,2024-02,-34,5
3177,2177,2025-09,23,1
3178,2548,2024-04,-70,5
3179,2080,2025-05,45,2
3180,3185,2024-08,-34,4
3181,3407,2024-05,100,2
3182,1547,2024-03,54,4
3183,78,2025-02,-8,1
3184,3405,2025-08,90,4
3185,1096,2024-01,95,5
3186,919,2025-05,-61,2
3187,429,2025-02,16,4
3188,2612,2025-08,31,3
3189,633,2025-02,-29,2
3190,3304,2024-04,100,3
3191,740,2024-10,36,3
3192,248,2025-12,53,2
3193,2148,2025-08,-61,2
3194,706,2024-09,81,3
3195,932,2025-11,94,1
3196,361,2024-01,81,3
3197,2275,2025-01,-12,3
3198,754,2025-07,87,3
3199,2528,2025-05,-98,4
3200,889,2024-05,-60,3
3201,1377,2024-04,31,2
3202,1685,2025-06,55,5
3203,1837,2025-12,-76,2
3204,2836,2025-07,-42,1
3205,453,2025-09,-83,2
3206,781,2025-10,-80,4
3207,2578,2025-11,-96,2
3208,2931,2025-07,99,1
3209,1436,2025-07,77,3
3210,20,2025-07,22,1
3211,2859,2024-08,-94,4
3212,2095,2025-01,46,1
3213,1803,2024-06,7,1
3214,1333,2025-01,56,4
3215,2387,2025-01,-2,4
3216,989,2024-02,-99,2
3217,1229,2024-02,83,5
3218,2634,2025-11,76,1
3219,1274,2025-02,83,1
3220,3242,2024-01,32,2
3221,1496,2024-09,85,3
3222,1927,2025-10,-86,3
3223,2179,2025-06,-20,2
3224,2395,2025-08,-36,2
3225,1735,2025-04,-5,4
3226,1244,2025-05,-92,3
3227,2755,2024-06,65,5
3228,2453,2025-09,-40,1
3229,188,2025-06,-76,5
3230,2142,2024-06,-61,5
3231,3085,2024-08,-78,3
3232,1918,2025-07,37,4
3233,3172,2024-06,85,4
3234,1337,2025-05,-84,5
3235,836,2024-11,-95,3
3236,1709,2024-07,76,1
3237,346,2024-04,-24,4
3238,222,2025-06,-76,1
3239,1959,2024-08,-61,5
3240,102,2025-02,35,5
3241,220,2024-07,-84,4
3242,1560,2024-04,-20,2
3243,787,2024-01,95,1
3244,616,2025-11,-14,3
3245,1739,2024-08,-67,2
3246,1123,2025-02,52,5
3247,2103,2024-12,-14,4
3248,1458,2024-09,-21,1
3249,666,2025-08,-49,1
3250,2413,2025-10,51,5
3251,3195,2024-05,-2,3
3252,2490,2024-01,-3,4
3253,622,2024-08,54,4
3254,1910,2024-03,-28,2
3255,527,2024-01,32,5
3256,90,2025-08,-66,2
3257,556,2024-02,14,5
3258,2773,2024-02,-14,5
3259,3184,2024-09,2,1
3260,2046,2025-02,-27,4
3261,3010,2024-12,-74,4
3262,1404,2025-06,85,4
3263,114,2025-06,-20,4
3264,3097,2024-01,50,5
3265,2489,2025-07,81,1
3266,2257,2024-02,-11,2
3267,252,2025-10,64,3
3268,3297,2024-08,-12,5
3269,258,2025-10,-87,4
3270,54,2025-12,77,4
3271,261,2024-03,68,2
3272,3224,2024-10,13,1
3273,2842,2024-03,66,2
3274,388,2025-12,34,3
3275,1464,2024-12,61,1
3276,1810,2025-09,-89,1
3277,1908,2025-03,63,4
3278,692,2025-09,-57,2
3279,106,2025-03,97,2
3280,106,2024-02,94,1
3281,3086,2024-12,-89,3
3282,2130,2025-04,30,1
3283,3364,2025-12,-23,3
3284,2947,2025-08,-49,1
3285,806,2025-01,94,1
3286,308,2025-08,-20,5
3287,2249,2025-11,11,3
3288,771,2025-10,-38,2
3289,2325,2025-12,37,1
3290,3314,2024-09,-50,3
3291,3310,2024-11,-28,2
3292,861,2024-01,41,2
3293,1657,2024-04,-58,2
3294,2423,2025-08,57,1
3295,815,2024-08,96,3
3296,1929,2024-11,41,3
3297,1234,2024-09,-28,3
3298,1966,2025-11,-64,4
3299,2191,2025-10,12,1
3300,3002,2025-06,-12,2
3301,1619,2025-12,-51,2
3302,984,2025-02,-27,2
3303,272,2024-05,94,1
3304,2396,2025-04,-67,2
3305,2766,2024-01,-49,2
3306,1407,2024-11,-30,5
3307,2961,2025-08,83,1
3308,1625,2024-05,-28,3
3309,1639,2025-02,-42,1
3310,159,2025-07,-41,5
3311,1793,2025-07,90,3
3312,2038,2025-03,-29,2
3313,1684,2024-08,-27,5
3314,1842,2024-06,-27,4
3315,1815,2024-04,75,1
3316,2395,2025-06,42,4
3317,352,2024-07,20,4
3318,1817,2025-04,-58,3
3319,1486,2024-02,-78,1
3320,1188,2024-08,-83,4
3321,1534,2024-10,-41,2
3322,2327,2025-07,59,1
3323,3418,2024-03,52,3
3324,758,2024-12,57,3
3325,167,2024-12,34,1
3326,1197,2024-08,3,2
3327,1070,2025-08,-29,4
3328,238,2025-12,46,4
3329,1699,2024-02,-61,1
3330,1775,2025-11,-87,2
3331,2902,2025-10,66,5
3332,2393,2025-09,-5,1
3333,1580,2024-03,25,3
3334,2253,2024-10,92,3
3335,997,2025-04,37,4
3336,537,2024-05,53,1
3337,1834,2024-06,-4,1
3338,1702,2025-02,-36,5
3339,1018,2025-09,-30,2
3340,3082,2024-04,81,2
3341,1879,2024-01,-24,4
3342,1944,2025-12,87,3
3343,2363,2024-11,-94,3
3344,995,2024-02,-42,1
3345,1818,2025-12,89,4
3346,3071,2024-07,16,1
3347,2089,2024-03,-27,3
3348,2918,2025-05,-65,2
3349,133,2025-07,-3,4
3350,2467,2024-04,92,4
3351,2257,2025-06,-29,4
3352,3075,2024-10,-4,4
3353,3322,2024-08,-29,2
3354,477,2025-05,73,2
3355,1684,2024-02,37,5
3356,3195,2024-05,23,4
3357,2750,2025-08,34,4
3358,347,2025-12,-18,5
3359,1881,2025-10,62,1
3360,1194,2025-07,23,1
3361,2412,2024-04,-86,1
3362,1757,2024-08,-25,3
3363,1062,2025-09,75,4
3364,1430,2025-06,-49,5
3365,3312,2025-08,92,4
3366,1253,2024-10,63,4
3367,737,2025-02,98,5
3368,386,2025-06,60,1
3369,545,2025-07,-75,4
3370,183,2025-06,-62,4
3371,156,2024-01,-3,2
3372,1827,2024-05,-28,3
3373,1854,2024-12,88,1
3374,2726,2025-05,70,3
3375,2120,2025-12,52,3
3376,656,2024-08,89,2
3377,2225,2025-07,-88,3
3378,1519,2025-04,41,4
3379,590,2024-07,74,5
3380,2227,2024-05,96,2
3381,2232,2025-03,68,4
3382,1449,2024-08,62,3
3383,566,2024-06,56,5
3384,102,2024-06,-75,3
3385,2586,2024-06,-18,4
3386,534,2024-03,76,2
3387,943,2024-05,27,4
3388,2314,2025-12,-48,2
3389,1446,2024-05,43,3
3390,2812,2024-10,-95,1
3391,1258,2024-12,-21,3
3392,3056,2025-05,51,1
3393,1260,2024-08,57,3
3394,283,2025-08,2,3
3395,2470,2025-07,-46,5
3396,2261,2025-01,-1,1
3397,3418,2025-10,-64,2
3398,340,2024-09,88,4
3399,1807,2024-12,72,5
3400,2431,2025-03,45,5
3401,1374,2024-05,-32,3
3402,899,2024-02,-72,2
3403,1006,2025-12,-89,3
3404,37,2024-02,-23,5
3405,2139,2024-02,67,2
3406,2666,2024-03,-26,5
3407,1546,2025-02,60,2
3408,135,2024-07,-65,3
3409,2647,2024-06,61,3
3410,3111,2025-09,-85,2
3411,2078,2025-11,-32,1
3412,299,2025-10,-70,2
3413,1411,2024-08,21,1
3414,1949,2024-03,-63,4
3415,3265,2025-11,-98,2
3416,1710,2025-02,-36,3
3417,39,2025-12,-100,2
3418,2413,2024-05,-24,2
3419,2362,2025-11,-48,5
3420,807,2024-08,87,2
3421,1407,2025-08,5,3
3422,148,2024-03,-12,2
3423,417,2025-06,20,3
3424,1066,2024-12,-73,2
3425,318,2025-11,-74,5
3426,946,2024-04,-70,4
3427,2224,2024-06,74,2
3428,1311,2025-04,49,3
3429,507,2025-08,92,5
3430,2139,2025-10,63,4
3431,2933,2024-03,-77,5
3432,2023,2024-01,-67,4
3433,1065,2024-09,65,4
3434,2763,2024-03,9,2
3435,1178,2024-10,23,3
3436,53,2024-12,-54,4
3437,2261,2025-12,0,5
3438,2462,2024-01,81,4
3439,755,2024-08,-2,2
3440,1292,2024-09,38,3
3441,25,2025-02,50,2
3442,1610,2024-08,85,5
3443,1527,2025-04,-59,2
3444,885,2025-09,82,3
3445,1808,2025-05,22,2
3446,2326,2025-04,67,1
3447,1528,2024-03,-48,1
3448,2726,2025-10,-77,1
3449,1569,2025-02,-83,5
3450,1402,2024-04,-23,5
3451,2281,2025-04,11,1
3452,587,2024-12,-43,2
3453,2897,2025-10,-47,3
3454,2072,2025-04,64,1
3455,1252,2025-11,49,2
3456,804,2025-12,27,5
3457,2707,2024-06,30,2
3458,48,2024-08,70,3
3459,215,2024-06,-55,5
3460,2082,2024-06,88,1
3461,1645,2025-05,73,5
3462,589,2025-11,-31,3
3463,1289,2024-12,-31,4
3464,2682,2025-08,-63,5
3465,1596,2025-06,42,4
3466,1809,2024-07,-39,2
3467,314,2025-09,-47,5
3468,2470,2024-12,35,2
3469,476,2024-01,-61,2
3470,800,2025-06,-78,4
3471,1006,2025-10,72,3
3472,1476,2024-06,-93,5
3473,937,2024-07,84,2
3474,2794,2025-06,37,4
3475,1319,2025-12,-30,2
3476,122,2024-07,13,3
3477,1567,2024-11,-37,5
3478,423,2025-05,-18,5
3479,758,2025-09,41,4
3480,2026,2024-01,82,4
3481,2121,2024-05,-55,3
3482,2284,2025-10,7,2
3483,1288,2025-01,73,1
3484,2870,2025-07,-98,3
3485,206,2024-02,-99,4
3486,1299,2024-03,23,5
3487,835,2025-06,-72,5
3488,142,2024-10,99,1
3489,1919,2025-11,-76,5
3490,195,2024-11,48,2
3491,2079,2025-09,-37,4
3492,2928,2025-02,85,4
3493,2739,2025-05,74,4
3494,2334,2025-04,60,3
3495,841,2024-03,28,1
3496,2239,2025-08,-57,3
3497,1926,2025-12,-79,1
3498,1693,2024-10,-48,4
3499,1631,2024-09,-85,2
3500,486,2025-03,57,1
3501,2907,2025-04,-43,3
3502,2865,2024-10,-12,2
3503,2501,2024-07,24,5
3504,1876,2025-12,41,1
3505,453,2025-08,19,5
3506,2174,2025-02,47,4
3507,3284,2024-10,-78,2
3508,455,2024-09,-44,3
3509,1217,2024-10,52,2
3510,3103,2025-03,44,2
3511,3270,2024-01,27,2
3512,1527,2025-04,88,2
3513,977,2025-02,97,3
3514,983,2024-04,-84,3
3515,1607,2024-07,11,5
3516,1095,2024-07,81,3
3517,1886,2025-11,-35,4
3518,273,2025-11,-89,5
3519,218,2025-07,-77,5
3520,17,2025-05,45,3
3521,2452,2025-11,84,3
3522,3164,2025-06,42,5
3523,359,2024-10,-93,4
3524,3134,2024-09,-18,1
3525,563,2025-04,-30,5
3526,166,2024-10,83,4
3527,995,2024-11,6,4
3528,1003,2025-12,-53,5
3529,3291,2025-10,14,1
3530,386,2025-03,50,5
3531,3333,2024-08,17,2
3532,2952,2024-11,-17,5
3533,1676,2024-08,44,1
3534,2306,2024-11,-39,3
3535,1827,2024-09,-75,1
3536,3117,2024-11,73,5
3537,726,2024-12,44,3
3538,3274,2025-04,46,5
3539,1432,2025-10,78,4
3540,3193,2025-01,43,3
3541,3372,2024-05,-94,1
3542,2905,2024-05,69,3
3543,2709,2025-04,-93,2
3544,1490,2025-12,39,2
3545,2389,2024-08,99,2
3546,839,2024-03,-19,2
3547,954,2024-02,-38,5
3548,2540,2024-07,86,5
3549,2614,2025-11,-9,1
3550,896,2025-07,85,2
3551,3311,2025-07,-38,1
3552,2337,2024-08,-63,3
3553,3384,2025-11,11,4
3554,1640,2024-10,-26,2
3555,2055,2024-10,43,3
3556,2235,2025-11,-40,2
3557,551,2025-07,52,1
3558,958,2024-07,-29,2
3559,3302,2025-04,-29,4
3560,2308,2024-09,42,5
3561,1855,2025-03,-48,3
3562,10,2024-04,-43,3
3563,132,2024-01,9,3
3564,1907,2025-12,-34,2
3565,280,2024-02,-23,4
3566,488,2024-10,-32,3
3567,1978,2024-05,25,1
3568,3292,2024-01,-33,2
3569,2861,2025-06,22,1
3570,1595,2024-07,-53,3
3571,3225,2025-08,79,3
3572,2076,2025-02,91,3
3573,3235,2025-04,-100,1
3574,815,2025-05,-79,5
3575,1982,2024-05,-80,1
3576,3160,2024-11,-64,2
3577,3362,2025-07,58,2
3578,2946,2024-06,-51,3
3579,513,2024-03,17,3
3580,2120,2024-10,-50,5
3581,325,2025-10,-88,5
3582,1311,2024-08,-84,1
3583,104,2024-10,89,3
3584,2601,2024-04,12,3
3585,2652,2025-06,30,5
3586,317,2024-09,-63,2
3587,3140,2024-05,-3,3
3588,2875,2024-03,32,5
3589,2877,2024-08,56,3
3590,1532,2024-05,32,4
3591,3219,2024-12,19,2
3592,3368,2024-11,25,4
3593,1878,2024-12,-25,1
3594,1297,2024-09,40,5
3595,2614,2024-03,-41,1
3596,152,2025-07,44,3
3597,1154,2025-02,-9,1
3598,16,2024-05,15,1
3599,2626,2024-02,-5,4
3600,148,2025-11,14,4
3601,2580,2025-11,43,2
3602,1938,2024-05,-44,1
3603,1492,2024-11,-5,1
3604,2162,2025-02,-19,5
3605,150,2024-11,-97,4
3606,2779,2025-09,71,2
3607,912,2025-02,37,2
3608,2886,2024-07,-91,N/A
3609,3032,2025-07,-87,5
3610,1887,2025-09,86,4
3611,2012,2024-02,70,5
3612,3164,2025-09,46,5
3613,1388,2025-05,42,2
3614,1362,2025-11,69,4
3615,3245,2025-10,20,2
3616,1384,2024-02,-99,2
3617,1256,2024-11,-9,5
3618,21,2024-02,-34,2
3619,1124,2024-01,-66,5
3620,856,2025-11,72,2
3621,2639,2024-06,31,5
3622,1714,2024-02,81,2
3623,1217,2025-11,-78,1
3624,3199,2024-10,96,3
3625,1529,2024-03,21,3
3626,1425,2024-07,14,2
3627,2475,2024-01,-64,2
3628,895,2025-05,25,5
3629,1474,2025-11,19,2
3630,2419,2024-10,41,4
3631,1104,2025-09,-70,1
3632,1471,2024-09,27,5
3633,53,2024-12,-82,4
3634,2721,2024-06,-86,1
3635,2948,2024-01,-6,3
3636,2290,2024-04,-77,4
3637,1804,2025-03,42,4
3638,3061,2024-03,-4,3
3639,2916,2025-08,-53,1
3640,1606,2025-11,-46,1
3641,2117,2024-07,0,5
3642,3215,2024-07,20,1
3643,688,2024-05,60,2
3644,2666,2024-10,15,5
3645,1244,2025-10,10,5
3646,319,2024-10,21,3
3647,1430,2025-07,20,4
3648,1775,2024-08,-30,3
3649,2534,2024-11,-56,1
3650,520,2024-12,5,3
3651,1878,2025-10,-75,4
3652,2266,2024-12,-52,4
3653,2181,2025-03,-71,3
3654,2852,2025-09,-2,5
3655,2580,2025-11,95,1
3656,1594,2025-10,75,3
3657,938,2024-03,-83,1
3658,3017,2024-03,65,1
3659,3021,2024-11,-70,5
3660,445,2024-09,83,4
3661,1553,2025-05,-59,5
3662,2576,2024-11,-75,3
3663,2265,2024-10,58,3
3664,2997,2024-03,67,1
3665,748,2024-09,-21,1
3666,3225,2025-02,9,1
3667,800,2025-05,58,2
3668,329,2024-05,71,3
3669,2518,2025-03,-16,2
3670,3179,2025-02,57,4
3671,1201,2024-07,59,4
3672,548,2025-10,59,3
3673,3001,2024-11,79,3
3674,326,2024-07,68,3
3675,2277,2025-05,-11,2
3676,434,2024-05,-37,4
3677,2280,2025-04,98,5
3678,391,2025-05,-11,1
3679,1303,2024-11,87,5
3680,1593,2024-05,100,3
3681,3092,2024-07,-97,1
3682,2436,2024-06,-72,5
3683,3236,2024-03,13,3
3684,1850,2025-12,-83,1
3685,884,2025-09,32,3
3686,1455,2025-01,-98,3
3687,1763,2025-08,69,2
3688,1932,2025-04,-14,4
3689,3107,2025-03,35,3
3690,3073,2025-06,-7,3
3691,347,2025-02,38,1
3692,2720,2025-02,36,2
3693,1020,2024-04,-42,1
3694,2013,2025-03,60,2
3695,3269,2024-11,64,4
3696,3023,2024-06,-36,5
3697,1662,2024-12,-88,2
3698,157,2025-09,-10,4
3699,3260,2024-12,32,4
3700,3108,2024-12,56,4
3701,1303,2024-06,-60,1
3702,471,2025-08,-4,2
3703,1807,2024-03,53,4
3704,2746,2025-09,5,2
3705,1556,2025-11,58,4
3706,73,2024-05,35,5
3707,1566,2025-02,-65,5
3708,1764,2025-03,-58,3
3709,3144,2025-09,59,2
3710,2767,2024-08,41,2
3711,2380,2025-05,68,3
3712,1386,2024-03,-41,4
3713,3240,2025-08,-90,5
3714,794,2025-07,-53,5
3715,1129,2024-06,-14,2
3716,2899,2024-04,-76,1
3717,3405,2024-03,-62,1
3718,2791,2025-08,-71,2
3719,2424,2025-03,-75,2
3720,3212,2024-09,-24,1
3721,450,2025-02,61,5
3722,2292,2025-02,-24,2
3723,1415,2024-03,-42,1
3724,2049,2024-11,10,3
3725,852,2025-03,29,1
3726,1675,2025-03,-30,5
3727,807,2024-05,-100,5
3728,2204,2025-11,-41,5
3729,3184,2024-03,-85,2
3730,202,2025-09,-71,4
3731,3288,2025-12,22,1
3732,2259,2025-07,-64,1
3733,49,2025-02,-26,3
3734,1984,2024-05,-22,4
3735,473,2024-08,76,1
3736,2749,2025-02,-70,5
3737,952,2024-03,-84,3
3738,197,2025-05,7,4
3739,2904,2025-11,25,1
3740,1838,2025-06,0,5
3741,2094,2025-11,41,3
3742,2849,2024-12,73,3
3743,1937,2024-07,22,4
3744,2728,2024-01,8,5
3745,2050,2024-11,36,1
3746,96,2024-03,-58,1
3747,3256,2025-04,-50,3
3748,3287,2025-08,-26,4
3749,945,2024-03,54,5
3750,2228,2025-01,71,1
3751,423,2025-01,11,2
3752,976,2024-08,24,4
3753,2082,2024-06,58,5
3754,1192,2025-06,-52,2
3755,3319,2024-06,-76,5
3756,269,2024-01,50,5
3757,2432,2025-03,-75,2
3758,2099,2024-02,-69,5
3759,3056,2024-08,-21,3
3760,2772,2024-03,57,5
3761,3070,2025-02,-22,5
3762,2719,2024-06,-77,2
3763,751,2024/07,-75,4
3764,1455,2024-10,-50,3
3765,2349,2024-12,-84,4
3766,3422,2025-06,-35,1
3767,2954,2025-11,-84,2
3768,2226,2025-03,69,2
3769,348,2024-12,-90,5
3770,1442,2025-03,-61,2
3771,2232,2025-01,-94,2
3772,2644,2024-01,-42,4
3773,932,2024-12,62,4
3774,1601,2025-06,16,4
3775,2815,2025-09,87,5
3776,2856,2024-03,23,5
3777,765,2025-05,-15,2
3778,869,2024-03,92,5
3779,1279,2024-01,-63,3
3780,2206,2024-02,-78,5
3781,2318,2024-03,-34,4
3782,2601,2024-03,86,1
3783,1904,2025-02,64,5
3784,3144,2025-11,7,3
3785,411,2025-07,86,3
3786,1798,2025-06,29,2
3787,772,2024-03,-53,4
3788,1847,2025-11,-99,5
3789,3035,2025-01,-94,1
3790,3032,2024-01,70,2
3791,3387,2025-04,-38,1
3792,1678,2025-05,-16,1
3793,2377,2024-10,-23,1
3794,1634,2025-06,-83,2
3795,34,2025-05,-100,3
3796,971,2025-02,46,5
3797,2547,2024-09,36,3
3798,185,2025-12,-55,2
3799,2202,2025-03,-75,1
3800,1571,2024-12,3,5
3801,1411,2025-07,-84,1
3802,2520,2024-06,-42,4
3803,782,2025-11,44,2
3804,888,2025-06,-66,4
3805,568,2025-04,54,5
3806,372,2024-07,77,5
3807,287,2024-09,-64,1
3808,356,2025-11,33,3
3809,2190,2025-06,54,3
3810,1028,2024-03,4,5
3811,1156,2025-08,-41,4
3812,2580,2024-03,97,1
3813,1775,2024-10,-39,5
3814,265,2024-11,-51,2
3815,1799,2024-09,-76,4
3816,2265,2024-12,82,1
3817,2081,2024-04,-55,2
3818,2974,2025-04,-74,1
3819,2037,2025-05,-93,1
3820,2783,2025-09,-42,5
3821,1778,2024-11,35,1
3822,2181,2025-01,37,4
3823,532,2024-04,71,4
3824,3399,2024-09,34,1
3825,93,2025-02,-91,2
3826,3317,2024-10,69,3
3827,1974,2025-12,-49,2
3828,1156,2024-07,92,5
3829,1450,2024-02,-31,1
3830,263,2025-09,-97,4
3831,1405,2025-01,-22,3
3832,244,2024-02,-10,2
3833,1473,2025-11,65,2
3834,468,2024-05,10,4
3835,389,2025-12,-92,2
3836,2441,2024-09,-91,4
3837,614,2024-09,23,1
3838,1148,2024-06,-84,2
3839,2268,2024-05,6,3
3840,1729,2025-08,80,2
3841,1760,2024-11,68,1
3842,1514,2025-02,26,2
3843,2089,2024-08,-39,3
3844,2236,2024-11,3,5
3845,443,2024-12,-80,4
3846,3299,2024-08,48,5
3847,2789,2025-03,-74,3
3848,1453,2024-12,-90,1
3849,1277,2025-07,26,1
3850,2486,2025-07,15,4
3851,2100,2025-04,9,4
3852,2750,2024-03,-5,5
3853,1595,2025-10,19,3
3854,1512,2025-05,-12,5
3855,1605,2025-06,-73,2
3856,1013,2025-04,14,5
3857,2667,2025-01,-92,1
3858,2728,2025-02,-88,3
3859,378,2024-03,13,5
3860,320,2025-11,41,4
3861,257,2025-08,-84,2
3862,1128,2025-10,-25,5
3863,347,2025-06,86,N/A
3864,1952,2024-07,57,5
3865,3409,2024-09,61,1
3866,2415,2025-09,31,5
3867,3176,2024-06,-64,4
3868,509,2025-03,-23,1
3869,2400,2025-04,20,2
3870,2496,2024-05,33,5
3871,1533,2024-03,-74,4
3872,2554,2024-01,95,1
3873,292,2025-07,88,1
3874,2109,2024-07,-93,2
3875,2812,2024-06,18,2
3876,1347,2025-10,-72,4
3877,649,2025-03,-37,4
3878,35,2024-01,78,2
3879,935,2024-08,36,2
3880,2813,2024-12,-30,1
3881,2880,2024-12,-100,1
3882,2113,2025-07,68,5
3883,882,2025-08,-43,4
3884,891,2024-01,21,4
3885,2893,2024-07,-53,5
3886,1999,2025-03,58,1
3887,2692,2024-01,-31,2
3888,1269,2025-02,48,4
3889,2868,2024-02,-83,4
3890,1613,2025-02,23,4
3891,2310,2024-02,94,2
3892,2916,2025-06,-5,1
3893,1207,2024-12,-6,3
3894,2699,2025-11,37,4
3895,2238,2024-02,72,4
3896,1704,2025-09,63,1
3897,2840,2024-10,-89,4
3898,1507,2024-12,-41,4
3899,2567,2025-05,69,2
3900,262,2025-03,95,2
3901,2953,2025-10,31,1
3902,3304,2025-08,-100,1
3903,3369,2024-06,36,3
3904,2892,2024-07,90,2
3905,2364,2025-10,62,4
3906,2539,2025-08,45,3
3907,3179,2025-12,5,3
3908,2501,2025-10,81,5
3909,931,2025-04,27,1
3910,547,2025-12,2,1
3911,3335,2025-06,80,2
3912,477,2025-10,-100,1
3913,3118,2024-12,-75,4
3914,3206,2025-12,69,2
3915,142,2024-02,-89,1
3916,2765,2025-10,80,1
3917,2023,2025-12,97,5
3918,1335,2025-07,-48,2
3919,1723,2025-11,77,3
3920,1468,2024-11,9,1
3921,2794,2024-08,3,4
3922,1410,2024-04,85,4
3923,433,2024-05,56,2
3924,1360,2025-09,78,5
3925,1808,2024-02,77,2
3926,1543,2024-05,46,5
3927,1717,2024-12,-7,5
3928,3381,2024-09,-63,3
3929,1355,2025-11,-81,3
3930,2802,2024-01,-50,5
3931,3399,2024-01,-4,1
3932,2845,2024-07,-73,3
3933,1848,2025-03,-30,5
3934,3389,2024-09,59,2
3935,1416,2025-09,-96,2
3936,957,2024-03,-39,5
3937,2934,2024-10,92,4
3938,3148,2025-04,-35,3
3939,477,2025-03,43,1
3940,1095,2025-01,22,1
3941,985,2024-11,57,5
3942,2809,2024-03,46,3
3943,956,2024-02,19,5
3944,2272,2024-02,95,1
3945,3198,2025-01,-46,2
3946,3117,2025-10,-44,1
3947,3016,2024-03,17,1
3948,1813,2024-02,43,1
3949,2078,2025-05,36,3
3950,2485,2025-01,92,2
3951,1095,2024-08,20,1
3952,1717,2024-01,53,5
3953,1604,2025-08,-75,3
3954,2743,2025-04,-93,3
3955,1957,2025-03,63,4
3956,1526,2024-06,-11,3
3957,1850,2025-11,-41,1
3958,590,2024-02,50,3
3959,877,2025-06,-21,5
3960,2743,2025-06,-95,4
3961,447,2025-06,10,4
3962,2339,2025-03,-75,3
3963,3109,2024-08,96,2
3964,2342,2024-11,-35,3
3965,2195,2024-11,-38,3
3966,2458,2025-09,69,3
3967,497,2025-06,-92,5
3968,470,2024-12,36,1
3969,3391,2025-06,95,3
3970,1462,2025-12,-94,2
3971,1409,2025-05,92,5
3972,543,2024-09,24,1
3973,2511,2024-01,-61,1
3974,117,2025-10,71,4
3975,606,2024-01,66,2
3976,769,2025-01,97,2
3977,3195,2024-02,84,3
3978,3255,2025-10,22,5
3979,272,2024-01,-98,1
3980,478,2025-05,50,3
3981,3274,2025-07,51,2
3982,2173,2025-06,55,1
3983,2491,2025-02,-64,3
3984,1944,2025-03,47,5
3985,779,2025-01,66,2
3986,2502,2025-07,-85,2
3987,620,2024-03,-96,1
3988,100,2025-10,-84,4
3989,2868,2025-07,38,2
3990,1302,2025-12,-40,3
3991,137,2024-03,64,1
3992,1488,2024-06,92,4
3993,392,2024-06,-93,1
3994,1614,2024-10,48,1
3995,2305,2025-08,52,1
3996,1159,2025-07,-85,4
3997,265,2025-05,-77,5
3998,3050,2024-10,61,3
3999,1854,2024-03,-85,1
4000,80,2025-05,-60,5
4001,1967,2024-02,85,1
4002,3164,2024-05,46,2
4003,62,2024-10,85,5
4004,2695,2025-07,-45,2
4005,1292,2025-03,48,4
4006,2424,2024-03,22,2
4007,98,2024-06,78,2
4008,3107,2025-09,-55,2
4009,3312,2025-03,-97,5
4010,1884,2025-04,-20,3
4011,738,2024-09,2,5
4012,518,2025-08,15,5
4013,2363,2025-03,75,4
4014,2718,2024-02,37,2
4015,2308,2025-06,79,3
4016,1690,2024-07,46,2
4017,2645,2025-09,-27,3
4018,2526,2025-04,64,4
4019,1149,2024-05,-35,5
4020,2661,2024-01,63,4
4021,632,2024-03,40,3
4022,2810,2024-06,-56,5
4023,1817,2024-03,-88,5
4024,2560,2025-04,78,2
4025,2379,2024-04,56,1
4026,329,2024-11,-90,3
4027,2587,2024-08,-50,4
4028,2685,2025-04,-4,2
4029,168,2024-01,4,5
4030,774,2024-10,-25,5
4031,2578,2025-08,-62,1
4032,1237,2024-06,34,2
4033,386,2025-09,47,2
4034,2927,2024-05,28,5
4035,1797,2025-06,92,4
4036,1351,2024-07,-21,4
4037,1903,2024-09,8,4
4038,1370,2025-01,-37,4
4039,436,2025-05,91,4
4040,1925,2025-01,-16,4
4041,3302,2025-02,-20,5
4042,3260,2024-07,49,3
4043,2186,2025-04,-43,1
4044,557,2024-02,-27,3
4045,767,2024-03,68,4
4046,1081,2024-04,-96,5
4047,175,2025-09,-93,4
4048,480,2025-03,74,2
4049,2655,2024-09,-44,2
4050,1470,2025-04,56,5
4051,2882,2024-07,38,2
4052,212,2025-06,-60,1
4053,311,2024-10,-63,4
4054,2363,2025-03,97,3
4055,882,2024-06,78,4
4056,774,2024-01,-49,3
4057,2201,2025-12,-4,4
4058,3128,2025-04,73,2
4059,1435,2025-04,-51,3
4060,2612,2025-03,32,1
4061,1174,2025-10,-26,4
4062,2874,2024-01,77,3
4063,1454,2025-11,-43,2
4064,520,2024-12,-13,3
4065,1731,2025-02,40,2
4066,1002,2025-11,34,4
4067,633,2025-08,-78,3
4068,630,2024-09,-83,4
4069,1330,2025-10,71,4
4070,34,2024-02,53,5
4071,240,2024-04,-71,5
4072,2020,2024-06,30,2
4073,21,2024-07,-44,3
4074,2645,2025-05,-19,3
4075,3341,2024-10,25,4
4076,630,2025-09,28,1
4077,188,2025-03,-29,5
4078,721,2025-03,66,2
4079,149,2025-07,2,3
4080,923,2024-10,63,2
4081,3049,2024-09,14,3
4082,2808,2024-03,-29,2
4083,3343,2025-09,-48,5
4084,2781,2024-06,-98,2
4085,2893,2025-04,7,2
4086,2029,2025-07,11,1
4087,478,2024-09,88,4
4088,2634,2024-04,-48,5
4089,2191,2025-05,-100,3
4090,3296,2024-08,79,5
4091,2387,2025-09,19,3
4092,1869,2024-11,-91,4
4093,2643,2024-09,-36,5
4094,2248,2025-06,95,4
4095,387,2024-10,73,1
4096,2095,2025-08,11,5
4097,1339,2025-05,-81,1
4098,558,2025-10,30,1
4099,946,2024-11,-88,2
4100,2859,2024-03,-22,4
4101,2242,2024-05,-19,5
4102,200,2024-01,56,3
4103,1177,2025-09,35,2
4104,2349,2024-06,-4,3
4105,1743,2024-05,-99,4
4106,2659,2025-03,-97,2
4107,2146,2024-06,63,2
4108,128,2025-12,30,2
4109,2966,2025-09,-33,3
4110,1954,2024-11,50,4
4111,3155,2025-04,84,3
4112,755,2024-10,-98,1
4113,2376,2024-11,82,2
4114,101,2024-12,-51,1
4115,536,2024-10,53,2
4116,3024,2024-11,18,3
4117,3045,2024-05,48,2
4118,3269,2025-04,-77,1
4119,701,2024-02,20,1
4120,3056,2025-10,94,4
4121,183,2025-10,59,3
4122,1373,2024-05,60,5
4123,1498,2024-02,-65,3
4124,2715,2024-12,-45,2
4125,2345,2024-02,64,1
4126,1230,2024-10,-19,4
4127,512,2025-07,13,2
4128,1251,2024-08,-67,3
4129,1026,2025-10,57,3
4130,2296,2024-01,-11,1
4131,275,2025-06,-1,5
4132,1409,2025-01,91,1
4133,2118,2024-06,26,4
4134,2214,2024-11,-12,1
4135,2426,2024-07,-32,5
4136,981,2025-03,20,2
4137,1780,2025-12,-15,3
4138,338,2025-01,-55,1
4139,1523,2025-05,-27,5
4140,3364,2025-03,-43,2
4141,2904,2025-08,48,1
4142,2133,2025-02,1,2
4143,1436,2024-11,-60,3
4144,3086,2024-03,-70,2
4145,1514,2025-07,87,2
4146,2615,2025-10,78,1
4147,1978,2025-12,66,4
4148,74,2025-06,47,2
4149,2411,2024-09,73,5
4150,3060,2025-05,30,3
4151,2662,2024-08,83,4
4152,2106,2025-10,84,2
4153,140,2024-02,-13,1
4154,80,2025-10,-51,4
4155,2916,2025-06,79,4
4156,1627,2025-10,66,5
4157,1546,2024-06,-11,4
4158,2196,2025-01,82,4
4159,3103,2024-07,-80,1
4160,1496,2025-06,65,5
4161,1837,2025-04,-91,1
4162,1914,2025-05,-80,4
4163,1630,2025-06,-88,4
4164,2249,2024/02,-84,5
4165,670,2024-10,-63,2
4166,1278,2024-07,-28,3
4167,1609,2025-11,-28,1
4168,1779,2025-01,-16,2
4169,1689,2024-04,96,5
4170,1434,2024-10,2,2
4171,3064,2025-01,-52,5
4172,2743,2024-08,-73,1
4173,3039,2025-03,83,2
4174,2037,2025-07,-45,2
4175,1666,2025-03,62,5
4176,1476,2025-02,58,3
4177,2972,2025-04,73,5
4178,2281,2024-07,-71,5
4179,2927,2025-04,57,3
4180,2912,2024-02,57,4
4181,3249,2025-08,95,4
4182,1868,2024-10,42,3
4183,1239,2025-08,-76,5
4184,3112,2024-07,-8,3
4185,727,2025-12,-4,4
4186,1107,2025-01,-5,2
4187,3233,2025-11,-32,2
4188,2446,2024-08,61,2
4189,2004,2025-01,-43,1
4190,1817,2025-06,-11,5
4191,1599,2025-05,-11,3
4192,3070,2024-07,29,4
4193,1410,2024-10,-4,1
4194,1643,2024-06,95,4
4195,291,2025-04,98,1
4196,393,2024-10,-7,4
4197,700,2024-01,-47,3
4198,1027,2024-08,52,1
4199,999,2024-09,83,2
4200,2284,2025-02,78,1
4201,1889,2025-10,-67,1
4202,15,2025-12,-90,5
4203,1770,2025-05,33,5
4204,282,2025-10,-40,5
4205,1860,2024-01,-39,1
4206,172,2025-09,-94,3
4207,262,2025-01,93,4
4208,2830,2024-09,-100,2
4209,34,2024-09,27,3
4210,3331,2024-09,85,2
4211,1587,2025-08,-88,5
4212,2830,2024-12,23,2
4213,663,2024-03,85,2
4214,1599,2025-10,-18,4
4215,3055,2025-03,-41,2
4216,265,2024-10,41,5
4217,1476,2025-06,86,4
4218,421,2024-09,12,5
4219,1206,2025-03,-98,3
4220,3325,2024-01,37,5
4221,1864,2024-07,-57,5
4222,1144,2024-09,98,5
4223,2153,2025-08,-45,1
4224,965,2025-07,27,5
4225,281,2025-08,38,2
4226,1936,2024-12,-11,5
4227,2540,2024-09,60,1
4228,613,2025-01,80,1
4229,472,2024-07,26,4
4230,2048,2025-01,51,1
4231,1325,2025-04,-88,2
4232,3205,2025-12,-52,3
4233,1223,2024-09,-13,2
4234,1344,2024-03,-74,4
4235,1950,2024-09,-1,4
4236,3350,2025-08,-86,4
4237,2362,2024-11,-28,2
4238,2282,2024-10,-88,1
4239,2743,2024-11,-16,1
4240,2795,2024-07,-19,2
4241,1806,2025-08,-3,2
4242,982,2025-05,99,4
4243,533,2025-11,11,5
4244,1943,2024-03,-71,2
4245,2384,2025-06,26,3
4246,1255,2024-02,96,5
4247,1640,2024-03,-58,3
4248,1526,2025-09,-84,2
4249,2018,2024-09,81,3
4250,2805,2024-08,-66,1
4251,1520,2024-05,66,N/A
4252,1779,2024-03,-14,5
4253,1426,2025-04,58,1
4254,1034,2025-01,43,2
4255,2403,2025-03,61,1
4256,2113,2024-04,52,5
4257,1796,2025-12,5,5
4258,1010,2024-01,-51,2
4259,2973,2024-11,91,3
4260,2757,2025-01,-63,4
4261,2547,2024-03,-27,5
4262,2794,2025-02,-44,5
4263,1632,2025-03,-16,4
4264,2151,2025-01,-50,3
4265,734,2024-09,64,4
4266,2682,2025-11,-13,4
4267,61,2024-05,74,3
4268,1742,2025-06,-94,2
4269,704,2024-09,-10,1
4270,2040,2024-10,17,3
4271,964,2024-06,70,5
4272,3303,2025-05,46,5
4273,405,2024-05,27,3
4274,2817,2024-09,69,5
4275,2292,2024-12,-23,1
4276,3412,2024-01,92,5
4277,1117,2025-08,82,2
4278,2415,2024-08,82,2
4279,104,2025-10,1,2
4280,2319,2025-04,-82,2
4281,1497,2024-07,70,2
4282,2489,2025-04,-17,3
4283,2687,2024-11,63,1
4284,1667,2024-12,-89,2
4285,1164,2025-09,-81,2
4286,2443,2025-04,-30,1
4287,3091,2025-12,75,5
4288,1231,2025-11,-94,3
4289,2921,2025-09,-68,3
4290,1520,2024-12,-1,3
4291,3047,2024-12,63,2
4292,2223,2025-10,-69,2
4293,2288,2025-09,51,1
4294,2358,2024-09,-2,5
4295,2763,2025-05,48,4
4296,2950,2025-03,44,4
4297,1333,2024-03,85,4
4298,2555,2024-03,-89,5
4299,2375,2024-03,20,1
4300,2027,2024-07,-9,4
4301,767,2025-11,-32,5
4302,1595,2024-08,48,5
4303,702,2025-11,19,2
4304,468,2024-11,-11,3
4305,3232,2024-12,39,2
4306,2480,2024-07,15,1
4307,1880,2025-04,-27,2
4308,1514,2025-03,-33,2
4309,246,2024-08,-49,5
4310,1203,2025-07,-41,3
4311,676,2025-05,-2,5
4312,1844,2025-06,-64,5
4313,1581,2024-11,80,4
4314,3300,2025-04,16,3
4315,2898,2024-09,26,3
4316,2059,2025-12,15,4
4317,3069,2024-11,80,2
4318,1129,2024-07,64,3
4319,389,2024-11,-5,2
4320,1920,2025-11,-31,2
4321,213,2025-11,90,2
4322,3230,2024-09,20,1
4323,417,2025-10,59,5
4324,2934,2024-08,-72,5
4325,2300,2024-05,-29,4
4326,846,2024-06,-47,4
4327,1825,2024-07,-10,3
4328,1863,2024-08,1,3
4329,2528,2024-08,100,5
4330,1462,2024-10,-79,1
4331,2033,2024-01,91,1
4332,1424,2024-10,63,5
4333,329,2025-01,-18,1
4334,2435,2024-10,-44,4
4335,883,2024-12,67,2
4336,956,2024-06,-73,4
4337,1136,2024-03,82,5
4338,1941,2025-10,89,3
4339,2424,2025-12,-50,1
4340,2791,2024-10,12,3
4341,2045,2025-07,4,1
4342,1363,2024-04,54,5
4343,3243,2024-05,52,2
4344,1627,2025-01,99,5
4345,499,2025-05,-85,5
4346,2746,2025-05,64,2
4347,3215,2024-09,61,2
4348,996,2025-10,49,5
4349,755,2025-04,-58,4
4350,1206,2024-08,49,3
4351,1177,2024-12,-4,5
4352,660,2024-08,-44,2
4353,119,2024-04,-25,4
4354,643,2024-01,-17,2
4355,1016,2024-12,48,1
4356,646,2024-01,-60,2
4357,684,2025-12,-54,1
4358,3231,2025-10,-26,5
4359,745,2025-06,-7,2
4360,2815,2025-07,90,5
4361,1960,2025-04,-47,4
4362,1494,2025-06,82,2
4363,2675,2025-09,-89,5
4364,58,2025-01,2,1
4365,2552,2025-08,69,1
4366,1426,2024-06,-38,5
4367,2840,2025-10,-55,2
4368,3296,2025-05,21,1
4369,2505,2024-03,-54,1
4370,392,2024-05,-97,5
4371,3345,2024-04,-91,3
4372,2603,2024-06,-4,3
4373,64,2025-08,1,2
4374,652,2025-08,-95,1
4375,3384,2025-12,-46,5
4376,2866,2024-04,52,2
4377,1404,2025-02,13,2
4378,3277,2025-08,22,5
4379,1637,2025-12,45,1
4380,2971,2024-03,81,3
4381,1978,2025-04,-91,3
4382,2262,2024-02,-3,4
4383,30,2024-03,-60,5
4384,3323,2025-09,34,1
4385,623,2025-11,-22,2
4386,731,2024-05,-70,2
4387,1528,2025-09,76,5
4388,2587,2025-10,3,3
4389,2636,2025-01,-78,3
4390,2147,2024-05,-55,2
4391,2981,2025-06,49,3
4392,2376,2025-02,-6,4
4393,506,2024-09,91,3
4394,2684,2025-09,-90,4
4395,901,2025-03,-85,5
4396,1780,2024-07,38,5
4397,2081,2024-10,-34,3
4398,1344,2024-08,75,5
4399,1237,2025-01,54,2
4400,918,2024-07,-96,1
4401,1021,2025-04,87,4
4402,3378,2024-11,91,4
4403,1313,2024-02,-51,1
4404,1620,2024-01,23,2
4405,2403,2024-03,29,2
4406,852,2024-04,-93,3
4407,681,2024-02,47,2
4408,720,2025-04,94,4
4409,213,2025-03,-19,3
4410,1546,2024-01,98,5
4411,12,2024-10,34,5
4412,1297,2024-08,47,2
4413,1804,2025-01,10,3
4414,884,2025-03,38,4
4415,857,2025-01,88,3
4416,2058,2024-10,18,5
4417,1924,2024-01,8,1
4418,2702,2025-08,-66,5
4419,3018,2025-08,3,5
4420,851,2025-09,73,2
4421,1006,2025-05,34,2
4422,1797,2024-08,43,1
4423,629,2025-05,-70,1
4424,2495,2025-10,70,2
4425,6,2024-01,6,5
4426,1259,2025-01,-9,4
4427,3362,2025-04,-90,5
4428,2514,2025-12,79,2
4429,1771,2025-01,26,2
4430,13,2025-10,-38,5
4431,2748,2025-07,7,3
4432,1527,2025-07,82,1
4433,2939,2024-03,68,4
4434,2685,2025-01,-41,1
4435,3409,2025-06,60,1
4436,404,2024-03,-99,5
4437,2945,2025-12,-14,5
4438,2438,2025-05,10,4
4439,1008,2025-09,32,2
4440,2893,2025-04,-100,1
4441,1933,2025-10,-40,3
4442,2260,2025-10,-49,3
4443,3298,2024-02,-23,1
4444,1963,2025-11,39,4
4445,2170,2025-01,-85,1
4446,2965,2024-12,50,3
4447,2635,2024-06,-80,1
4448,2196,2024-10,1,1
4449,3106,2025-02,64,2
4450,3119,2025-01,76,3
4451,2102,2025-05,95,5
4452,338,2025-05,-14,1
